Review Title,Aircraft,Type of Traveller,Seat Type,Route,Date Flown,Seat Comfort,Cabin Staff Service,Food Beverages,Inflight Entertainment,Ground Service,Value For Money
"""fairly horrendous experience""",No Aircraft,Couple Leisure,Business Class,Orlando to Gatwick,February 2026,3,1,1,3,1,2
"""get a better service from Jet2 or EasyJet""",A320,Family Leisure,Economy Class,Sharm El Sheikh to London Gatwick,February 2026,2,1,No rating,No rating,1,2
"""don't honour what their staff say""",A380,Couple Leisure,Economy Class,Johannesburg to London,February 2026,1,5,3,1,3,1
“experience was deeply disappointing”,No Aircraft,Family Leisure,Economy Class,Brussels to Dubai via London,February 2026,No rating,No rating,No rating,No rating,1,1
"""Outstanding cabin crew""",Boeing 777-200,Solo Leisure,Business Class,Mumbai to London Heathrow,February 2026,5,5,4,3,2,5
"""Avoid the BA Cityflyer Embraers""",Embraer E190,Family Leisure,Business Class,Stansred to Florence,February 2026,1,4,No rating,No rating,5,5
"""could not use my return flight""",No Aircraft,Couple Leisure,Economy Class,Vancouver to Rome via London,October 2025,No rating,No rating,No rating,No rating,No rating,3
"""snooty and superior about BA staff""",No Aircraft,Couple Leisure,Economy Class,London Gatwick to Grenada via St Lucia,January 2026,2,3,2,2,4,3
"""professional and friendly""",Boeing 777-200,Solo Leisure,Business Class,London Heathrow to Mumbai,February 2026,5,4,4,3,5,5
"""let down by old club world seats""",No Aircraft,Couple Leisure,Business Class,Gatwick to Orlando,January 2026,2,4,3,No rating,4,4
"""common for cheaper budget flights""",A321neo,Couple Leisure,Economy Class,Frankfurt to London Heathrow,January 2026,4,3,No rating,No rating,2,3
"""shocking waste of my money to pay for Club""",No Aircraft,Couple Leisure,Business Class,London Gatwick to Gran Canaria,January 2026,3,5,1,No rating,1,1
"""the experience was abysmal""",A320,Solo Leisure,Economy Class,Gatwick to Porto,January 2026,1,1,1,No rating,1,1
"""wouldn't let me add a bag""",No Aircraft,Solo Leisure,Economy Class,Marseille to London,January 2026,2,4,No rating,No rating,5,1
"""its competitors have lifted their game""",Boing 777-300ER,Solo Leisure,First Class,Sydney to Singapore,December 2025,5,5,4,4,4,4
“impossible to talk to someone”,No Aircraft,Solo Leisure,Economy Class,Porto to Gatwick,December 2025,No rating,No rating,No rating,No rating,1,1
"""treated like garbage by them """,No Aircraft,Family Leisure,Economy Class,Milan to Washington Dulles via London Heathrow,January 2026,3,3,3,3,1,1
"""Poor baggage handling""",No Aircraft,Couple Leisure,Economy Class,Phoenix to London,January 2026,3,5,5,5,1,2
"""departed with a 30-minute delay""",No Aircraft,Couple Leisure,Economy Class,London Heathrow to Geneva,January 2026,1,No rating,No rating,No rating,1,1
"""we were downgraded""",No Aircraft,Family Leisure,Business Class,Mumbai to London,December 2025,1,1,1,1,1,1
"""stressful and costly travel experiences""",No Aircraft,Couple Leisure,Economy Class,Dusseldorf to London,December 2025,1,No rating,No rating,No rating,1,1
British Airways customer review,No Aircraft,Family Leisure,Business Class,Innsbruck to heathrow,December 2025,3,4,3,No rating,1,1
"""a fantastic experience""",Boeing 777-300ER,Couple Leisure,First Class,Singapore to London,December 2025,5,5,4,5,5,5
“a very good experience”,Boeing 777,Solo Leisure,Business Class,Cape Town to Manchester via London,December 2025,5,5,4,5,5,4
"""flights were delayed'",A319/A320,Business,Economy Class,BRU to MAN via LHR,December 2025,1,1,No rating,No rating,1,1
"""delayed for 1 hr 20mins""",A321,Solo Leisure,Economy Class,Gatwick to Lyon,December 2025,2,4,No rating,No rating,1,1
"""the worst customer service""",No Aircraft,Couple Leisure,Economy Class,Amsterdam to Rio de janeiro via London,December 2025,No rating,No rating,No rating,No rating,No rating,1
"""crew were well and truly shocking""",A380,Couple Leisure,Economy Class,Dubai to London,December 2025,2,1,1,3,2,1
"""good premium economy experience""",Boeing 777,Business,Premium Economy,London to New York,December 2025,4,5,5,4,4,4
“Never again”,Boeing 777,Solo Leisure,Business Class,San Francisco  to London,October 2025,3,2,No rating,No rating,1,2
“not able to check-in online”,A320,Business,Business Class,Basel to London,November 2025,3,5,5,No rating,No rating,1
"""a very budget airline these days""",Boeing 777,Couple Leisure,Economy Class,St Lucia to London Gatwick,November 2025,1,1,1,3,3,3
"""a nice experience""",No Aircraft,Solo Leisure,Economy Class,London to New Orleans,November 2025,4,5,4,4,3,3
"""it appears bullying is ok""",No Aircraft,Couple Leisure,Economy Class,Gatwick to Tenerife South,November 2025,1,1,No rating,No rating,1,1
“crew terribly disorganised and inattentive”,A321,Solo Leisure,Business Class,Málaga to London,November 2025,3,1,3,No rating,4,3
"""BA was going to be cheap""",A320neo,Family Leisure,Economy Class,Heathrow to Florence,October 2025,4,5,No rating,No rating,3,5
“Two hours of hell”,No Aircraft,Couple Leisure,Economy Class,Alicante to Gatwick,October 2025,1,2,1,No rating,4,3
"""overall experience was good""",No Aircraft,Solo Leisure,Economy Class,London to Washington,June 2025,5,4,3,2,5,4
"""seat is unsuitable for use""",A320,Couple Leisure,Economy Class,London Heathrow to Palma,September 2025,1,1,1,No rating,2,2
British Airways customer review,No Aircraft,Family Leisure,Economy Class,London Gatwick to Accra,July 2025,1,1,1,1,1,1
"""I couldn't fit in the seat""",A320,Solo Leisure,Economy Class,London Heathrow to Warsaw,October 2025,1,3,1,No rating,3,1
"""a horrible experience""",No Aircraft,Family Leisure,Business Class,Boston to Johannesburg via London Heathrow,September 2025,1,3,2,1,1,1
"""an airline in decline""",Boeing 777-200,Business,Business Class,London to Baltimore Washington,October 2025,3,1,1,1,1,1
"""refusing to refund my payment""",No Aircraft,Solo Leisure,Economy Class,Dublin to Chennai via London,September 2025,1,1,No rating,No rating,2,1
“ going to refund $100”,No Aircraft,Solo Leisure,Premium Economy,Chicago to Chennai via London Heathrow,September 2025,No rating,No rating,No rating,No rating,No rating,1
“disappointed with the service”,B789,Solo Leisure,Economy Class,Dubai to London Heathrow,September 2025,4,2,4,4,4,4
"""experience was uninspiring""",A320,Couple Leisure,Business Class,Heathrow to Manchester,September 2025,2,2,2,No rating,2,2
“overall demeanour was indifferent”,Boeing 777-300ER (77W),Couple Leisure,Business Class,Vancouver to London,September 2025,3,2,2,No rating,3,2
"""Seats are extremely hard""",No Aircraft,Solo Leisure,Economy Class,Warsaw to Heathrow,September 2025,1,2,No rating,No rating,1,1
"""had a great flight""",Boeing 777-200,Family Leisure,Business Class,London to Toronto,August 2025,5,5,5,5,5,5
"""Very good food""",A319,Family Leisure,Business Class,Nice to London,August 2025,5,5,5,1,5,5
“friendly and extremely professional”,A320,Solo Leisure,Economy Class,Tenerife to Heathrow,August 2025,3,5,No rating,No rating,5,5
“crew very professional and polite”,A320neo,Solo Leisure,Business Class,Heathrow to Bodrum,August 2025,1,5,5,No rating,4,3
"""going to take my custom elsewhere""",No Aircraft,Business,Premium Economy,London to Hyderabad,September 2025,No rating,No rating,No rating,No rating,No rating,1
"""feel as if I've been ripped off""",Boeing 777,Family Leisure,Premium Economy,Toronto to London,July 2025,3,5,3,3,4,1
"""poor baggage drop experience""",A320,Solo Leisure,Economy Class,London Heathrow to Inverness,July 2025,2,2,2,No rating,1,2
"""an absolute pleasure""",A320,Solo Leisure,Economy Class,Dublin to London,August 2025,5,5,No rating,No rating,5,4
"""choosing another airline in future""",A320,Family Leisure,Economy Class,Gatwick to Larnaca,July 2025,3,3,1,No rating,1,1
"""Flight was one hour late""",A320,Solo Leisure,Economy Class,Inverness to Heathrow,August 2025,1,2,No rating,No rating,1,1
"""still waiting for my luggage""",No Aircraft,Solo Leisure,Economy Class,Mumbai to Dublin via London,July 2025,3,2,4,4,2,3
"""Asked the airline for a refund""",A320,Couple Leisure,Economy Class,Salzburg to Gatwick,July 2025,4,1,3,No rating,2,2
"""charges a lot to pick a seat""",A350,Family Leisure,Business Class,Philadelphia to London,June 2025,5,3,2,3,3,3
"""friendly, professional, and efficient""",A320,Solo Leisure,Business Class,Amsterdam to London Heathrow,July 2025,5,4,4,No rating,5,5
"""initially delayed then cancelled""",A320,Solo Leisure,Economy Class,London to Manchester,July 2025,2,2,No rating,No rating,1,1
"""result was a poor experience""",A380,Family Leisure,Business Class,Miami to London Heathrow,July 2025,2,2,2,1,4,2
"""video systems stopped working""",A380,Family Leisure,Premium Economy,London to San Francisco,June 2025,5,4,4,1,5,3
"""substituted clotted cream for butter""",A380,Family Leisure,Business Class,London to Miami,July 2025,4,3,3,4,4,4
“service was inconsistent”,No Aircraft,Business,Business Class,Thessaloniki to London,July 2025,1,2,1,1,1,1
“consistently incorrect information”,No Aircraft,Solo Leisure,Economy Class,London to Mumbai,June 2025,1,2,2,No rating,1,1
"""I was very disappointed""",No Aircraft,Family Leisure,Business Class,London to Tokyo,May 2025,3,1,3,No rating,2,1
“great service from the crew”,Boeing 787,Couple Leisure,Business Class,London to Singapore,June 2025,5,5,4,4,2,4
"""Mumbai check in is not helpful""",No Aircraft,Business,Economy Class,Mumbai to London,June 2025,3,3,2,No rating,1,3
"""arrived 20 min ahead of schedule""",A320,Solo Leisure,Business Class,London Heathrow to Düsseldorf,June 2025,3,5,4,No rating,5,4
"""crowded buses to take us to plane""",No Aircraft,Solo Leisure,Economy Class,London to Lyon,June 2025,2,4,No rating,No rating,1,1
“excellent service from the cabin crew”,A350,Solo Leisure,Business Class,Sao Paulo to Manchester via London,June 2025,4,5,4,4,3,3
"""refused to help with that refund""",No Aircraft,Solo Leisure,Economy Class,London to Santorini,July 2025,No rating,No rating,No rating,No rating,No rating,1
"""cost-cutting measures at BA""",No Aircraft,Business,Economy Class,Shanghai to London Heathrow,May 2025,1,1,1,3,1,1
"""legroom was limited""",A320,Couple Leisure,Economy Class,Porto to Gatwick,April 2025,4,4,2,No rating,3,5
"""our bags took a long time""",No Aircraft,Couple Leisure,Economy Class,Tirana to London Heathrow,May 2025,3,2,No rating,No rating,2,2
“flight crew was welcoming and friendly”,Boeing 777-200,Couple Leisure,Economy Class,London Heathrow to New York JFK,May 2025,4,5,4,4,3,4
"""high level of professionalism""",No Aircraft,Couple Leisure,Economy Class,Cape Town to London,May 2025,4,5,3,5,5,5
“Horrendous Service”,A380,Solo Leisure,Economy Class,Johannesburg to London Heathrow,April 2025,1,1,No rating,No rating,1,1
"""cost of Club Europe is hard to justify""",A319,Business,Business Class,Heathrow to Kraków,April 2025,2,4,4,No rating,2,2
"“well below that of Aegean""",A321 Neo,Family Leisure,Economy Class,London Heathrow to Athens,April 2025,3,3,1,1,3,2
"""you can do better than this""",Boeing 777,Solo Leisure,Business Class,Singapore to Sydney,March 2025,5,2,2,5,4,3
"""downgraded to economy""",No Aircraft,Family Leisure,Economy Class,Dubai to London Heathrow,April 2025,1,1,1,1,1,1
“staff were really engaged”,Boeing 788,Solo Leisure,Economy Class,London to Montreal,April 2025,4,5,3,4,3,4
"""got it right on this flight""",Boeing 777-300,Solo Leisure,First Class,New York to London,April 2025,5,5,5,No rating,5,4
"""exceeded my expectations""",Boeing 777-200,Couple Leisure,Business Class,Punta Cana to London Gatwick,April 2025,4,5,4,3,4,4
"""checkin was very rude to us""",No Aircraft,Couple Leisure,Economy Class,Venice to London,April 2025,5,5,No rating,No rating,1,3
"""forced to check-in carry-ons""",Airbus A321neo,Solo Leisure,Economy Class,Heathrow to Cairo,April 2025,1,2,No rating,No rating,1,1
“Pleasant cabin crew”,A320,Family Leisure,Business Class,London Heathrow to Barcelona,April 2025,3,5,4,No rating,4,3
"""one of the best BA First flights I’ve had""",Boeing 777 200,Business,First Class,London to Seattle,April 2025,5,5,5,5,4,4
"""Very good service on this route""",A320,Couple Leisure,Business Class,London Gatwick to Fuerteventura,March 2025,4,5,5,No rating,4,4
"""disagreeable flight attendant""",Boeing 787,Solo Leisure,Business Class,Cape Town to London,March 2025,5,2,5,5,4,4
"""flight was delayed nearly 1 hour""",No Aircraft,Business,Business Class,London to Geneva,December 2024,1,1,No rating,No rating,1,1
"""full of attitude to me""",No Aircraft,Business,Premium Economy,London to New York,January 2025,1,1,1,No rating,5,1
"""service was outrageous""",No Aircraft,Business,Business Class,Chambery to London,January 2025,1,1,2,No rating,1,1
"""managed to get everything right""",Boeing 777,Business,Premium Economy,Gatwick to Antigua,March 2025,5,5,4,4,5,5
"""The seats were excellent""",No Aircraft,Couple Leisure,Premium Economy,Mumbai to London,February 2025,5,4,3,5,4,5
"""the crew were awful""",A350,Couple Leisure,Business Class,Nairobi to London,February 2025,4,1,2,3,4,3
"""not use British Airways on this route""",A320,Solo Leisure,Economy Class,London Gatwick to Marrakech,February 2025,4,1,No rating,No rating,2,2
"""they still haven't replied""",No Aircraft,Business,Premium Economy,Amsterdam to Las Vegas via London,November 2024,3,3,3,3,1,1
“food has really gone downhill”,A350-1000,Couple Leisure,Business Class,London to Nairobi,February 2025,4,1,2,No rating,3,3
"""thoroughly enjoyed this flight""",A380,Solo Leisure,Economy Class,Dubai to London Heathrow,February 2025,4,5,5,4,5,5
“customer support was terrible”,No Aircraft,Couple Leisure,Economy Class,Zürich to London,December 2024,2,2,1,1,1,1
"""a really enjoyable experience""",Boeing 777,Couple Leisure,Business Class,London to Male,January 2025,5,5,4,5,5,4
"""Very good flight""",A320,Solo Leisure,Business Class,London Heathrow to Zurich,January 2025,3,4,4,No rating,4,4
"""relatively comfortable elderly plane""",A319,Family Leisure,Economy Class,London to Lisbon,January 2025,3,4,2,No rating,4,4
"""70 days chasing BA’s complaints department""",No Aircraft,Solo Leisure,Economy Class,Manchester to Isle of Man,November 2024,No rating,No rating,No rating,No rating,1,1
"""BA refused to reimburse me""",No Aircraft,Family Leisure,Premium Economy,Houston to cologne via London,December 2024,1,1,No rating,No rating,1,1
"""the flight was delayed""",A320,Business,Economy Class,London to Basel,January 2025,1,3,2,1,1,1
"""BA forced us to buy new tickets""",No Aircraft,Family Leisure,Economy Class,London to Phoenix,November 2023,2,2,2,2,1,1
“staff had no sympathy or empathy”,No Aircraft,Family Leisure,Economy Class,London to Johannesburg,January 2025,1,1,2,3,1,1
"""the seat is outdated""",A380,Solo Leisure,Business Class,London to Cape Town via Johannesburg,December 2024,3,4,4,1,3,3
"""a national disgrace""",No Aircraft,Family Leisure,Economy Class,Larnaca to Glasgow via Heathrow,November 2024,1,1,1,2,1,1
"""sheer neglect in keeping us informed""",No Aircraft,Couple Leisure,Economy Class,London to Rome,December 2024,2,4,No rating,No rating,1,2
"""a huge disappointment""",Boeing 777 / A350,Business,Business Class,Washington to London,December 2024,4,3,1,5,1,1
"""we had to bus to the aircraft""",Boeing 777,Solo Leisure,Business Class,Cape Town to London,December 2024,5,5,5,5,4,5
"“victims of their new supper service""",Boeing 787,Solo Leisure,First Class,Mexico City to London Heathrow,November 2024,5,5,3,3,4,4
“flight was cancelled last minute”,No Aircraft,Solo Leisure,Economy Class,London to Amsterdam,December 2024,1,1,No rating,No rating,1,1
“Nobody wants to take responsibility”,A320,Solo Leisure,Economy Class,Marrakesh to London,August 2024,2,2,1,1,1,1
"""Terrible customer service""",No Aircraft,Family Leisure,Economy Class,London Heathrow to Toronto,November 2024,1,1,1,1,1,1
“Is British Airways really this cheap”,No Aircraft,Solo Leisure,Economy Class,Milan Italy to London Heathrow,November 2024,2,1,1,No rating,3,1
"""I will never fly BA again""",No Aircraft,Family Leisure,Economy Class,Madrid to San Diego via London,October 2024,2,3,2,3,1,3
"""I was pleasantly surprised""",A321,Family Leisure,Economy Class,London to Belfast,November 2024,3,2,No rating,No rating,5,5
"""flight attendants were outstanding""",A350,Couple Leisure,Business Class,Vancouver to London,November 2024,5,5,5,4,3,4
"""Food and service was the worst""",No Aircraft,Solo Leisure,Economy Class,Malaga to London,October 2024,1,1,1,1,1,2
“flying with BA was disappointing”,A350,Solo Leisure,Economy Class,Keflavik to Cape Town via London,October 2024,2,2,1,No rating,1,2
"""won't be using her return ticket""",No Aircraft,Couple Leisure,Economy Class,Singapore to Keflavik via London,October 2024,2,2,1,2,1,3
"""the same as low cost carriers""",A320,Solo Leisure,Economy Class,Las Palmas to London Gatwick,October 2024,2,2,1,No rating,3,4
“not refunding our money”,No Aircraft,Family Leisure,Economy Class,Gatwick to Florence,August 2024,1,3,No rating,No rating,1,1
“A very poor experience”,No Aircraft,Solo Leisure,Premium Economy,Mumbai to London,November 2024,2,2,No rating,No rating,4,1
"""food and beverages being targeted""",Boeing 777-300,Family Leisure,Business Class,Singapore to London,November 2024,5,4,3,4,5,3
"""never fly with them again""",No Aircraft,Couple Leisure,Economy Class,Munich to London Heathrow,October 2024,2,3,No rating,No rating,1,1
"""still have not heard any updates""",A380,Couple Leisure,Premium Economy,Heathrow to Boston,September 2024,2,5,3,4,1,1
"""cabin crew were nice""",A380-800,Family Leisure,Economy Class,Los Angeles to London Heathrow,November 2024,3,4,3,2,4,3
"""support staff wash their hands of you""",No Aircraft,Family Leisure,Premium Economy,Vancouver to London,August 2024,1,5,3,1,1,1
"""no fuss, no bother experience""",No Aircraft,Solo Leisure,Economy Class,Vancouver to Gatwick,September 2024,4,5,5,5,5,4
"""Who can trust BA to travel2",A320,Solo Leisure,Economy Class,London to Istanbul,October 2024,3,3,1,1,1,1
"""just another poor airline""",Boeing 777,Couple Leisure,Business Class,San Francisco to Barcelona via London,October 2024,3,2,1,3,3,2
"""spent two hours trying to make contact with BA""",Boeing 787-9,Business,Business Class,Mexico City to London Heathrow,October 2024,1,1,No rating,No rating,1,1
"""using another airline for future travel""",No Aircraft,Solo Leisure,Business Class,Paris to Boston via London,July 2024,1,1,No rating,No rating,1,2
"""oversold tickets on our flight""",No Aircraft,Family Leisure,Economy Class,Geneva to London,September 2024,No rating,No rating,No rating,No rating,1,1
“Appalling service”,A380,Business,Business Class,Johannesburg to London,October 2024,2,1,2,2,1,1
“BA’s petty penny pinching ”,Boeing 787-900,Business,Business Class,London to Mexico City,October 2024,1,5,1,1,2,3
“British arrogance with no manners”,A320N,Couple Leisure,Business Class,Berlin to London Heathrow,October 2024,1,1,1,No rating,2,1
"""Terrible customer service""",No Aircraft,Couple Leisure,Business Class,London Heathrow to Philadelphia,September 2024,1,1,1,No rating,1,1
“left much to be desired”,No Aircraft,Solo Leisure,Economy Class,Johannesburg to New York City via Heathrow,October 2024,5,4,3,2,3,2
"""crew were all very friendly""",Boeing 777-336 ER,Solo Leisure,Premium Economy,New York JFK to London Heathrow,October 2024,5,5,3,5,5,4
"""Simply not good enough""",No Aircraft,Solo Leisure,Business Class,Antalya to Gatwick,October 2024,1,2,4,No rating,2,2
“BA refuses to reimburse us”,No Aircraft,Couple Leisure,Economy Class,London to Lisbon,September 2024,3,2,1,1,1,2
"""my luggage is missing""",No Aircraft,Solo Leisure,Economy Class,Edinburgh to Delhi via London,September 2024,1,1,1,No rating,1,1
"""work is needed to provide a better customer experience""",A350,Solo Leisure,Premium Economy,London to Vancouver,September 2024,4,5,2,1,3,2
"""barely a step above low cost airlines""",A320,Business,Economy Class,Gatwick to Amsterdam,September 2024,3,4,1,1,3,1
"""Happy with the flight crew""",No Aircraft,Solo Leisure,Economy Class,Paris to San Diego via London,September 2024,5,5,5,No rating,5,5
"""seats are super uncomfortable""",A321,Business,Business Class,Marrakech to Gatwick,September 2024,1,No rating,No rating,No rating,1,1
"""very disappointed""",No Aircraft,Family Leisure,Economy Class,Amsterdam to Pittsburgh via London,September 2024,2,2,2,2,1,1
"""happily recommend and use BA""",A321,Couple Leisure,Economy Class,Heathrow to Berlin,July 2024,3,4,3,No rating,4,3
"""cannot get compensation for our flight""",No Aircraft,Couple Leisure,Economy Class,Manchester to Seattle via London,May 2024,No rating,No rating,No rating,No rating,1,1
“Crew very friendly and attentive”,Boeing 777-2OOLR,Couple Leisure,Business Class,London Heathrow to Nashville,August 2024,4,4,4,2,2,3
"""A nightmare journey""",A319 / A321NEO,Couple Leisure,Economy Class,London to Venice,September 2024,2,3,No rating,No rating,1,1
“One gets better service in McDonalds”,Boeing 777-300ER,Business,First Class,London Heathrow to Chicago,August 2024,1,1,1,1,1,1
"“shocking food, service, exorbitant prices”",No Aircraft,Couple Leisure,Business Class,London to Crete,September 2024,2,1,1,1,2,2
"""delayed with no explanation""",A319,Business,Business Class,Berlin to London,August 2024,3,1,3,No rating,1,1
"""Sound food and drink offered""",Boeing 777-200,Family Leisure,Business Class,London to Toronto,August 2024,4,4,4,5,4,4
"“beyond appalled, hurt and frustrated”",No Aircraft,Solo Leisure,Economy Class,London to Denver,August 2024,1,1,No rating,No rating,1,1
"""experience was overall very poor""",No Aircraft,Family Leisure,Business Class,London to Hong Kong via Doha,July 2024,4,1,3,4,1,1
“the entire travel was cancelled”,No Aircraft,Business,Business Class,San Diego to Athens,August 2024,No rating,No rating,No rating,No rating,No rating,1
“service offered was exceptional”,Boeing 787,Solo Leisure,First Class,Manchester to Newark via London,August 2024,5,5,4,4,4,5
"""No meal served""",No Aircraft,Solo Leisure,Economy Class,Gatwick to Dalaman,August 2024,4,2,1,1,1,1
“no response to complaint”,No Aircraft,Family Leisure,Economy Class,London to Ibiza,August 2024,1,1,No rating,No rating,1,1
“cabin crew are brilliant”,No Aircraft,Solo Leisure,Economy Class,London Heathrow to Barcelona,August 2024,4,5,No rating,No rating,4,4
"""may never see your refund""",No Aircraft,Solo Leisure,Economy Class,Anchorage to Johannesburg via Seattle / London,January 2024,3,5,4,4,5,1
“failed to enjoy business class”,A380,Solo Leisure,Business Class,London to Boston,August 2024,2,5,3,No rating,4,2
"“somewhere below easyJet, above Ryanair”",A350-1000,Business,Economy Class,London Heathrow to Nairobi,August 2024,2,3,2,3,1,1
"""zero response from BA to reimburse us""",No Aircraft,Family Leisure,Economy Class,No Route,July 2024,1,1,No rating,No rating,1,1
"""no acknowledgment or resolution""",No Aircraft,Solo Leisure,Economy Class,London to Basel,June 2024,1,1,No rating,No rating,1,1
"""Outstanding service""",A350,Solo Leisure,Business Class,Vancouver to London,July 2024,5,5,5,5,4,4
"""the crew were fabulous""",A320,Solo Leisure,Economy Class,London to Amman,August 2024,3,5,4,No rating,4,4
“customer service has been horrible”,A380,Family Leisure,Economy Class,Barcelona to Dallas via Heathrow,August 2024,3,4,4,4,2,3
"""Not as much as an apology""",No Aircraft,Family Leisure,Economy Class,London to Hong Kong,August 2024,1,No rating,No rating,No rating,1,1
"""no one attending or caring""",No Aircraft,Couple Leisure,Economy Class,Dallas to London,May 2024,2,2,2,2,2,2
“disappointed in British Airways”,Boeing 777,Family Leisure,Economy Class,London to Tampa,August 2024,1,1,1,4,3,1
"""easy and enjoyable flight""",Embraer 190,Couple Leisure,Economy Class,Dublin to London City,July 2024,4,4,3,No rating,4,4
"""Crew were amazing and attentive""",A320,Solo Leisure,Business Class,Riga to London,August 2024,4,5,5,No rating,4,5
"""missed my connecting flight""",No Aircraft,Solo Leisure,Economy Class,Rome to Philadelphia via London,August 2024,3,3,No rating,No rating,1,1
“time to change leadership team”,No Aircraft,Business,Economy Class,London to Bologna,August 2024,3,1,1,No rating,1,1
"""avoid it at all cost!""",A380,Business,Business Class,Sydney to London,August 2024,1,3,3,2,1,1
“Great customer service from BA”,A320,Solo Leisure,Business Class,Dublin to London Heathrow,August 2024,3,5,4,No rating,5,4
"""Absolute worst travel experience""",No Aircraft,Couple Leisure,Economy Class,London to Los Angeles via Paris CDG,July 2024,1,1,No rating,No rating,1,1
"""one of the worst airlines""",No Aircraft,Business,Business Class,London Heathrow to Doha,July 2024,5,1,3,3,1,1
"""my travel pram confiscated from me""",No Aircraft,Family Leisure,Economy Class,Toulouse to London Heathrow,July 2024,1,1,1,No rating,1,1
“VERY uncomfortable seats”,Boeing 777,Couple Leisure,Economy Class,San Diego to London,July 2024,1,1,1,1,1,1
"""substandard business class experience""",A380-800,Family Leisure,Business Class,Singapore to London,July 2024,3,2,3,3,5,2
"""Customer Service is shocking""",No Aircraft,Solo Leisure,Economy Class,Glasgow to Munich via Heathrow,June 2024,3,4,4,3,2,3
"""left me extremely disappointed""",No Aircraft,Business,Economy Class,Berlin to São Paulo via London,March 2024,3,4,3,3,1,2
“customer service was awful”,No Aircraft,Couple Leisure,Economy Class,London to Corfu,September 2023,1,1,No rating,No rating,1,1
"""over 2 weeks to respond""",No Aircraft,Solo Leisure,Economy Class,Toronto to London,July 2024,No rating,No rating,No rating,No rating,No rating,1
“wholly inadequate customer service”,No Aircraft,Couple Leisure,Economy Class,London Gatwick to Verona,June 2024,1,1,1,1,1,1
“the cabin crew were great”,A320,Business,Business Class,London Heathrow to Paris CDG,June 2024,4,5,3,No rating,1,3
"""cannot recommend BA""",A350-1000,Solo Leisure,Economy Class,London Heathrow to Vancouver,June 2024,2,2,1,2,2,1
“a very poor last impression of BA”,A350-1000,Solo Leisure,Business Class,Vancouver to London Heathrow,June 2024,3,3,3,3,1,2
"""happy to recommend BA""",A320/A380,Couple Leisure,Business Class,Belfast to San Francisco via London,April 2024,5,5,3,3,5,4
"""cancelled our return flight""",No Aircraft,Couple Leisure,Economy Class,London Heathrow to Keflavik,June 2024,2,3,1,No rating,3,2
"""Very good experience all round""",Boeing 777,Solo Leisure,Business Class,New York JFK to London Heathrow,June 2024,5,5,4,3,1,2
"""inflight service was efficient and friendly""",Boeing 777,Solo Leisure,Premium Economy,London to newark,June 2024,4,4,4,3,4,3
“worst airline I’ve ever flown”,No Aircraft,Couple Leisure,Economy Class,Florence to Heathrow,June 2024,1,3,2,No rating,1,1
"""Cabin crew were great""",A320,Couple Leisure,Business Class,London to Manchester,June 2024,1,5,5,No rating,2,4
"""flight itself was quite good""",A320,Solo Leisure,Business Class,London to Amsterdam,May 2024,5,5,5,No rating,4,5
"""You expect better from BA""",No Aircraft,Couple Leisure,Premium Economy,Tokyo to Manchester via London,May 2024,1,No rating,No rating,No rating,1,2
"“never fly British Airways""",Boeing 747,Business,Business Class,Heathrow to San Francisco,June 2024,1,1,No rating,No rating,1,1
“we will rethink BA moving forward”,No Aircraft,Couple Leisure,Business Class,Tampa to Gatwick,May 2024,4,3,2,4,1,2
“extremely poor customer service”,No Aircraft,Family Leisure,Premium Economy,Los Angeles to London,January 2024,1,1,1,1,1,1
“a pleasant and civilized journey”,A320,Solo Leisure,Economy Class,Hannover to London Heathrow,May 2024,5,4,1,No rating,5,3
"""the worst BA flight we've experienced""",No Aircraft,Family Leisure,Economy Class,Austin to London Heathrow,May 2024,2,3,3,5,3,3
"""Never again British Airways""",No Aircraft,Business,Business Class,Vienna to Johannesburg via London,October 2023,1,2,1,1,1,3
"""only been offered half a glass of water""",A380,Couple Leisure,Economy Class,Johannesburg to Heathrow,May 2024,1,1,No rating,No rating,1,1
"""told by cabin crew I would be refunded""",No Aircraft,Solo Leisure,Economy Class,London Heathrow to Singapore,May 2024,2,1,1,1,1,1
“premium price for a sub-par product”,Boeing 787-9,Couple Leisure,Business Class,London Heathrow to Hong Kong,May 2024,2,3,2,1,2,1
"""can't even choose my own seat""",No Aircraft,Solo Leisure,Economy Class,Boston to London,May 2024,No rating,No rating,No rating,No rating,1,3
“Very impressed with BA”,No Aircraft,Couple Leisure,Economy Class,New York to Manchester via London,May 2024,4,5,5,5,4,4
"""appalling customer service""",A380 / Boeing 777-200ER,Family Leisure,Business Class,London to San Francisco,August 2023,2,5,4,4,5,2
"""baggage customer service is a joke""",No Aircraft,Couple Leisure,Economy Class,Malaga to Boston via London,May 2024,2,2,1,2,1,2
"""Worst business class ever""",A380,Couple Leisure,Business Class,Milan Linate to Miami via London Heathrow,April 2024,1,2,3,2,2,1
"""replicating the likes of Ryanair""",A320,Couple Leisure,Economy Class,Catania to Gatwick,May 2024,2,1,1,No rating,3,1
"""declined to offer compensation""",No Aircraft,Solo Leisure,Economy Class,London to Hannover,April 2024,3,3,No rating,No rating,1,1
"""onboard like discount carriers""",A319 / A320,Solo Leisure,Economy Class,Manchester to Copenhagen via London,April 2024,3,3,2,No rating,4,4
"""Never using them again""",No Aircraft,Solo Leisure,Economy Class,London to Valencia,April 2024,1,1,No rating,No rating,1,1
"""undiscerning and insincere compensation""",A380,Business,Economy Class,Singapore to London,April 2024,3,3,3,1,1,1
"""mock and insult your passengers""",A320,Business,Economy Class,Madrid to London Heathrow,April 2024,3,1,1,No rating,2,1
"""lost my luggage on both flights""",A350,Solo Leisure,Economy Class,Austin to London Heathrow,April 2024,3,2,1,No rating,1,1
"""the worst experience""",No Aircraft,Couple Leisure,Premium Economy,Zurich to Phoenix via Heathrow,February 2024,2,1,1,2,1,1
"""The flights were okay""",A319 / E190,Couple Leisure,Economy Class,Rotterdam to London City,March 2024,3,3,3,No rating,3,2
“entire experience has been stressful”,No Aircraft,Solo Leisure,Premium Economy,Kansas City to Dublin via Heathrow,April 2024,2,3,No rating,No rating,3,1
"""whole experience was awful""",No Aircraft,Family Leisure,Economy Class,Tenerife to London,January 2024,No rating,No rating,No rating,No rating,1,1
“This is true service”,A340,Business,Business Class,Lisbon to San Diego,March 2024,3,4,3,4,5,4
"""Flight attendants welcoming""",Boeing 787,Business,Business Class,London Heathrow to Mumbai,March 2024,3,5,3,4,4,3
"""the service was appalling""",Boeing 777-200,Couple Leisure,Business Class,Doha to London Heathrow,March 2024,3,1,1,2,2,1
"""service was slow and unfriendly""",Boeing 777-200,Couple Leisure,Business Class,Doha to London Heathrow,March 2024,5,1,1,5,5,3
"""a really lovely flight""",A350,Solo Leisure,Business Class,London Heathrow to São Paulo,March 2024,4,4,5,5,4,4
"""travelling with British Airways so stressful""",No Aircraft,Couple Leisure,Economy Class,London Heathrow to Nice,March 2024,4,3,No rating,No rating,2,1
“didn't find the crew particularly welcoming”,Boeing 777,Business,Business Class,London to Tokyo,March 2024,5,2,5,5,3,4
"""I would say disappointing""",A320,Business,Economy Class,Lisbon to London,March 2024,4,3,No rating,No rating,1,3
"""Exceptional flight""",Boeing 777,Couple Leisure,Business Class,London to Delhi,February 2024,5,5,5,5,5,5
"""Cabin crew attentive and bubbly""",A320,Couple Leisure,Economy Class,London to Milan,March 2024,5,5,5,No rating,4,5
“a terrible and unnecessary experience”,No Aircraft,Couple Leisure,Economy Class,Madrid to London Heathrow,March 2024,3,3,No rating,No rating,3,2
"""stick to their cabin bag size limit""",A320,Solo Leisure,Economy Class,London Heathrow to Toulouse,March 2024,4,4,No rating,No rating,3,3
"""crew were attentive, friendly""",Boeing 787-8 /777-200 / A320-200,Family Leisure,Economy Class,Montreal to Venice via London Heathrow,March 2024,4,5,5,4,3,4
"""Utterly outrageous""",A321,Business,Business Class,Paphos to London,March 2024,2,1,2,1,1,1
"""They have a long way to go""",Boeing 777-300,Business,Business Class,London to Houston,March 2024,1,3,3,2,1,1
"""FA's were friendly""",A320,Solo Leisure,Business Class,London Heathrow to Brussels,March 2024,2,4,3,No rating,3,3
"""Far from pleasant experience""",Boeing 777,Solo Leisure,Business Class,Barbados to London heathrow,March 2024,3,3,2,2,1,2
"""cancelled our return flight""",No Aircraft,Family Leisure,Economy Class,Toronto to Mumbai via London,February 2024,2,1,2,No rating,1,1
"""KLM is definitely a league over BA""",No Aircraft,Family Leisure,Economy Class,Copenhagen to Port of Spain via London,February 2024,3,4,1,No rating,2,5
"""Service extremely inattentive""",Boeing 777-300ER,Solo Leisure,First Class,Los Angeles to London,March 2024,2,1,1,No rating,3,1
"""worst business class experience""",Boeing 777-300,Business,Business Class,Singapore to Sydney,March 2024,1,1,2,2,3,2
"""it's truly awful for short-haul""",No Aircraft,Business,Business Class,Cyprus to London,February 2024,1,3,No rating,1,3,1
"""never be flying with BA again""",No Aircraft,Solo Leisure,Economy Class,Singapore to Auckland via Sydney,March 2024,2,3,3,3,1,1
"""it was extremely underwhelming""",Boeing 787,Couple Leisure,Business Class,London Heathrow to Mexico City,March 2024,2,2,1,2,2,1
"""an excellent experience""",A319,Solo Leisure,Business Class,Heathrow to Oslo,February 2024,4,5,5,No rating,5,5
"""they refused to fly me back!",No Aircraft,Solo Leisure,Economy Class,Sydney to Porto via Singapore / London,June 2023,No rating,No rating,No rating,No rating,No rating,1
"""Poor from start to finish""",A320,Couple Leisure,Economy Class,London Heathrow to Lisbon,February 2024,1,3,1,No rating,2,3
“customer service non existent”,A320,Solo Leisure,Premium Economy,Madrid to London via Buenos Aires,February 2024,1,3,No rating,No rating,1,1
"""no better than the worst of the low cost""",No Aircraft,Couple Leisure,Economy Class,Pisa to London Heathrow,September 2023,No rating,No rating,No rating,No rating,No rating,1
"""could not have been better""",A320,Couple Leisure,Business Class,Malaga to London Heathrow,February 2024,5,5,5,No rating,4,4
"""Never again""",A350,Couple Leisure,Economy Class,Phoenix to Lisbon via London,February 2024,1,5,3,3,1,1
"""Is this how low BA has fallen?""",A320,Solo Leisure,Economy Class,London to Istanbul,February 2024,3,1,1,No rating,2,2
“It was a terrible experience”,Boeing 777,Solo Leisure,Premium Economy,"Austin, TX to Shannon, Ireland via Austin",January 2024,3,5,3,3,4,2
"""all needs a serious rework""",A380,Solo Leisure,First Class,London to San Francisco,November 2023,1,4,1,No rating,4,1
"""flights they have not actually provided""",No Aircraft,Couple Leisure,Economy Class,London Heathrow to Casablanca,February 2024,No rating,No rating,No rating,No rating,1,1
“meticulous attention to detail”,No Aircraft,Family Leisure,Premium Economy,London Heathrow to Glasgow,January 2024,4,3,No rating,No rating,5,4
“they have ignored every communication”,No Aircraft,Couple Leisure,Economy Class,London Heathrow to Berlin,October 2023,1,1,No rating,No rating,1,1
"""fabulous cabin crew""",A380-800,Couple Leisure,Business Class,London to Miami,February 2024,3,4,4,3,2,3
"""no great expectations""",No Aircraft,Solo Leisure,Business Class,Athens to London,December 2023,3,5,5,No rating,4,4
"""actively try and split families up""",Boeing 777-200,Family Leisure,Premium Economy,London Gatwick to Cancun,January 2024,4,4,4,4,1,4
"""my cabin luggage was taken""",No Aircraft,Business,Economy Class,London to Warsaw,January 2024,3,3,3,2,1,3
“appalling service”,No Aircraft,Family Leisure,Business Class,London Heathrow to Miami,December 2023,2,1,2,2,3,2
“Worst service ever”,No Aircraft,Solo Leisure,Economy Class,Boston to Düsseldorf via London,January 2024,1,2,1,1,1,1
"""unprofessional attitude of the pilots""",A350,Business,Economy Class,Sao Paulo to London Heathrow,January 2024,3,4,3,3,3,3
“Next time it will be Jet2”,A320,Couple Leisure,Economy Class,London Heathrow to Lisbon,January 2024,1,4,1,No rating,3,4
“become the Ryanair of long-haul travel”,No Aircraft,Family Leisure,Economy Class,London to Hong Kong,January 2024,1,3,1,1,1,2
“They never help us”,No Aircraft,Family Leisure,Business Class,Dusseldorf (DUS) to Miami (MIA),January 2024,1,1,No rating,No rating,1,1
“uncomfortable seat and disgusting food”,No Aircraft,Family Leisure,Business Class,Cairo to London Heathrow,January 2024,1,1,1,No rating,1,1
"""Zero customer service""",No Aircraft,Family Leisure,Economy Class,Dublin  to London Heathrow,January 2024,3,3,No rating,No rating,1,3
"""baggage arrival nearly took 1.5 hours""",No Aircraft,Business,Economy Class,Glasgow to London,January 2024,3,4,No rating,No rating,4,3
"""Overall very satisfied""",A350-1000,Solo Leisure,Economy Class,Vancouver to London,January 2024,4,5,3,4,5,5
"""airline is a total disgrace""",A320,Business,Business Class,Heathrow to Madrid,October 2023,1,1,1,1,1,1
"""we were pleased with the service""",Boeing 777 -200,Couple Leisure,Business Class,London to New York,November 2023,5,5,5,5,5,4
"""Gate agent was extremely rude""",No Aircraft,Family Leisure,Economy Class,Rome to London,January 2024,4,5,4,No rating,1,2
"""incredibly heartless and incompetent company""",No Aircraft,Family Leisure,Business Class,Gatwick to Geneva,December 2023,2,1,1,1,1,1
"""their service was hit-and-miss""",A320,Solo Leisure,Business Class,Istanbul to London Heathrow,December 2023,1,4,5,1,2,4
""" Worse than a low-cost carrier""",A320,Solo Leisure,Economy Class,London Heathrow to Istanbul,December 2023,3,2,1,1,5,2
"""Very Poor Business class product""",Boeing 777,Business,Business Class,Gatwick to St Lucia,December 2023,1,5,2,2,1,2
“if GF - take your own food”,Boeing 777,Couple Leisure,Business Class,Sydney to London Heathrow,December 2023,5,3,1,3,3,3
“pathetic business class product”,Boeing 777,Business,Business Class,Lisbon to Houston via London Heathrow,November 2023,1,2,4,1,3,1
“Staff look tired and overworked”,A350,Solo Leisure,Premium Economy,Vancouver to London Heathrow,December 2023,4,3,2,5,5,2
“I couldn’t fault them”,A329,Family Leisure,Business Class,London Heathrow to Stockholm,December 2023,4,5,5,No rating,5,5
“incompetence in customer service”,No Aircraft,Solo Leisure,Economy Class,Indianapolis to Mumbai via London Heathrow,December 2023,1,1,No rating,No rating,1,1
“The most ridiculous thing I've heard”,No Aircraft,Family Leisure,Premium Economy,Cyprus to New York,December 2023,No rating,No rating,No rating,No rating,1,1
"""one of the most disgusting onboard meals""",A321,Solo Leisure,Business Class,Gran Canaria  to London Gatwick,December 2023,3,4,1,No rating,3,5
“Does BA pay experts to design these breakfasts”,A320/Boeing 777,Couple Leisure,Business Class,Belfast City to Atlanta via London Heathrow,November 2023,4,5,1,3,5,5
"""business class seats were abysmal""",Boeing 787-8,Business,Business Class,London to Portland,December 2023,3,3,4,3,3,2
"""Worst service/airline ever""",No Aircraft,Solo Leisure,Economy Class,London to Frankfurt,June 2023,1,No rating,No rating,No rating,1,1
“Much better experience this time around”,A350,Solo Leisure,Business Class,Cape Town to London Heathrow,December 2023,5,4,5,5,5,4
"“our compensation rights""",No Aircraft,Couple Leisure,Business Class,Miami to Manchester via Heathrow,December 2023,1,3,2,3,1,2
"""A380's are showing their age""",A380,Solo Leisure,Economy Class,Johannesburg to London,December 2023,2,4,2,2,4,3
"""Service was fantastic""",Boeing 777,Solo Leisure,Economy Class,London Heathrow to Singapore,December 2023,3,5,4,4,4,5
"""it was a very nice flight""",A320,Solo Leisure,Business Class,Gatwick to Las Palmas,December 2023,3,4,5,No rating,3,5
"""onboard service was efficient""",A319,Couple Leisure,Economy Class,London Heathrow to Geneva,December 2023,4,5,5,No rating,5,5
“Lots of stress”,No Aircraft,Solo Leisure,Economy Class,Madrid to San Francisco via London Heathrow,November 2023,5,5,5,4,1,1
"""did not offer a wheelchair""",No Aircraft,Couple Leisure,Economy Class,Lisbon to London Heathrow,November 2023,1,1,No rating,No rating,1,1
“Seat was fine but product ageing”,A380,Couple Leisure,Business Class,Miami to London Heathrow,November 2023,4,3,4,4,4,3
"""such a terrible customer experience""",No Aircraft,Family Leisure,Economy Class,Palma de Mallorca to Gatwick,December 2023,1,1,No rating,No rating,1,1
"""I was pleasantly surprised""",Boeing 787-9,Solo Leisure,Economy Class,London to Johannesburg,November 2023,2,3,3,1,4,3
"""Buckle up, folks; this one's a rollercoaster""",No Aircraft,Family Leisure,Economy Class,Zürich to Tokyo Haneda via London,July 2023,1,1,1,1,1,1
"""cabin crew excellent""",A380,Couple Leisure,First Class,London to Miami,November 2023,5,5,5,5,4,4
"""Service level far worse then Ryanair""",No Aircraft,Couple Leisure,Economy Class,London to Stuttgart,November 2023,1,1,No rating,No rating,1,1
"""do not upgrade members based on status""",A320,Business,Economy Class,Brussels to London,November 2023,2,3,1,2,1,2
"""Flight was smooth and quick""",A320,Couple Leisure,Business Class,London Heathrow to Dublin,November 2023,3,3,4,No rating,4,3
"""Absolutely hopeless airline""",No Aircraft,Couple Leisure,Economy Class,London to Dublin,December 2022,3,3,No rating,No rating,1,1
"""Customer Service is non existent""",No Aircraft,Couple Leisure,Economy Class,London to Lisbon,November 2023,1,1,1,1,1,1
"""I can’t imagine a worst airline""",A320,Solo Leisure,Economy Class,Bucharest to Manchester via London,September 2023,1,1,1,1,1,1
"""sufficient leg and arm room""",Boeing 777-300,Couple Leisure,Premium Economy,Manchester to Cape Town via London,November 2023,5,5,4,4,4,4
“crew were polite”,A320,Solo Leisure,Economy Class,Seville to London Gatwick,November 2023,3,3,3,No rating,3,3
"""Angry, disappointed, and unsatisfied""",Boeing 777,Family Leisure,Economy Class,London Heatrow to Atlanta,November 2023,4,5,4,4,3,5
"""BA now stands for Basic Airways""",No Aircraft,Couple Leisure,Economy Class,Gatwick to Antalya,October 2023,3,3,1,1,3,1
"""A totally unremarkable flight""",A320,Couple Leisure,Business Class,Dublin to London Heathrow,November 2023,3,3,No rating,No rating,4,3
“BA clearly does not care”,No Aircraft,Couple Leisure,Economy Class,Anchorage to Heathrow via Barcelona,October 2023,3,3,3,3,1,1
"""reflect a downward trend of the airline""",A320,Solo Leisure,Economy Class,London Heathrow to Gibraltar,October 2023,3,1,1,No rating,3,2
"""One of my better flights""",No Aircraft,Couple Leisure,Economy Class,London to Philadelphia,October 2023,4,5,4,3,5,5
"""I would still recommend BA""",A321 neo,Business,Economy Class,London Heathrow to Cairo,October 2023,3,5,3,No rating,5,2
"""the worst experience ever""",No Aircraft,Couple Leisure,Economy Class,Seattle to Porto via Heathrow,October 2023,2,3,3,3,1,1
"""an exceptional crew member""",A320,Couple Leisure,Economy Class,Malta to London Gatwick,October 2023,4,5,3,No rating,4,4
"""even Ryanair have more space""",No Aircraft,Solo Leisure,Economy Class,London to Amsterdam,October 2023,1,3,No rating,No rating,2,1
"""in-flight service is usually weak""",A380-800,Solo Leisure,Economy Class,San Francisco to London,October 2023,3,2,2,3,2,3
"""BA customer service is a disgrace""",No Aircraft,Solo Leisure,Business Class,İstanbul to London,October 2023,2,1,1,1,2,1
"""little concern for customer service""",No Aircraft,Couple Leisure,Economy Class,London to Austin,October 2023,1,1,1,5,1,1
"""gave up being a full-service airline""",A320,Solo Leisure,Economy Class,Geneva to London Heathrow,October 2023,1,2,1,No rating,1,2
“I hate British Airways!”,No Aircraft,Couple Leisure,Economy Class,Istanbul via London,October 2023,1,3,3,4,1,1
"""2½ hours before the bags finally arrived""",A320,Couple Leisure,Business Class,Porto to London,September 2023,4,5,4,No rating,1,4
"""left on your own and nobody cares""",A320-232,Solo Leisure,Economy Class,London Heathrow to Geneva,October 2023,2,4,1,No rating,1,4
"""Club Europe is simply a joke""",A320,Business,Business Class,London to Istanbul,October 2023,3,4,1,1,3,2
"""Very second rate shoddy airline""",No Aircraft,Couple Leisure,Economy Class,London Gatwick to Punta Cana,October 2023,3,3,3,2,2,2
"""some sort of medieval torture""",No Aircraft,Solo Leisure,Business Class,London to Hong Kong,July 2023,1,5,3,3,5,1
"""Never again BA""",A320,Couple Leisure,Economy Class,Catania to Gatwick,October 2023,1,1,1,No rating,1,1
"""BA Gatwick are not BA""",No Aircraft,Couple Leisure,Economy Class,Gatwick to Venice,September 2023,No rating,No rating,No rating,No rating,1,1
"""Boarding flight took an hour""",A321,Solo Leisure,Economy Class,Berlin to London,October 2023,3,1,1,No rating,1,1
"""our luggage was soaking wet""",No Aircraft,Couple Leisure,Economy Class,Atlanta to Glasgow via London,September 2023,3,3,1,4,1,3
"""The worst airline I have ever flown""",Boeing 787,Couple Leisure,Economy Class,Singapore to Sydney,October 2023,1,1,2,1,1,1
"""Excellent service levels""",Boeing 777,Solo Leisure,First Class,London to New York JFK,October 2023,5,5,5,4,5,5
"""British Airways was absolutely shocking""",BA366,Couple Leisure,Business Class,Heathrow to Marseille,August 2023,1,1,1,1,1,1
"""service was mediocre at best""",A380,Couple Leisure,Economy Class,Chicago to Manchester via Heathrow,October 2023,2,3,1,No rating,2,2
"""BA standards continue to decline""",A320,Business,Business Class,London Heathrow to Munich,September 2023,2,1,2,No rating,1,1
"""won the race to the bottom""",A320,Couple Leisure,Business Class,Heathrow to Istanbul,September 2023,2,3,2,No rating,1,1
"""Not a reliable airline""",A320,Business,Economy Class,London to Geneva,October 2023,4,4,2,No rating,1,1
"""It is a national disgrace""",No Aircraft,Couple Leisure,Business Class,Athens to London,September 2023,1,1,1,1,1,1
"""The worst journey in my life""",No Aircraft,Business,Economy Class,Milan to San Jose via London,September 2023,3,3,2,4,1,1
"""Very disappointed""",777-300 and A320,Couple Leisure,First Class,Dallas to Dubrovnik via Heathrow,September 2023,1,4,4,3,3,2
"""the service was shockingly bad""",A321,Business,Business Class,London to Seville,September 2023,2,1,1,No rating,1,1
"""Never again will I fly BA""",No Aircraft,Couple Leisure,Economy Class,London Heathrow to Tokyo,September 2023,1,1,1,3,2,1
"""never fly this awful airline again""",No Aircraft,Solo Leisure,Business Class,Miami to Dublin via London Heathrow,August 2023,1,3,2,1,1,1
"""I’ll never fly with them again""",No Aircraft,Business,Business Class,Prague to San Francisco via London,September 2023,1,3,3,No rating,1,1
"""the worst of the worst""",No Aircraft,Business,Economy Class,London to Glasgow,September 2023,1,1,1,1,1,1
"""everyone refused to help us""",No Aircraft,Family Leisure,Economy Class,San Diego to Marseille via London,August 2023,3,2,3,3,1,3
"""not a single feedback from British Airways""",A350,Business,Premium Economy,Hamburg to Las Vegas via London,August 2023,2,2,2,3,1,1
"""never fly British Airways again""",No Aircraft,Family Leisure,Economy Class,London to Los Angeles,July 2023,No rating,No rating,No rating,No rating,No rating,1
"""Club Europe doesn’t feel very premium""",A320,Couple Leisure,Business Class,London Heathrow to Porto,September 2023,3,4,3,No rating,4,4
"""the worst airline in the UK""",No Aircraft,Couple Leisure,Economy Class,London to Dalaman,September 2023,No rating,No rating,No rating,No rating,3,1
"""Worst BA experience""",No Aircraft,Solo Leisure,Economy Class,Johannesburg to Milan via London,September 2023,No rating,No rating,No rating,No rating,No rating,2
"""the worst airline service""",No Aircraft,Business,Business Class,Madrid to Vancouver via London,April 2023,3,3,No rating,No rating,1,1
"""service on board was impeccable""",Boeing 787,Couple Leisure,Business Class,London to Santiago,September 2023,3,5,4,No rating,2,5
"""a national disgrace""",A320,Couple Leisure,Business Class,London Heathrow to Faro,September 2023,No rating,No rating,No rating,No rating,1,1
"""The worst service ever""",No Aircraft,Solo Leisure,Economy Class,Kuwait to Lisbon via London,September 2023,3,1,1,1,3,3
"""Cannot recommend""",A320,Couple Leisure,Economy Class,London to Munich,September 2023,1,3,1,1,1,1
"""BA is worse than a low cost carrier""",No Aircraft,Solo Leisure,Economy Class,Frankfurt to London City,September 2023,1,No rating,No rating,No rating,1,1
"""less than a premium experience""",A321,Couple Leisure,Business Class,London to Keflavik,August 2023,3,4,3,No rating,4,4
"""good, but not spectacular""",Boeing 777-200,Couple Leisure,Business Class,Mumbai to London,August 2023,4,3,3,3,4,4
"""Lies and misleading unprofessional service""",No Aircraft,Business,Premium Economy,Houston to London Heathrow,September 2023,2,4,3,3,4,1
"""avoid BA like the plague""",A380,Solo Leisure,Business Class,London to Miami,September 2023,1,1,2,1,3,1
"""British Airways absolutely does not care""",Boeing 777,No Type Of Traveller,Economy Class,Los Angeles to London,August 2023,1,1,1,1,1,1
"""utter abdication of responsibility""",No Aircraft,Couple Leisure,Economy Class,New York JFK to Malaga via London,June 2023,1,3,No rating,No rating,1,1
"""express our displeasure and concerns""",No Aircraft,Couple Leisure,Premium Economy,Chicago to Rome via London,July 2023,3,1,1,1,1,1
"""they are the worst in Europe""",A320,Solo Leisure,Business Class,London to Malaga,August 2023,1,1,1,1,1,1
"""customer service being so horrible""",No Aircraft,Solo Leisure,Economy Class,Frankfurt to London Heathrow,August 2023,1,1,No rating,No rating,1,1
"""appalling customer service""",A320,Couple Leisure,Business Class,Tenerife to Gatwick,August 2023,1,3,1,No rating,1,1
"""standards are worse than ever""",A320,Business,Business Class,London Heathrow to Malaga,August 2023,2,2,2,No rating,1,2
"""still waiting for reimbursement""",No Aircraft,Couple Leisure,Economy Class,Newark to London,June 2023,No rating,No rating,No rating,No rating,No rating,1
"""unprofessional, uncaring""",No Aircraft,Business,Business Class,London to Johannesburg,August 2023,3,2,No rating,No rating,2,1
"""Nice flight, good crew, very good seat""",Boeing 777-300,Couple Leisure,Business Class,LHR to LAX,August 2023,4,5,3,5,5,4
"""Such a horrible experience""",No Aircraft,Family Leisure,Economy Class,Delhi to Vancouver via London,December 2022,1,1,No rating,No rating,1,1
"""Never again, BA""",No Aircraft,Solo Leisure,Economy Class,Copenhagen to London,June 2023,No rating,No rating,No rating,No rating,No rating,1
"""ravioli pasta had dried out""",A320neo,Solo Leisure,Business Class,Larnaca to London Heathrow,July 2023,3,3,1,No rating,3,1
"""Great customer service""",A380,Family Leisure,Economy Class,Washington to London,August 2023,4,5,3,2,1,4
"""Cabin crew were all fantastic""",A380,Family Leisure,Business Class,London to Miami,August 2023,4,5,5,5,4,4
"""asked us to check our bags""",No Aircraft,Family Leisure,Economy Class,London to Paris,August 2023,1,1,No rating,No rating,1,1
"""service is extremely poor""",No Aircraft,Family Leisure,Economy Class,London to Algiers,August 2023,1,1,1,1,1,1
"""superior to mainline British Airways""",Embraer-190,Couple Leisure,Economy Class,Edinburgh to London City,July 2023,4,4,3,No rating,5,5
"""Staff quite unpleasant""",No Aircraft,Solo Leisure,Economy Class,London to Vienna,August 2023,3,3,No rating,No rating,1,2
"""They lost my baggage""",A380 / A320,Business,Economy Class,San Francisco to Warsaw via London,July 2023,3,5,4,5,1,1
"""leaving two hours late""",Embraer,Business,Economy Class,Frankfurt to London City,August 2023,3,3,1,No rating,1,1
"""flight is delayed""",No Aircraft,Solo Leisure,Economy Class,London to Lyon,August 2023,No rating,No rating,No rating,No rating,1,1
"""Couldn't recommend BA more""",Boeing 777,Solo Leisure,Business Class,London to Hong Kong,July 2023,5,5,5,5,5,5
"""bumped off due to overselling""",No Aircraft,Couple Leisure,Economy Class,Gatwick to Montpelier,July 2023,3,3,1,No rating,1,1
"""a very comfortable flight""",Boeing 787-8,Couple Leisure,Business Class,London to Mumbai,July 2023,4,5,5,3,4,4
"""good onboard service""",A320,Couple Leisure,Business Class,Keflavik  to London,July 2023,3,5,4,No rating,2,3
"""they have really gone downhill""",No Aircraft,Solo Leisure,Economy Class,Gibraltar to London Heathrow,May 2023,1,1,No rating,No rating,1,1
"""lives in their past glory""",A321,Family Leisure,Business Class,Madrid to London,July 2023,1,1,No rating,No rating,1,1
"""Check-in Desk rude and dismissive""",No Aircraft,Family Leisure,Economy Class,Rhodes to Gatwick,July 2023,2,3,1,1,1,2
"""All in all, terrible""",No Aircraft,Family Leisure,Economy Class,Barcelona to London,July 2023,1,4,1,1,1,1
"""cancelled the rebooked flight""",No Aircraft,Couple Leisure,Premium Economy,Inverness to Los Angeles via London,November 2022,No rating,No rating,No rating,No rating,No rating,1
"""Zero empathy was shown""",No Aircraft,Couple Leisure,Economy Class,London City Airport to Frankfurt,July 2023,3,3,No rating,No rating,1,1
"""pilot apologise at every step of the way""",E190,Business,Economy Class,Amsterdam to London City,July 2023,3,4,3,No rating,1,2
"""crew were always ready to top up drinks""",A320,Couple Leisure,Business Class,Dalaman to Gatwick,June 2023,3,5,4,No rating,5,3
"""The service is really mediocre""",Boeing 787,Solo Leisure,Economy Class,Seattle to London Heathrow,June 2023,2,2,1,3,3,3
"""made their economy experience so miserable""",A320,Couple Leisure,Economy Class,Gatwick to Dalaman,June 2023,1,1,1,No rating,1,1
"""Customer Service does not exist""",No Aircraft,Family Leisure,Business Class,London to Rhodes,July 2023,1,1,No rating,No rating,1,1
"""another great experience""",A320 A350,Family Leisure,Business Class,Newcastle to Las Vegas via Heathrow,June 2023,4,5,4,3,4,4
"""Not recommended""",A380,Solo Leisure,Business Class,London to Miami,June 2023,1,1,1,No rating,1,1
"""5 hours and 30 mins but no meal""",A320Neo,Solo Leisure,Economy Class,Amman to London,July 2023,3,1,1,1,4,3
"""Things have really deteriorated""",Boeing 777,Couple Leisure,Premium Economy,Chennai to London,July 2023,3,2,1,1,4,1
"""I will never fly this airline again""",A321neo,Couple Leisure,Economy Class,Istanbul to London,July 2023,2,2,No rating,No rating,1,1
"""asked for an explanation but have received none""",No Aircraft,Solo Leisure,Economy Class,London to Edinburgh,November 2022,2,5,3,3,1,2
"""short-changing passengers""",Boeing 777 -200,Family Leisure,Premium Economy,Kingston to London,June 2023,5,4,4,3,3,3
"""Economy is absolutely awful""",Boeing 777-200,Couple Leisure,Economy Class,London Heathrow to Cape Town,June 2023,1,3,1,3,3,2
"""Shocking customer service""",No Aircraft,Couple Leisure,Economy Class,London Heathrow to Ibiza,July 2023,No rating,No rating,No rating,No rating,1,1
"""no representative to help""",A380,Business,Business Class,Washington to London,June 2023,3,3,3,3,1,1
"""Boarding was chaotic""",A321,Couple Leisure,Economy Class,London Heathrow to Naples,June 2023,1,4,1,No rating,2,2
"""In-line with competitors""",A320,Solo Leisure,Economy Class,Berlin to London,July 2023,5,5,3,No rating,4,5
"""Luggage are still in Glasgow""",No Aircraft,Family Leisure,Economy Class,Glasgow to London,June 2023,1,1,No rating,No rating,1,1
"""whole experience was terrible""",No Aircraft,Solo Leisure,Economy Class,Dubai to Keflavik via London,May 2023,1,1,No rating,No rating,1,1
"""preferred to fly on easyJet""",A321Neo,Couple Leisure,Economy Class,Cairo to London,June 2023,1,1,1,1,2,1
"""stated it is not their fault""",No Aircraft,Solo Leisure,Economy Class,London to Madrid,May 2023,3,3,3,No rating,1,1
"""luggage was mis-tagged in Dallas""",No Aircraft,Family Leisure,Economy Class,London to Cairo,June 2023,1,1,No rating,No rating,1,1
"""The airline lost my luggage""",No Aircraft,Solo Leisure,Economy Class,New Orleans to London,June 2023,3,3,3,3,1,1
"""fully refunded by our travel insurance""",No Aircraft,Couple Leisure,Business Class,London to Amman,March 2023,No rating,No rating,No rating,No rating,No rating,1
"""no boarding drinks provided""",A321 neo,Solo Leisure,Business Class,Heathrow to Bodrum,June 2023,1,1,1,No rating,1,1
"""WiFi didn't work""",No Aircraft,Solo Leisure,Economy Class,Amman to London,June 2023,1,3,1,1,2,2
"""stick with economy""",Embraer 190,Family Leisure,Business Class,London City to Ibiza,June 2023,3,5,3,No rating,3,3
"""Communication is terrible""",No Aircraft,Couple Leisure,Economy Class,London to Washington,June 2023,1,1,1,1,1,1
"""delays and cancellations""",A350,Business,Business Class,Amsterdam to London,June 2023,3,3,3,2,2,2
"""Economy class seating was truly dreadful""",Boeing 737,Couple Leisure,Economy Class,London Heathrow to Kalamata,June 2023,1,4,3,No rating,3,3
"""flight failed at every level""",No Aircraft,Couple Leisure,Economy Class,London to Funchal,June 2023,4,4,1,No rating,1,1
"""BA refuses to make it right""",No Aircraft,Family Leisure,Economy Class,Marseille to Seattle via London Heathrow,June 2023,2,3,3,4,1,1
"""shame for such well known airline""",No Aircraft,Solo Leisure,Business Class,Cairo to London,June 2023,1,3,2,1,1,1
"""Total garbage""",No Aircraft,Solo Leisure,Economy Class,Bucharest to Dallas via London,June 2023,2,4,3,3,1,1
"""arrived at the airport only 1 hour before""",No Aircraft,Family Leisure,Economy Class,Gatwick to Venice,June 2023,3,5,4,No rating,1,3
"""so callous and uncaring""",No Aircraft,Solo Leisure,Economy Class,Dublin to London City,June 2023,1,1,No rating,No rating,1,1
"""uncomfy old planes""",No Aircraft,Business,Business Class,Tokyo to Manchester via Heathrow,June 2023,1,1,1,1,1,1
"""never fly British Airway ever again""",No Aircraft,Solo Leisure,Economy Class,San Francisco to London,June 2023,No rating,No rating,No rating,No rating,1,1
"""Most uncomfortable flight""",Boeing 787,Family Leisure,Economy Class,Santiago to London,May 2023,1,2,2,4,4,1
"""I will never fly British Airways again""",No Aircraft,Couple Leisure,Economy Class,Seattle to Nice via London,June 2023,4,4,5,5,1,2
"""All in all very disappointing""",No Aircraft,Couple Leisure,Premium Economy,Sydney via Singapore to London Heathrow,March 2023,4,4,1,No rating,5,1
"""customer service was horrendous""",Boeing 777,Business,Economy Class,Seattle to Edinburgh via Heathrow,May 2023,2,4,4,4,2,2
"""All flights without exception were delayed""",No Aircraft,Solo Leisure,Economy Class,Athens to Durban via London Heathrow,April 2023,4,5,3,3,5,4
"""An excellent flight""",A350,Solo Leisure,Business Class,Vancouver to London Heathrow,May 2023,5,5,4,5,4,4
"""luggage was still in London""",No Aircraft,Family Leisure,Economy Class,Vancouver to Barcelona via London,May 2023,3,2,2,3,1,1
"""worst experience in all my years of travel""",No Aircraft,Family Leisure,Economy Class,Boston to Cairo via London,June 2023,1,1,1,1,1,1
"""The worst experience""",No Aircraft,Couple Leisure,Economy Class,London to Santorini,May 2023,1,1,1,1,1,1
"""haven’t received any reimbursement""",No Aircraft,Family Leisure,Economy Class,Heathrow to Mumbai,February 2023,3,1,1,3,1,1
"""the crew has helped me""",No Aircraft,Solo Leisure,Economy Class,London to Larnaca,March 2023,5,5,No rating,No rating,5,5
"""check-in process was terrible""",No Aircraft,Family Leisure,Economy Class,Nice to London Heathrow,May 2023,1,1,No rating,No rating,1,1
"""the worst airline experience I've ever had to deal with""",No Aircraft,Solo Leisure,Economy Class,Las Vegas to Venice,May 2023,1,1,1,1,1,1
"""Service was good""",Boeing 777-300,Family Leisure,Premium Economy,London to New York,May 2023,4,4,3,5,4,4
"""Last time I will fly British Airways""",A320,Couple Leisure,Economy Class,Lisbon to London,May 2023,1,3,No rating,1,1,2
"""cancel your flight without notice""",No Aircraft,Couple Leisure,Premium Economy,Dallas to Madrid via London,May 2023,1,1,1,1,1,1
"""flights changed with no cost""",No Aircraft,Couple Leisure,Economy Class,London to Valencia,March 2023,4,4,No rating,No rating,5,4
"""Cheap, quick and efficient""",A320,Solo Leisure,Economy Class,London to Glasgow,May 2023,5,5,5,No rating,5,5
"""the worst major European airline""",A320 Finnair,Business,Business Class,London Heathrow to Malaga,May 2023,2,2,3,1,1,1
"""do not think the fare was worth the money""",A319,Couple Leisure,Business Class,London to Nice,May 2023,2,3,3,No rating,4,1
"""BA is on the skids downhill""",No Aircraft,Solo Leisure,Business Class,London to San Francisco,September 2022,3,1,1,4,2,2
"""Absolutely terrible experience""",No Aircraft,Solo Leisure,Economy Class,London to Dallas,April 2023,1,1,3,3,1,1
"""poor service and unhappy customers""",No Aircraft,Business,Economy Class,London to Madrid,May 2023,4,3,1,No rating,1,1
"""just won't use them again""",No Aircraft,Solo Leisure,Economy Class,London to Belfast,May 2023,1,3,3,1,1,1
"""Another bad show""",No Aircraft,Couple Leisure,Business Class,Los Angeles to London,May 2023,5,5,4,5,1,1
"""what an earth is going on at BA""",No Aircraft,Couple Leisure,Business Class,Atlanta to London,April 2023,4,3,1,2,1,1
"""I had to reschedule my flight""",No Aircraft,Couple Leisure,Business Class,No Route,May 2023,No rating,No rating,No rating,No rating,No rating,1
"""most appalling airline service""",Boeing 787-9,Solo Leisure,Business Class,Sydney to London via Singapore,May 2023,1,1,1,1,1,1
"""Customer service is shocking""",No Aircraft,Solo Leisure,Business Class,Heathrow to Faro,May 2023,1,1,1,1,1,1
"""Avoid this airline""",No Aircraft,Business,Economy Class,London to Barcelona,May 2023,No rating,No rating,No rating,No rating,1,1
"""a lot of actual lies being told""",No Aircraft,Business,Economy Class,New York to London,April 2023,4,3,3,3,1,1
"""premium price for very average service""",Boeing 787,Couple Leisure,Business Class,Singapore to London,April 2023,4,2,1,5,3,1
"""lack of customer service""",No Aircraft,Couple Leisure,Economy Class,Sweden to Los Angeles via London,January 2023,3,3,3,2,3,1
"""Overall not a good airline""",Boeing 777,Couple Leisure,Premium Economy,Seattle to Zagreb via London,April 2023,3,2,1,1,3,2
"""delayed and missed connecting flight""",Boeing 777,Family Leisure,Premium Economy,"Bangalore to Toronto via London,",April 2023,2,1,2,3,1,1
"""!not a good experience""",Dreamliner,Family Leisure,Economy Class,London to Denver,February 2023,2,1,1,3,1,2
""" A very pleasant experience""",A350,Solo Leisure,Premium Economy,London to Hong Kong,April 2023,4,5,4,3,4,4
"""It was a nightmare""",No Aircraft,Couple Leisure,Economy Class,Brussels to Los Angeles via London Heathrow,April 2023,1,4,1,3,1,1
"""Abysmal service""",No Aircraft,Couple Leisure,Economy Class,Copenhagen to London,April 2023,1,4,2,No rating,2,2
"""trained to give you the runaround""",No Aircraft,Family Leisure,Economy Class,London to Denver,March 2023,2,5,2,3,4,1
"""they only had one choice of meal""",No Aircraft,Solo Leisure,Economy Class,Hong Kong to London,April 2023,2,1,1,1,2,2
"""relentless BA cost cutting""",A320,Business,Business Class,Heathrow to Malaga,April 2023,3,3,4,No rating,3,2
"""I wouldn't recommend British Airways""",No Aircraft,Family Leisure,Economy Class,Santorini to Gatwick,March 2023,4,4,No rating,1,3,1
"""Absolutely horrible experience""",No Aircraft,Solo Leisure,Economy Class,Madrid to Belfast via London,January 2023,3,3,2,No rating,1,1
"""This is the worst airline""",No Aircraft,Business,Economy Class,Dublin to London,April 2023,1,1,1,1,1,1
"""never fly British Airways again""",No Aircraft,Couple Leisure,Business Class,London to Venice,March 2023,1,2,2,1,2,2
"""seats were cramped and uncomfortable""",A350,Couple Leisure,Economy Class,Las Vegas to London,April 2023,1,1,1,4,4,1
"""I enjoyed my flight""",A320,Solo Leisure,Business Class,Faro to Heathrow,April 2023,5,5,5,No rating,3,5
"""found the food menu rather odd""",Boeing 777,Couple Leisure,Business Class,London to Atlanta,April 2023,4,3,2,3,2,3
"""cover 50% of my new luggage""",No Aircraft,Couple Leisure,Economy Class,London to Copenhagen,April 2023,1,4,1,No rating,1,1
"""the worst flight of my life""",No Aircraft,Couple Leisure,Economy Class,London to Malta,April 2023,3,1,2,No rating,1,1
"""flight was pleasant enough""",A319,Couple Leisure,Economy Class,Belfast to London,April 2023,4,4,3,No rating,4,4
"""downright rude and abusive""",Boeing 787,Business,Premium Economy,London to Hong Kong,April 2023,2,2,3,3,4,3
"""disappointing staff""",No Aircraft,Family Leisure,Economy Class,Mumbai to Chicago via London,April 2023,4,1,5,5,1,1
"""crew could not give a damn""",Boeing 777,Business,Business Class,London to New York,April 2023,3,2,2,2,3,2
"""a very solid experience""",Boeing 777-200,Solo Leisure,Economy Class,Mumbai to London,March 2023,4,5,3,5,4,5
"""Service was impeccable""",Boeing 787 / A320,Couple Leisure,Business Class,Mexico City to Amsterdam via London,March 2023,4,5,5,No rating,4,5
"""Very poor service, very frustrating""",No Aircraft,Business,Economy Class,Barcelona to London,March 2023,3,3,3,1,3,1
"""Generally poor""",A321,Couple Leisure,Economy Class,London to Lanzarote,March 2023,3,2,No rating,1,2,3
"""changed our prepaid seats""",No Aircraft,Couple Leisure,Economy Class,Marrakech to London Heathrow,March 2023,1,1,1,No rating,1,1
"""airline is going downhill rapidly""",No Aircraft,Couple Leisure,Economy Class,London Heathrow to Marrakech,March 2023,1,3,1,No rating,1,1
"""made a complaint, nothing happened""",No Aircraft,Family Leisure,Economy Class,London to Algiers,May 2022,1,1,No rating,No rating,1,2
"""Every flight was delayed""",No Aircraft,Couple Leisure,Economy Class,Miami to Munich via London,March 2023,3,1,3,4,1,1
"""how far the quality level has slid""",No Aircraft,Business,Economy Class,New York to London,March 2023,1,1,1,2,2,2
"""worst cabin experience ever""",A321Neo,Couple Leisure,Economy Class,Cairo to London,March 2023,1,4,1,1,4,2
"""Very impressive and efficient""",Boeing 777,Solo Leisure,Premium Economy,Mumbai to Nassau via London,March 2023,4,4,2,3,3,3
"""We are done with BA""",A380,Couple Leisure,First Class,Johannesburg to London,March 2023,4,5,4,4,1,2
"""I was left stranded at the airport""",No Aircraft,Solo Leisure,Economy Class,Munich to London Heathrow,March 2023,3,3,No rating,No rating,1,1
"""I will never fly with them again""",No Aircraft,Couple Leisure,Economy Class,Amsterdam to London,March 2023,1,No rating,No rating,No rating,1,1
"""A catalogue of failures""",No Aircraft,Couple Leisure,Economy Class,Heathrow to Belfast City,March 2023,3,3,3,No rating,1,1
"""it's by no measure good""",A320,Couple Leisure,Economy Class,Gatwick to Dubrovnik,March 2023,1,3,2,No rating,5,5
"""Avoid unless you have no other option""",No Aircraft,Business,Economy Class,London Heathrow to Amsterdam,March 2023,2,1,1,No rating,1,1
"""pathetically inefficient""",No Aircraft,Solo Leisure,Economy Class,Zagreb to London Heathrow,March 2023,3,2,1,1,1,2
"""fallen far behind their competitors""",No Aircraft,Couple Leisure,Premium Economy,New York JFK to Heathrow,March 2023,1,2,2,2,3,1
"""one of the worst experiences""",No Aircraft,Solo Leisure,Economy Class,Dublin to Orlando via Heathrow,December 2022,1,1,1,1,1,1
"""a horror show of incompetence""",No Aircraft,Family Leisure,Economy Class,London Heathrow to Munich,March 2023,1,1,1,No rating,1,1
"""My baggage never arrived""",No Aircraft,Business,Business Class,London to Dubai,December 2022,4,4,4,4,1,1
"""Total disruption, wasted time""",A320,Solo Leisure,Economy Class,Geneva to London,March 2023,2,3,3,No rating,1,2
"""what an absolute nightmare""",No Aircraft,Family Leisure,Economy Class,Prague to London,December 2022,1,No rating,No rating,No rating,1,1
"""I detest British Airways""",No Aircraft,Business,Economy Class,Heathrow to Glasgow,March 2023,1,1,1,1,1,1
"""Clean aircraft, good crew, professional""",A321,Business,Economy Class,London Heathrow to Arlanda Stockholm,March 2023,5,5,2,No rating,5,5
"""this airline is horrible""",No Aircraft,Couple Leisure,Business Class,Portland to Tel Aviv via Heathrow,March 2023,No rating,No rating,No rating,No rating,No rating,1
"""avoid flying British Airways""",No Aircraft,Solo Leisure,Business Class,Heathrow to Milan Malpensa,April 2022,No rating,No rating,No rating,No rating,1,1
"""had better treatment from Ryanair""",No Aircraft,Solo Leisure,Economy Class,London to Los Angeles,March 2023,1,2,1,1,3,1
"""Would happily fly them again""",Boeing 777 / A320,Solo Leisure,Economy Class,New York to Istanbul via London,March 2023,5,5,5,5,5,5
"""one drink service on 10 hour flight""",No Aircraft,Couple Leisure,Premium Economy,London Heathrow to Las Vegas,March 2023,3,2,1,4,2,3
"""squashed into regular seats""",A321neo,Business,Business Class,London to Cairo,January 2023,1,2,1,1,3,1
"""nice and professional crew""",Boeing 787,Solo Leisure,Economy Class,London Singapore,February 2023,3,5,5,4,5,4
"""acceptable experience, nothing more""",A380,Business,Business Class,London to Dubai,February 2023,2,3,2,3,4,3
"""FA's were very friendly""",A320,Business,Business Class,Brussels to London,February 2023,2,4,4,No rating,4,4
"""original flight was cancelled""",No Aircraft,Family Leisure,Economy Class,Lyon to London,February 2023,1,4,1,No rating,1,1
"""no better than a low cost airline""",No Aircraft,Family Leisure,Economy Class,London to Lyon,February 2023,1,4,1,1,1,1
"""they could not serve hot drinks""",A320,Couple Leisure,Economy Class,Faro to Gatwick,February 2023,2,2,1,No rating,5,2
"""got virtually free tickets""",A320,Family Leisure,Economy Class,Oslo to London,February 2023,3,3,1,No rating,2,3
"""found the attitude appalling""",A320,Solo Leisure,Economy Class,London to Madrid,February 2023,2,1,1,No rating,1,2
"""crew were really nice""",No Aircraft,Couple Leisure,Economy Class,Islamabad to London,February 2023,4,5,2,3,4,5
"""Lots of cancellations and delays""",No Aircraft,Couple Leisure,Economy Class,Edinburgh to London,February 2023,3,2,No rating,No rating,1,1
"""Overall, very happy with BA""",Boeing 787-9,Couple Leisure,Business Class,Mexico City to London,February 2023,5,5,4,4,5,5
"""the best airline I've flown with""",A320,Solo Leisure,Economy Class,Palma to Gatwick,January 2023,5,5,5,No rating,5,5
"""so determined to help""",No Aircraft,Family Leisure,Economy Class,London to Madrid,February 2023,5,5,5,No rating,5,5
"""crew are a credit to BA""",A320,Business,Economy Class,London Heathrow to Glasgow,January 2023,5,5,4,No rating,5,5
"""catalogue of errors and inconveniences""",No Aircraft,Couple Leisure,Premium Economy,London to Buenos Aires,January 2023,3,1,1,No rating,4,1
"""the food was poor""",Boeing 777-300,Solo Leisure,Premium Economy,London to Vancouver,January 2023,4,4,1,1,4,1
"""No more BA for me""",No Aircraft,Solo Leisure,Economy Class,Faro to London,January 2023,1,2,No rating,No rating,4,3
"""Excellent service""",A380,Solo Leisure,First Class,Heathrow to Johannesburg,January 2023,4,5,4,3,5,4
"""Sound dinner service""",Boeing 777-200,Couple Leisure,Business Class,Cape Town to London,January 2023,4,5,5,4,4,4
"""A really excellent journey""",Boeing 777-300ER,Couple Leisure,Business Class,London to Male,January 2023,5,5,5,5,5,4
"""flight was one of the worst""",No Aircraft,Solo Leisure,Business Class,London to Vienna,December 2022,3,2,1,No rating,1,1
"""there is a race to the bottom""",No Aircraft,Couple Leisure,Economy Class,Johannesburg to Los Angeles via London,January 2023,2,2,2,No rating,1,2
"""need to cancel the ticket and rebook""",No Aircraft,Solo Leisure,Economy Class,London Gatwick to Alicante,January 2023,No rating,No rating,No rating,No rating,No rating,1
"""very friendly cabin crew""",Boeing 787-8,Family Leisure,Economy Class,London to Tel Aviv,December 2022,4,5,4,3,4,5
"""a good drinks and food service""",Boeing 777-200,Couple Leisure,Business Class,London Heathrow to Cape Town,January 2023,3,5,5,5,4,4
"""you should let me use the lounge""",No Aircraft,Solo Leisure,Economy Class,Gatwick to Dublin,January 2023,3,5,No rating,No rating,1,1
"""I find BA incredibly tacky""",No Aircraft,Solo Leisure,Premium Economy,London Heathrow to Athens Greece,April 2022,3,4,1,1,3,1
"""This flight was so disappointing""",Boeing 777-200,Family Leisure,Economy Class,Atlanta to London,January 2023,1,1,1,3,1,2
"""just an average airline""",A380,Family Leisure,Economy Class,London to Chicago,December 2022,3,2,3,4,3,2
"""Luggage is delayed""",No Aircraft,Family Leisure,Economy Class,Istanbul to Vancouver via Heathrow,January 2023,1,5,1,1,1,1
"""the worst business class experience I've ever had""","A320, A380",Family Leisure,Business Class,Vienna to Los Angeles via London Heathrow,January 2023,1,2,1,1,1,1
"""not recommended for business class""",No Aircraft,Business,Business Class,London to San francisco,January 2023,2,5,2,1,2,1
"""surprisingly a good product""",A321,Business,Economy Class,London to Belfast,January 2023,4,5,3,No rating,5,4
"""Maybe the old charm will return soon""",A380,Business,Economy Class,Doha to London,December 2022,5,3,1,1,5,4
"""having to pay to reserve a specific seat""",Boeing 777,Couple Leisure,Business Class,London to Barbados,December 2022,3,4,4,2,4,3
"""Upgrade was worth it""",Boeing 777,Solo Leisure,Premium Economy,London Gatwick to Cape Town,December 2022,3,4,4,2,2,3
"""Disappointing meal""",A350,Solo Leisure,Business Class,Cape Town to London,December 2022,4,3,2,2,1,2
"""minimal communication from their team""",No Aircraft,Solo Leisure,Economy Class,London Heathrow to Frankfurt,December 2022,3,3,No rating,No rating,1,1
"""felt misguided and misinformed""",No Aircraft,Family Leisure,Economy Class,Vancouver to Delhi via London,December 2022,No rating,No rating,No rating,No rating,No rating,1
"""Flight perfectly on time""",A320,Couple Leisure,Economy Class,Marseille to London,December 2022,3,3,2,No rating,4,5
"""treat your customers like idiots""",Boeing 777-300,Couple Leisure,First Class,London to Male,December 2022,2,2,1,1,3,1
"""cancelled only 4 hours before take off""",A320,Solo Leisure,Economy Class,Keflavik to London Heathrow,December 2022,2,3,No rating,No rating,1,1
"""have to use other airlines now""",No Aircraft,Business,Business Class,London Heathrow to Frankfurt,October 2022,3,4,3,No rating,1,1
"""my suitcase didn’t arrive with me""",No Aircraft,Solo Leisure,Economy Class,London Heathrow to Bangkok via Doha,December 2022,2,2,2,2,1,1
"""Cabin crew - Treated passengers as an inconvenience""",No Aircraft,Couple Leisure,Premium Economy,London Gatwick to Cancun,November 2022,4,1,1,3,1,1
"""luggage was finally delivered on Thursday""",No Aircraft,Solo Leisure,Premium Economy,London to Phoenix,December 2022,3,5,4,3,1,4
"""improvements needed with their ground staff2",A321,Business,Business Class,London to Rome,December 2022,4,4,5,No rating,1,4
"""appallingly uncomfortable flights""",Boeing 777,Couple Leisure,Business Class,Barbados to London Heathrow,December 2022,1,1,1,1,1,1
"""Cabin crew very good""",Boeing 777-200,Solo Leisure,Economy Class,Doha to  Gatwick,November 2022,2,5,4,4,3,5
"""late and delayed""",A320,Business,Business Class,Glasgow to London,December 2022,5,5,3,3,5,3
"""learned my lesson about late BA upgrades""",Boeing 777,Couple Leisure,Premium Economy,London to Boston,December 2022,3,4,3,No rating,3,3
"""No curtain between business and economy class""",A320,Solo Leisure,Business Class,London to Prague,November 2022,2,1,1,No rating,2,1
"""electronics are very poor""",No Aircraft,Business,Business Class,London to Larnaca,December 2022,1,No rating,No rating,No rating,2,3
"""couldn't even order any food / drink""",No Aircraft,Family Leisure,Economy Class,Cairo to London,December 2022,3,2,1,No rating,3,2
"""My bag never showed up""",Boeing 787-9,Business,Economy Class,Denver to London,December 2022,1,1,1,3,1,1
"""eventually make good on their promise""",A320,Solo Leisure,Business Class,London to Marrakech,June 2022,3,5,5,No rating,4,3
"""Extremely sub-par service""",A380,Solo Leisure,Economy Class,San Francisco to London,November 2022,2,1,2,2,3,2
"""the service was excellent""",A320,Solo Leisure,Business Class,London to Lisbon,November 2022,3,4,4,No rating,3,3
"""I thoroughly enjoyed my flight""",Boeing 787 / A320,Solo Leisure,Economy Class,Montreal to Edinburgh via London Heathrow,January 2022,4,4,4,4,4,4
"""wouldn't let me check-in until 24 hours before""",No Aircraft,Solo Leisure,Economy Class,Miami to Budapest via London,November 2022,2,3,3,4,1,1
"""Will honestly never fly them again if I can help it""",No Aircraft,Solo Leisure,Premium Economy,Amman Jordan to London UK (Heathrow),November 2022,3,2,1,No rating,4,2
"""Very unprofessional for a renowned airline like BA""",No Aircraft,Solo Leisure,Economy Class,Dusseldorf to London via Los Angeles,August 2022,1,1,1,1,1,1
"""lounge was overcrowded and worn out""",Boeing 777,Solo Leisure,Business Class,London to Cape Town,November 2022,4,2,1,4,1,1
"""very uncomfortable trip""",No Aircraft,Solo Leisure,Economy Class,Milan to Dallas via London,November 2022,2,5,2,2,2,1
"""rate this just as a mediocre journey""",Boeing 787-8,Solo Leisure,Economy Class,Baltimore to London Heathrow,November 2022,1,3,3,1,2,3
"""baggage yet to be delivered after 5 weeks""",No Aircraft,Couple Leisure,Business Class,Dubai to Belfast via London,October 2022,3,3,3,2,1,1
"""misplaced our luggage during our wedding trip""",No Aircraft,Couple Leisure,Economy Class,Dallas to Bologna via London,July 2022,5,5,No rating,No rating,1,1
"""zero faith in British Airways""",No Aircraft,Solo Leisure,Economy Class,San Francisco to London,October 2022,No rating,No rating,No rating,No rating,1,1
"""under whelmed by the experience""",A320,Solo Leisure,Economy Class,London Heathrow to Gibraltar,October 2022,2,1,1,No rating,3,3
"""about as abysmal as you can get""",Boeing 777,Solo Leisure,Business Class,London Heathrow to Nairobi,October 2022,3,1,1,2,1,1
"""has returned to full service""",A350-1000,Solo Leisure,Business Class,London to Los Angeles,October 2022,5,4,5,5,3,5
"""this flight was quite good""",A320,Solo Leisure,Business Class,Copenhagen to Heathrow,October 2022,3,5,5,No rating,4,5
"""no attempt to provide fresh or hot foo""",A320,Family Leisure,Economy Class,Larnaca to London,October 2022,1,2,1,1,2,2
"""A very positive experience""",Boeing 787-10,Couple Leisure,Business Class,Atlanta to London,October 2022,5,4,4,5,5,4
"""Baggage took 3/4 hour to be delivered""",A380,Solo Leisure,Business Class,Madrid to San Francisco via London,September 2022,3,1,1,4,3,1
"""cabin crew were very pleasant and helpful""",A380,Solo Leisure,Economy Class,London to Washington,October 2022,3,5,5,3,2,5
"""Very rude and unhelpful staff""",A380,Couple Leisure,Economy Class,London to San Francisco,October 2022,1,1,3,3,1,1
"""cabin crew were very helping""",No Aircraft,Solo Leisure,Economy Class,London to Delhi,October 2022,2,2,1,3,4,1
"""All in all BA was just fine""",Boeing 777-300,Couple Leisure,Economy Class,London to Los Angeles,October 2022,3,4,3,4,4,4
"""recommend BA's new Club Class""",Boeing 777,Couple Leisure,Business Class,Miami to London Heathrow,October 2022,5,5,3,2,4,3
"""Would recommend""",A380,Solo Leisure,Business Class,Dubai to London,October 2022,4,4,4,2,4,3
"""hit the  call button, no response for an hour""",A320neo,Couple Leisure,Economy Class,London to Cairo,October 2022,1,1,1,No rating,4,1
"""She was attentive, warm, friendly""",Boeing 777,Solo Leisure,Business Class,Orlando to London Gatwick,October 2022,5,5,5,5,5,4
"""cramped single aisle aircraft""",A321neo,Business,Economy Class,London to Cairo,October 2022,2,4,1,No rating,3,1
"""it was an OK experience""",A380,Couple Leisure,Economy Class,Dallas to London,September 2022,2,4,2,4,4,3
"""wait for cases at Heathrow T5""",A319,Couple Leisure,Business Class,Jersey to London Heathrow,September 2022,4,4,4,No rating,3,4
"""cabin crew are usually exceptional""",A320,Couple Leisure,Business Class,London Heathrow to Jersey,September 2022,4,5,4,No rating,3,4
"""I still found it underwhelming""",A320-200,Solo Leisure,Business Class,Istanbul to London Heathrow,September 2022,1,3,2,1,3,2
"""At least the food tasted good""",Boeing 777-200,Solo Leisure,Business Class,London Heathrow to New York JFK,September 2022,5,4,4,4,5,5
"""I will never travel BA again""",No Aircraft,Business,Economy Class,Gothenburg to Jersey via London,June 2022,2,2,No rating,No rating,1,1
"""Couldn’t fault anything""",No Aircraft,Solo Leisure,Premium Economy,Heathrow to Mexico City,September 2022,5,5,5,5,5,5
"""personnel was just magnificent""",No Aircraft,Solo Leisure,Economy Class,London to Tampa,September 2022,5,5,5,5,5,5
"""Should be more snacks on board""",No Aircraft,Solo Leisure,Economy Class,Sydney to London via Singapore,September 2022,1,3,2,5,4,2
"""Crew were friendly""",A320,Couple Leisure,Economy Class,London to Lisbon,September 2022,4,5,1,No rating,3,3
"""very short leg space""",No Aircraft,Business,Business Class,London to Istanbul,September 2022,1,1,1,No rating,1,1
"""staff were no help and frankly rude""",No Aircraft,Couple Leisure,Economy Class,London to Manchester,September 2022,4,1,2,1,1,1
"""Flight was cancelled at the last minute""",Boeing 777,Family Leisure,Economy Class,London to Rome,August 2022,4,4,3,No rating,1,2
"""I have to write a positive review""",No Aircraft,Couple Leisure,Business Class,London Gatwick to Malaga,September 2022,3,5,5,1,4,3
"""review is for BA booking system""",No Aircraft,Business,Economy Class,Heathrow to Tenerife,November 2021,No rating,No rating,No rating,No rating,No rating,1
"""I will not be flying BA again""",No Aircraft,Couple Leisure,Economy Class,Manchester to Seattle via London,August 2022,3,2,1,2,4,3
"""not been recompensed for our expenses""",No Aircraft,Couple Leisure,Premium Economy,San Francisco to London,April 2022,2,1,2,3,1,1
"""she went above and beyond""",No Aircraft,Couple Leisure,Economy Class,Berlin to London City,August 2022,3,5,4,No rating,2,4
"""Hard working crew""",Boeing 787,Couple Leisure,Economy Class,Tel Aviv to London,August 2022,5,5,5,5,3,4
"""Philippines Airlines require a 24 hr negative covid test""",No Aircraft,Solo Leisure,Business Class,London to Manila via Singapore,June 2022,1,1,1,1,1,1
"""not worth the risk of travelling with BA""",No Aircraft,Solo Leisure,Economy Class,London to Barcelona,June 2022,1,2,1,No rating,1,1
"""cancelled my return flight""",No Aircraft,Business,Business Class,Los Angeles to Thessaloniki via London,June 2022,2,2,1,No rating,1,1
"""staff were so friendly""",No Aircraft,Couple Leisure,Economy Class,Boston to Dublin via London,August 2022,5,5,5,5,5,5
"""amazing at her job""",No Aircraft,Couple Leisure,Economy Class,London to New York,July 2022,5,5,5,5,5,3
"""no food available for the 4 year old""",Boeing 777,Family Leisure,Economy Class,Cape Town to London Heathrow,August 2022,2,1,1,3,4,3
"""We had a nice flight""",No Aircraft,Couple Leisure,Premium Economy,Dallas Ft Worth to London,May 2022,3,5,5,No rating,4,4
"""2 suitcases lost in 2 flights""",No Aircraft,Family Leisure,Economy Class,London to Amsterdam,July 2022,1,1,1,No rating,1,1
"""Some things just do not change at BA""",A320,Solo Leisure,Business Class,London to Marrakesh,June 2022,1,1,1,1,1,1
"""I have not received my refund""",No Aircraft,Solo Leisure,Economy Class,Accra to London,November 2021,No rating,No rating,No rating,No rating,1,1
"""has taken a nosedive in my opinion""",No Aircraft,Solo Leisure,Economy Class,Nairobi to New York via London,July 2022,3,5,3,No rating,3,1
"""A good flight overall""",A380,Family Leisure,Business Class,San Francisco to London,July 2022,4,5,4,4,4,4
"""managed to lose my luggage""",A320,Solo Leisure,Economy Class,London to Amman,May 2022,1,1,No rating,No rating,1,1
"""get us on a flight 5 days later""",No Aircraft,Family Leisure,Economy Class,Edinburgh to Washington via London,July 2022,2,2,2,No rating,1,1
"""refund process is non responsive""",No Aircraft,Couple Leisure,Economy Class,Vancouver to Amsterdam via London,June 2022,5,5,5,5,1,1
"""Seat was very uncomfortable""",A350-1000,Couple Leisure,Economy Class,Sao Paulo to Heathrow,July 2022,1,2,3,1,3,3
"""let down by chaotic check-in and boarding""",A321,Couple Leisure,Economy Class,London to Reykjavik,May 2022,3,4,1,No rating,1,4
"""Crew were attentive and charming""",A321,Business,Economy Class,Belfast to London,July 2022,4,5,2,No rating,2,4
"""become an absolute nightmare""",No Aircraft,No Type Of Traveller,Business Class,London to Malaga,July 2022,No rating,No rating,No rating,No rating,No rating,1
"""wonderful BA representative""",No Aircraft,Couple Leisure,Business Class,London to Toronto,July 2022,5,5,5,5,5,5
"""Overall a good flight""",A350,Family Leisure,Business Class,London to Los Angeles,July 2022,4,4,4,5,5,4
"""disappointed and angry""",No Aircraft,Family Leisure,Economy Class,Washington to London,July 2022,1,1,No rating,No rating,1,1
"""lack of practical assistance""",No Aircraft,Solo Leisure,Premium Economy,Nairobi to New York via London,July 2022,1,1,1,1,1,1
"""they have no idea where our bags are""",Embraer 190,Couple Leisure,Business Class,Dublin to London City,July 2022,4,4,3,No rating,1,1
"""Limited TV and movie selections""","A320, Boeing 787",Solo Leisure,Premium Economy,Venice to Baltimore via London Heathrow,July 2022,3,3,3,2,1,2
"""seat reservation fees are non refundable""",No Aircraft,Couple Leisure,Premium Economy,London to Nairobi,June 2022,No rating,No rating,No rating,No rating,No rating,1
"""cabin crew seemed to really struggle with service""",A350,Couple Leisure,Economy Class,London Heathrow to Johannesburg,June 2022,1,3,3,2,2,4
"""Overall not happy at all""",No Aircraft,Family Leisure,Economy Class,Belfast to London,June 2022,No rating,No rating,No rating,No rating,1,1
"""do not allow free seat selection",No Aircraft,Family Leisure,Business Class,No Route,June 2022,2,2,2,2,1,1
"""Really not fair to just take our money!""",No Aircraft,Couple Leisure,Economy Class,London to Paris,July 2021,1,1,1,1,1,1
"""Trying to call BA was a nightmare""",No Aircraft,Business,Business Class,Miami to Paris,June 2022,3,4,4,2,3,1
"""flight was delayed over 6 hours""",No Aircraft,Family Leisure,Economy Class,Edmonton to Cairo,June 2022,2,2,1,1,1,2
"""No respect with the customer!""",No Aircraft,Couple Leisure,Premium Economy,Amsterdam to Montreal via London,June 2022,2,2,2,2,2,2
"""BA cancelled my flight, I never got on it""",No Aircraft,Solo Leisure,Economy Class,Hong Kong to London,April 2022,No rating,No rating,No rating,No rating,No rating,1
"""think twice to take BA in the future""",No Aircraft,Family Leisure,Economy Class,Belfast to London,June 2022,3,1,2,No rating,1,1
"""I guess BA has selected the lowest budget option""",A350,Business,Economy Class,London to Johannesburg,June 2022,1,4,1,2,3,2
"""Good old times of being a glamour flying BA has far gone""",A320,Couple Leisure,Economy Class,Paris CDG to London Heathrow,June 2022,1,4,1,1,2,1
"""food choice and quality was poor""",No Aircraft,Couple Leisure,Business Class,Portland to London,June 2022,2,4,2,2,4,2
"""BA standards continue to slip""",A320,Business,Business Class,London to Malaga,June 2022,3,2,2,No rating,2,3
"""Right now do not use British Airways""",No Aircraft,Couple Leisure,Economy Class,Boston to Edinburgh via Heathrow,June 2022,1,4,4,3,1,1
"""never use this company again""",No Aircraft,Couple Leisure,Economy Class,Edmonton to Santorini via Toronto / London,June 2022,1,1,No rating,No rating,1,1
"""a fairly disappointing experience""",A380,Solo Leisure,Economy Class,Vancouver to London,June 2022,1,2,1,3,2,3
"""Club Suite seats a huge improvement""",Boeing 777-200,Couple Leisure,Business Class,London to san Francisco,June 2022,4,4,3,5,2,4
"""had to hand in my hand luggage""",No Aircraft,Business,Economy Class,London to Amsterdam,June 2022,2,2,No rating,No rating,2,1
"""BA are putting the 'economy' back in premium economy""",Boeing 777,Couple Leisure,Premium Economy,Cancun to London Gatwick,June 2022,4,3,2,4,3,3
"""no information where my luggage is""",No Aircraft,Couple Leisure,Economy Class,Phoenix to Hamburg via London,June 2022,2,2,3,4,1,1
"""This airline is a complete disaster""",No Aircraft,Family Leisure,Business Class,Dallas Fort-Worth to Toulouse via London,June 2022,1,1,1,1,1,1
"""the nicest crew I've ever had""",A320,Couple Leisure,Business Class,London to Thira,June 2022,5,5,5,No rating,5,5
"""she went above and beyond""",No Aircraft,Family Leisure,Economy Class,Islamabad to Manchester via Gatwick,April 2022,5,5,5,No rating,5,4
"""crew made the flight outstanding""",A380,Solo Leisure,Business Class,Vancouver to London,June 2022,4,5,3,4,2,5
"""Overall it was a great flight""",Boeing 777-300ER,Business,Economy Class,London to Boston,May 2022,4,5,5,No rating,5,3
"""provide a hassle free flight to my son""",No Aircraft,Solo Leisure,Economy Class,Johannesburg to Toronto via London,May 2022,4,4,4,No rating,4,3
"""finally agreed to refund my baggage charge""",No Aircraft,Couple Leisure,Economy Class,Zurich to London,February 2022,No rating,No rating,No rating,No rating,1,1
"""Crew were good but lacked the personal touch""",Boeing 777,Couple Leisure,Business Class,Johannesburg to London Heathrow,April 2022,4,4,3,No rating,3,3
"""do not recommend this airline""",No Aircraft,Couple Leisure,Business Class,Miami to Zurich via London,May 2022,4,3,3,4,1,1
"""I will never use them again""",Boeing 777-300,Family Leisure,Economy Class,Bridgetown to London,May 2022,1,5,1,3,3,1
"""they should be ashamed""",No Aircraft,Family Leisure,Business Class,London to Malaga,May 2022,No rating,No rating,No rating,No rating,No rating,2
"""economy style with an unsold middle seat""",No Aircraft,Couple Leisure,Business Class,Dubrovnik to London,May 2022,2,2,1,No rating,4,1
"""Amsterdam is the worst airport I have experienced""",No Aircraft,Couple Leisure,Economy Class,Amsterdam to London,May 2022,2,1,1,No rating,1,1
"""They actually give me a voucher""",No Aircraft,Business,Economy Class,Columbus to Nairobi via Chicago / London,May 2022,No rating,No rating,No rating,No rating,No rating,1
"""battling a long overdue refund""",No Aircraft,Solo Leisure,Economy Class,London to Geneva,March 2022,No rating,No rating,No rating,No rating,No rating,1
"""I will never fly with them again""",No Aircraft,Solo Leisure,Business Class,London to Mauritius,March 2022,No rating,No rating,No rating,No rating,1,1
"""one excuse after another with BA these days""",A320,Solo Leisure,Economy Class,London Heathrow to Malaga,May 2022,3,2,1,1,1,3
"""Cancelled connection flight""",No Aircraft,Solo Leisure,Economy Class,Basel to Johannesburg via London,May 2022,1,2,2,2,1,2
"""no cabin divider in the aircraft""",A320,Couple Leisure,Business Class,Athens to London,May 2022,2,4,3,No rating,3,2
"""worth the extra money for Premium Economy""",Boeing 787,Solo Leisure,Premium Economy,London to Mexico City,April 2022,5,4,4,3,4,4
"""decline in customer service""",No Aircraft,Business,Economy Class,Glasgow to New York,May 2022,3,4,4,4,1,1
"""I’m extremely frustrated""",No Aircraft,Solo Leisure,Economy Class,London Heathrow to Los Angeles,May 2022,1,5,No rating,No rating,4,1
"""Staff very friendly and professional""",Boeing 777,Solo Leisure,Premium Economy,Dubai to Milan Malpensa via London,May 2022,5,5,5,5,5,5
"""upgrade had been given away to someone else""",No Aircraft,Solo Leisure,Economy Class,Los Angeles to London,May 2022,No rating,No rating,No rating,No rating,No rating,1
"""discrepancy with the baggage allowance""",Boeing 777,Solo Leisure,Economy Class,London to Cape Town,April 2022,2,1,2,No rating,1,1
"""thank you for the great service""",No Aircraft,Solo Leisure,Economy Class,São Paulo to Milan via London,April 2022,5,5,5,5,5,5
"""food was first class, nothing was too much for the staff""",A321 Neo,Family Leisure,Business Class,Madrid to London Heathrow,April 2022,3,5,5,No rating,5,4
"""Overall a very pleasant trip""",A320,Couple Leisure,Business Class,Dubrovnik to London Heathrow,April 2022,4,5,5,No rating,5,5
"""have lost all patience with this airline""",No Aircraft,Business,Business Class,London to Aberdeen,April 2022,1,2,1,No rating,3,1
"""BA have no intention of resolving this""",A320,Solo Leisure,Business Class,Pisa to London Heathrow,March 2022,1,1,1,1,1,1
"""absolutely shocking service""",Boeing 737 800,Couple Leisure,Economy Class,Johannesburg to Durban,April 2022,1,1,1,No rating,1,1
"""was a really bad experience""",A320,Couple Leisure,Economy Class,Gothenburg to Manchester via London,April 2022,3,3,1,No rating,1,1
"""lots of space and privacy, very good seat""",Boeing 787,Solo Leisure,Business Class,Chicago to London,March 2022,5,5,5,4,3,4
"""been an appalling experience""",No Aircraft,Couple Leisure,Economy Class,Riyadh to Nice via London,April 2022,2,3,2,3,1,2
"""such terrible customer service""",No Aircraft,Couple Leisure,Business Class,London to Glasgow,April 2022,No rating,No rating,No rating,No rating,No rating,1
"""The service was very good""",A380,Family Leisure,Economy Class,Glasgow to Washington via London,April 2022,4,5,4,3,4,3
"""BA is becoming more and more shambolic""",A320neo,Business,Business Class,Malaga to London,April 2022,2,4,2,No rating,2,2
"""Shout out to the help desk at Heathrow""",No Aircraft,Couple Leisure,Economy Class,Nice to Dallas via London,April 2022,5,5,4,5,5,4
"""watched their decline with great sadness""",No Aircraft,Solo Leisure,Economy Class,London to Paris,March 2022,1,1,1,No rating,1,3
"""disgraceful that a full fare paying passenger should be treated like this""",A320 / Boeing 777,Couple Leisure,Business Class,Phoenix to Paris via London,April 2022,3,2,2,1,2,2
"""Generally a positive experience""",Boeing 777-200,Business,Business Class,Phoenix to London Heathrow,April 2022,5,5,5,5,4,5
"""most terrible airline I’ve dealt with""",No Aircraft,Couple Leisure,Economy Class,Santorini to Los Angeles via London,April 2022,1,1,1,No rating,1,1
"""caused our family extreme stress and disappointment""",No Aircraft,Family Leisure,Business Class,London to Tokyo,June 2022,No rating,No rating,No rating,No rating,No rating,1
"""a virtually flawless experience""",Embraer,Solo Leisure,Business Class,Edinburgh to London City,April 2022,5,5,5,No rating,5,4
"""New Club Suites are amazing""",Boeing 777-200ER,Solo Leisure,Business Class,Vancouver to London,March 2022,4,4,4,4,2,5
"""Service was good but food not so""",A319,Couple Leisure,Business Class,London to Venice,March 2022,2,4,2,No rating,2,3
"""still no refunds 3 months on""",A320,Business,Business Class,London to Barcelona,April 2022,1,1,1,No rating,1,1
"""old Club Class a huge disappointment""",Boeing 777,Couple Leisure,Business Class,Barbados to Heathrow,March 2022,2,3,3,1,4,3
"""Spent an hour checking in""",No Aircraft,Business,Economy Class,Heathrow to Bologna,April 2022,1,1,No rating,No rating,1,1
"""Onboard 10/10, getting to be onboard 1/10""",A320,Business,Business Class,Geneva to London,April 2022,4,5,4,No rating,1,4
"""Food and service appalling""",No Aircraft,Solo Leisure,Economy Class,London to Singapore,April 2022,1,1,1,1,1,1
"""stop nickel and diming""",Boeing 777,Couple Leisure,Business Class,London to Barbados,March 2022,4,5,4,2,4,4
"""you can and need to do better than this""",Boeing 777,Couple Leisure,Business Class,Cape Town to London Heathrow,March 2022,3,3,1,No rating,3,1
"""the limited food served was bland""",No Aircraft,Couple Leisure,Economy Class,Sydney to Heathrow,March 2022,3,1,1,1,2,4
"""Complete and utter chaos""",A320,Business,Business Class,London to Malaga,March 2022,2,1,2,1,1,1
"""There is no customer support""",No Aircraft,Couple Leisure,Economy Class,Austin to London via Dublin,March 2022,2,1,2,No rating,1,1
"""packed-like-sardines Club World product""",Boeing 777-200,Couple Leisure,Business Class,Cape Town to London,March 2022,2,1,1,2,3,2
"""I couldn’t check in online""",No Aircraft,Couple Leisure,Economy Class,London Heathrow to Funchal,March 2022,3,3,1,No rating,1,3
"""flight to Antalya in May 2022 was cancelled""",No Aircraft,Couple Leisure,Economy Class,Gatwick to Antalya,March 2022,No rating,No rating,No rating,No rating,No rating,1
"""If I had the option I would not fly BA""",Boeing 787-9,Couple Leisure,Economy Class,London to Austin,March 2022,4,1,1,1,1,3
"""The food was awful""",No Aircraft,Couple Leisure,Premium Economy,Dubai to Heathrow,March 2022,3,2,1,3,4,2
"""really can’t believe they have the audacity to call this First Class""",Boeing 787-900,Solo Leisure,First Class,Singapore to London,March 2022,5,1,1,4,2,2
"""overall very medium experience""",A350,Family Leisure,Economy Class,Dublin to Dubai via London,March 2022,3,4,3,1,3,3
"""Ryanair has more finesse""",No Aircraft,Couple Leisure,Economy Class,London Heathrow to Cairo,February 2022,1,3,1,No rating,1,1
"""never use BA again for a long haul flight""",No Aircraft,Couple Leisure,Premium Economy,Male to London,March 2022,4,2,2,3,4,3
"""can't be reached on the phone""",No Aircraft,Business,Economy Class,Copenhagen to London,March 2022,2,2,1,No rating,1,1
"""downgraded at airport check in""",No Aircraft,Family Leisure,Premium Economy,New York to London,March 2022,1,3,3,3,1,1
"""Absolutely shambolic customer service""",A321-neo,Business,Business Class,London Heathrow to Sofia,August 2021,3,5,2,No rating,1,2
"""worst customer service""",No Aircraft,Family Leisure,Economy Class,Athens to Boston via London,October 2021,2,3,2,No rating,1,1
"""First time using BA premium and likely my last""",Boeing 777,Solo Leisure,Premium Economy,Cape Town to Glasgow via London,February 2022,3,3,2,3,2,3
"""the most shambolic customer support""",No Aircraft,Business,Business Class,Bangalore to London,March 2022,3,4,1,1,2,1
"""smacks of continued cost-cutting""",Boeing 777-200,Couple Leisure,Business Class,London to Cape Town,March 2022,3,3,2,1,3,3
"""continues to go downhill""",A320,Couple Leisure,Business Class,Lisbon to London,February 2022,1,3,1,No rating,3,1
"""this flight was excellent""",A350,Solo Leisure,Premium Economy,Vancouver to London,February 2022,4,5,5,5,4,5
"""scrapped the mandatory wearing of face masks""",A320,Business,Business Class,London to Malaga,February 2022,3,3,2,No rating,3,2
"""got it all wrong with 6 hours delay""",A322,Business,Economy Class,London to Athens,February 2022,2,3,1,No rating,1,1
"""could not rebook via BA’s website""",No Aircraft,Solo Leisure,Economy Class,London to Edinburgh,February 2022,No rating,No rating,No rating,No rating,1,1
"""T5 arrivals lounge was excellent""",Boeing 787-9,Family Leisure,Business Class,Washington to London,February 2022,4,5,4,4,5,4
"""minimal leg room in economy""",No Aircraft,Couple Leisure,Economy Class,Accra to London,January 2022,1,2,1,1,1,1
"""very disengaged management model""",A320,Business,Business Class,Dublin to London,February 2022,No rating,No rating,No rating,No rating,No rating,1
"""BA got everything right""",Boeing 787-9,Family Leisure,Business Class,London to Washington,February 2022,4,5,5,4,5,4
"""Appalling customer service""",No Aircraft,Family Leisure,Business Class,London to Porto,February 2022,No rating,No rating,No rating,No rating,No rating,1
"""cabin crews remain the best in the business""",No Aircraft,Solo Leisure,Business Class,Washington to London,December 2021,5,5,5,No rating,4,5
"""such a nice employee""",No Aircraft,Couple Leisure,Economy Class,Montréal to Dubai via London,February 2022,No rating,No rating,No rating,No rating,No rating,4
"""think that BA are getting their mojo back again""",Boeing 787-9,Couple Leisure,Business Class,Atlanta to Belfast via Heathrow,January 2022,4,5,4,4,5,5
"""Performance of the flight deck was up to its usual high standard""",Boeing 777,Couple Leisure,Business Class,Cape Town to London Heathrow,January 2022,3,4,2,4,3,3
"""BA has a lot to do to regain its standing""",Boeing 777,Couple Leisure,Business Class,London Heathrow to Orlando,January 2022,2,4,3,1,3,3
"""Utterly appalling company""",A380,Couple Leisure,Economy Class,London Heathrow to Dubai,January 2022,2,1,1,2,1,1
"""I said I wanted 20-25% back off my holiday""",No Aircraft,Solo Leisure,Economy Class,New York to Newcastle via London,November 2021,3,4,4,4,1,4
"""return trip was disappointing""",Boeing 737-800,Couple Leisure,Business Class,Cape Town to Durban,January 2022,3,2,3,No rating,4,3
"""staff was very kind and friendly""",No Aircraft,Solo Leisure,Economy Class,Durban to Cape Town,January 2022,5,5,5,No rating,5,5
"""complete disregard for your passengers""",No Aircraft,Solo Leisure,Business Class,Bangalore to Detroit via London,January 2022,4,2,1,3,1,1
"""decline into a sub-par service""",No Aircraft,Business,Economy Class,New York to London,January 2022,1,1,2,3,1,2
"""very basic generic airline""",No Aircraft,Business,Economy Class,Las Vegas to London,January 2022,1,4,1,1,1,1
"""doors cannot close till take off""",No Aircraft,Couple Leisure,Business Class,London to Dubai,October 2021,2,1,1,3,1,1
"""sort ground service at Warsaw Airport""",No Aircraft,Family Leisure,Economy Class,Warsaw to London,December 2021,2,4,No rating,No rating,1,2
"""a pretty poor show by BA""",A319,Business,Business Class,Glasgow to London Heathrow,December 2021,2,1,1,No rating,2,1
"""seats are a huge improvement""",Boeing 777,Couple Leisure,Business Class,London to Cape Town,December 2021,3,3,2,5,4,3
"""they've yet to respond""",No Aircraft,Solo Leisure,Premium Economy,London to Tampa,November 2021,1,1,No rating,No rating,1,1
"""Very nice return flight with BA""",A320-200,Solo Leisure,Business Class,Edinburgh to London,December 2021,4,5,4,No rating,5,4
"""Overall a very lovely flight""",A320-200,Solo Leisure,Business Class,London to Edinburgh,December 2021,4,5,5,No rating,3,4
"""the legroom was appalling""",A380,Family Leisure,Economy Class,London Heathrow to Los Angeles,December 2021,1,4,1,1,2,1
"""friendly and keen to please""",Boeing 777,Business,Economy Class,London to St Lucia,December 2021,5,5,4,No rating,5,5
"""Food and drinks choices and tastes amazing""",Boeing 787,Couple Leisure,First Class,London to Chicago,November 2021,4,5,5,3,4,4
"""BA hang your head in shame""",A320,Solo Leisure,Business Class,London to Istanbul,December 2021,1,2,3,1,1,2
"""just used the new Club World""",Boeing 777,Couple Leisure,Business Class,Dubai to London Heaathrow,December 2021,4,2,3,4,1,4
"""waited for my bags for 3 hours""",A320,Solo Leisure,Economy Class,London to Aberdeen,December 2021,No rating,No rating,No rating,No rating,1,1
"""certainly make us avoid BA in future""",Boeing 777,Couple Leisure,Business Class,London Gatwick to Cancun,December 2021,1,5,3,2,5,3
"""I am still waiting for an answer""",No Aircraft,Business,Business Class,Kingston to London,August 2021,1,2,2,3,2,1
"""BA did nothing to ease the process""",No Aircraft,Family Leisure,Business Class,London to Delhi,January 2021,1,1,1,1,1,1
"""I don't even get an apology""",No Aircraft,Solo Leisure,Economy Class,Washington DC to Moscow via London,December 2021,1,1,No rating,No rating,1,1
"""whole experience was stressful, costly""",No Aircraft,Solo Leisure,Economy Class,Singapore to London,July 2021,3,4,1,3,1,1
"""British Airways had rebooked with Delta""",No Aircraft,Family Leisure,Economy Class,Cairo to Portland via London / Seattle,November 2021,No rating,No rating,No rating,No rating,1,1
"""British Airways happy to encourage the spread of Covid""",A320,Business,Business Class,London Heathrow to Paris CDG,November 2021,3,4,4,No rating,1,3
"""was refused an early check in""",No Aircraft,Business,Business Class,Manchester to London Heathrow,November 2021,1,No rating,No rating,No rating,1,2
"""The crew failed to work as a team""",A321 neo,Solo Leisure,Business Class,London to Tenerife,November 2021,3,2,3,No rating,4,2
"""an OK experience with a great cabin crew""",A321 neo,Solo Leisure,Business Class,Tenerife to London,November 2021,4,5,5,No rating,4,4
"""Crew good, seats very uncomfortable""",A320,Solo Leisure,Economy Class,Stockholm to London Heathrow,November 2021,1,5,1,No rating,1,2
"""my booked seat is not available""",No Aircraft,Business,Economy Class,Frankfurt to London,November 2021,No rating,No rating,No rating,No rating,1,1
"""penny pinching by BA in club class""",A320neo,Couple Leisure,Business Class,London Heathrow to Tenerife South,November 2021,3,3,1,No rating,2,1
"""only just about recommend""",A320 Neo,Couple Leisure,Business Class,Heathrow to Tenerife South,November 2021,2,5,3,No rating,3,3
"""They are so unorganized and slow!""",No Aircraft,Solo Leisure,Economy Class,London to Chicago,November 2021,1,2,2,2,1,1
"""Customer service is non existent""",No Aircraft,Solo Leisure,Economy Class,London to Mexico,October 2021,2,3,2,5,2,2
"""their customer service is a shambles""",Boeing 777,Couple Leisure,Economy Class,Manchester to Nassau via London,October 2021,2,2,2,2,1,1
"""Poorly mismanaged services""",No Aircraft,Family Leisure,Economy Class,Mumbai to Dublin via London,November 2021,3,2,2,3,2,3
"""Their customer service is a shambles""",No Aircraft,Solo Leisure,Premium Economy,Gibraltar to London,November 2021,4,4,No rating,No rating,1,3
"""Good professional crew""",A321,Business,Economy Class,Belfast to London,November 2021,4,5,4,No rating,4,4
"""Not dreadful but something for BA to think about""",A321,Family Leisure,Business Class,Larnaca to London Heathrow,October 2021,2,4,2,No rating,3,3
"""could not have asked for better service""",A320,Couple Leisure,Business Class,Lisbon to London Heathrow,September 2021,4,4,4,No rating,5,4
"""BA at its best""",Boeing 787,Couple Leisure,Premium Economy,Madrid to London,October 2021,4,5,5,4,3,5
"""boarding was chaos""",A320NEO,Family Leisure,Economy Class,London to Bologna,October 2021,5,5,3,No rating,2,4
"""This time it was good value""",A321 Neo,Business,Economy Class,London to Alicante,October 2021,1,4,4,No rating,4,5
"""nothing bad about food but nothing great either""",A321,Family Leisure,Business Class,London to Larnaca,October 2021,3,5,3,2,4,4
"""Who’d have thought BA could ever make Ryanair look like an attractive option""",A320,Business,Economy Class,Prague to London,October 2021,4,5,No rating,No rating,1,1
"""it was an absolute delight""",No Aircraft,Couple Leisure,Economy Class,Male to London,October 2021,5,5,5,5,5,5
"""plane was clean and air quality very good""",No Aircraft,Solo Leisure,Premium Economy,London to Toronto,October 2021,3,3,4,4,4,4
"""Overall a very enjoyable flight""",A350,Business,Business Class,London to Toronto,October 2021,5,5,5,5,5,5
"""a clear case of BA mis-selling""",No Aircraft,Solo Leisure,Business Class,London Heathrow to Athens Greece,September 2021,2,4,4,3,4,1
"""voucher is valid for another two years""",No Aircraft,Solo Leisure,Economy Class,London to Cayman Islands,November 2020,No rating,No rating,No rating,No rating,No rating,1
"""Check-in was longer than normal""",A320,Family Leisure,Economy Class,London to Prague,October 2021,1,1,1,No rating,1,2
"""Drinks and meal service was efficient""",A321,Couple Leisure,Business Class,Larnaca to London Heathrow,October 2021,3,4,3,No rating,4,4
"""no response to my emails/messages""",No Aircraft,Couple Leisure,Economy Class,Heathrow to Manchester,August 2021,No rating,No rating,No rating,No rating,1,1
"""crew were so unorganised""",No Aircraft,Business,Business Class,London to Jersey,September 2021,2,1,No rating,No rating,1,1
"""impressed with their customer service""",No Aircraft,Solo Leisure,Premium Economy,Denver to London,October 2021,5,5,No rating,No rating,5,5
"""ordinary BA domestic flight""",A321,Business,Economy Class,Belfast to London,September 2021,4,3,3,No rating,4,5
"""our national flag carrier is being comfortably out performed by budget airlines""",A320,Couple Leisure,Economy Class,Manchester to Aberdeen via Heathrow,August 2021,1,1,1,No rating,1,1
"""got to the hotel and no dinner for us""",No Aircraft,Couple Leisure,Business Class,London Heathrow to Tenerife south,September 2021,3,1,2,No rating,1,1
"""Such indifference and lackadaisical attitude""",No Aircraft,Business,Business Class,London to New York,September 2021,3,1,1,2,3,4
"""Post-COVID lunch remains restricted""",A320,Couple Leisure,Business Class,London Heathrow to Larnaca,September 2021,3,3,3,No rating,3,3
"""in the air great service""",A320,Family Leisure,Business Class,London to Lisbon,September 2021,3,5,4,No rating,3,4
"""No check in staff for Economy""",Embraer,Solo Leisure,Economy Class,Frankfurt to London,September 2021,4,4,1,No rating,1,1
"""No refund for flights cancelled""",No Aircraft,Business,Economy Class,Geneva to Sao Paulo via London,October 2020,No rating,No rating,No rating,No rating,No rating,1
"""I wasn't allocated a seat""",No Aircraft,Family Leisure,Economy Class,Abuja to London,September 2021,No rating,No rating,No rating,No rating,1,3
"""stupidity of this whole situation""",No Aircraft,Business,Business Class,Mykonos to New York via London,August 2021,No rating,No rating,No rating,No rating,No rating,1
"""lost the connecting flight to Tirana""",No Aircraft,Solo Leisure,Economy Class,Boston to Tirana London,September 2021,2,3,3,3,1,3
"""service on the same route is becoming worse""",No Aircraft,Couple Leisure,Economy Class,Washington Dulles to London,August 2021,1,1,1,1,1,1
"""cancellation two weeks before I was due to travel""",No Aircraft,Business,Economy Class,Gatwick to Catania,August 2021,No rating,No rating,No rating,No rating,No rating,1
"""the most comfortable seats""",Boeing 787-8,Solo Leisure,Economy Class,London to Moscow Domodedovo,August 2021,5,4,1,1,3,2
"""value for money here is incredible""",No Aircraft,Solo Leisure,Economy Class,London to Athens,August 2021,4,5,4,No rating,5,5
"""Food and drinks fine""",A320,Family Leisure,Economy Class,London to Corfu,August 2021,4,5,4,4,4,4
"""frustrated, upset and disappointed""",No Aircraft,Family Leisure,Business Class,Moscow to London Heathrow,August 2021,4,1,2,3,1,1
"""piled into the bus and left""",No Aircraft,Business,Business Class,London Heathrow to Munich,August 2021,3,2,2,No rating,1,2
"""On board staff were good""",A330,Couple Leisure,Business Class,London Heathrow to Nice,July 2021,3,4,5,No rating,3,3
"""cancelled a flight booked three months ago """,No Aircraft,Family Leisure,Economy Class,London to Hong Kong,April 2021,No rating,No rating,No rating,No rating,No rating,1
"""decided to avoid BA from now on""",A230,Solo Leisure,Premium Economy,Belfast to Budapest via Heathrow,July 2021,1,1,No rating,No rating,1,1
"""very slick on board experience""",Boeing 777-200,Family Leisure,Business Class,Cancun to Gatwick,July 2021,4,5,5,4,4,4
"""Not complete return to old days""",Boeing 777-200,Family Leisure,Business Class,Gatwick to Cancun,July 2021,5,5,4,4,4,5
"""no refund issued yet""",No Aircraft,Family Leisure,Economy Class,No Route,July 2021,No rating,No rating,No rating,No rating,No rating,1
"""asking for upgrades to a best seat""",No Aircraft,Family Leisure,Economy Class,Bucharest to Toronto via London,July 2021,3,3,No rating,No rating,1,2
"""didn't allow us to seat together""",No Aircraft,Business,Business Class,Seattle to Bangalore via London,June 2021,3,4,No rating,No rating,3,3
"""uncomfortable, miserly experience """,Boeing 787,Solo Leisure,Business Class,London to Mexico City,June 2021,1,2,3,3,3,1
"""Service was a little perfunctory""",A320,Couple Leisure,Business Class,Preveza to London,June 2021,4,3,3,No rating,5,4
"""I am really grateful""",No Aircraft,Solo Leisure,Economy Class,London to Accra,June 2021,4,4,4,4,4,4
"""a thoroughly reassuring, coming out of COVID, experience""",A320,Couple Leisure,Business Class,London Heathrow to Preveza,May 2021,4,4,4,No rating,5,4
"""going in circles to avoid issuing any voucher""",No Aircraft,Family Leisure,Economy Class,Durban to Cape Town,January 2021,3,3,No rating,No rating,3,1
"""Fantastic flight down to Heathrow""",A321NEO,Solo Leisure,Economy Class,Aberdeen to London Heathrow,May 2021,4,5,4,3,4,4
"""appreciated the COVID measures""",No Aircraft,Business,Business Class,Malaga to London,April 2021,3,3,No rating,No rating,4,4
"""COVID protocols are not as robust as they should be""",Boeing 737-800,Solo Leisure,Economy Class,Johannesburg to Cape Town,April 2021,4,5,4,No rating,5,4
"""I would need to call up to rebook""",No Aircraft,Solo Leisure,Economy Class,Gatwick to Cancun,December 2020,2,4,1,3,3,1
"""had my flight cancelled on 3 occasions""",No Aircraft,Couple Leisure,Economy Class,Bridgetown to London,February 2021,1,1,1,No rating,1,1
"""A poor show with BA""",No Aircraft,Family Leisure,Economy Class,Ottawa to Ahmedabad,November 2020,1,1,No rating,No rating,1,1
"""promised to give me compensation""",No Aircraft,Solo Leisure,Economy Class,Antigua to London,January 2021,2,2,No rating,No rating,1,1
"""Do not recommend to anyone in Covid restrictions""",No Aircraft,Solo Leisure,Economy Class,Sofia to London Heathrow,December 2020,5,5,5,5,5,3
"""She was an amazing person""",No Aircraft,Solo Leisure,Economy Class,Mumbai to London,February 2021,5,5,5,5,4,5
"""not what you'd expect from a premium product""",Boeing 787-9,Business,First Class,Mexico City to London Heathrow,January 2021,2,5,1,2,3,3
"""Absolutely disgraceful""",No Aircraft,Family Leisure,Economy Class,London to Maldives,December 2020,No rating,No rating,No rating,No rating,No rating,1
"""Good service the whole way""",No Aircraft,Solo Leisure,Economy Class,Heathrow to Belfast,December 2020,5,4,4,No rating,5,3
British Airways customer review,No Aircraft,Solo Leisure,Economy Class,London to Paris,September 2020,5,5,No rating,No rating,5,5
"""I do want to thank BA""",No Aircraft,Solo Leisure,Economy Class,London to Cairo,December 2020,5,5,No rating,No rating,5,4
"""passengers with masks below nose""",A350,Solo Leisure,Premium Economy,London Heathrow to Dubai,July 2020,4,1,1,5,5,5
"""happy with product and would use again""",A321,Solo Leisure,Business Class,London to Tenerife,December 2020,3,5,3,No rating,4,4
"""It's not at all child friendly""",Boeing 747,Family Leisure,Economy Class,London Heathrow to Lahore,December 2020,1,1,1,1,1,1
"""my experience with BA was very positive""",No Aircraft,Solo Leisure,Economy Class,London to Venice,October 2020,5,4,3,No rating,3,5
"""refunded my tickets within 2 working days""",No Aircraft,Couple Leisure,Economy Class,Munich to London,November 2019,5,5,5,5,5,5
"""Everything was nice except food""",No Aircraft,Family Leisure,Economy Class,London to Bangalore,October 2020,5,5,1,5,5,2
"""Everything I expected""",A320neo,Solo Leisure,Business Class,Warsaw to London-Heathrow,September 2020,5,5,5,5,4,5
"""told that the check-in had closed""",A321,Couple Leisure,Economy Class,London to Santorini,August 2020,4,4,3,No rating,1,2
"""I filed a claim""",A321,Couple Leisure,Economy Class,London to Paris,February 2020,2,3,2,No rating,5,1
"""lack of social distancing""",A319,Business,Economy Class,Berlin to London,August 2020,1,1,2,No rating,2,2
"""I was pleasantly surprised""",A320,Solo Leisure,Economy Class,Newcastle to London Heathrow,July 2020,5,5,3,No rating,5,5
"""have to call to redeem the voucher""",No Aircraft,Solo Leisure,Premium Economy,London to Singapore,March 2020,No rating,No rating,No rating,No rating,No rating,1
"""Service is non-existent""",No Aircraft,Family Leisure,Economy Class,Austin to London,July 2020,No rating,No rating,No rating,No rating,No rating,1
"""BA has failed completely""",No Aircraft,Solo Leisure,Economy Class,London to Frankfurt,April 2020,No rating,No rating,No rating,No rating,No rating,1
"""This is appalling business practice!""",No Aircraft,Business,Economy Class,London Heathrow to Lyon,February 2020,1,1,No rating,No rating,1,1
"""efficient, clean and punctual""",Embraer 195,Business,Economy Class,London City to Edinburgh,November 2019,3,4,No rating,No rating,5,3
""" Total rip off""",No Aircraft,Business,First Class,San Francisco to Edinburgh via London,May 2020,No rating,No rating,No rating,No rating,No rating,1
"""totally ripped off by BA""",No Aircraft,Business,Business Class,Rome to Los Angeles via London,June 2020,No rating,No rating,No rating,No rating,No rating,1
"""tickets should have been refunded""",No Aircraft,Couple Leisure,Economy Class,Chicago to Seville via Miami / Madrid,March 2020,No rating,No rating,No rating,No rating,No rating,1
"""unable to offer a full refund""",A350,Solo Leisure,Premium Economy,London to Tel Aviv,April 2020,No rating,No rating,No rating,No rating,No rating,1
"""no refund or voucher""",No Aircraft,Couple Leisure,Business Class,San Diego to Barcelona via London,December 2019,No rating,No rating,No rating,No rating,No rating,1
"""withholding my money""",No Aircraft,Solo Leisure,Economy Class,Toronto to London,May 2020,No rating,No rating,No rating,No rating,No rating,1
"""all about money with them""",No Aircraft,Family Leisure,Premium Economy,Tokyo to London,March 2020,3,2,1,3,2,1
"""arrived 3 hrs 25 mins late""",No Aircraft,Couple Leisure,Economy Class,Los Angeles to Paris via London,March 2020,3,3,2,3,5,1
"""it definitely lived up to my expectations""",A350,Couple Leisure,Business Class,London Heathrow to Toronto,February 2020,5,5,5,5,5,5
"""cabin crew were friendly and professional""",Boeing 747-400,Couple Leisure,Business Class,Las Vegas to London Heathrow,February 2020,5,5,5,2,5,5
"""never use this airline again""",No Aircraft,Solo Leisure,Economy Class,Sydney to London via Singapore,March 2020,1,1,1,2,1,1
"""avoid BA as much as possible""",No Aircraft,Business,Economy Class,Zurich to London,April 2020,No rating,No rating,No rating,No rating,No rating,1
"""trying every trick in the book""",No Aircraft,Couple Leisure,Business Class,Vienna to London,February 2020,3,3,No rating,No rating,3,1
"""stands out in many areas""",A321neo,Solo Leisure,Economy Class,London-Heathrow to Warsaw,March 2020,5,5,No rating,No rating,4,3
"""laptop was left inside the flight""",No Aircraft,Business,Economy Class,Johannesburg to London,March 2020,2,3,2,1,1,2
"""worst sort of management bureaucracy""",No Aircraft,Business,Economy Class,London to Stockholm,April 2020,No rating,No rating,No rating,No rating,1,1
"""poor customer service""",No Aircraft,Solo Leisure,Economy Class,London to Budapest,March 2020,No rating,No rating,No rating,No rating,No rating,1
"""lies and lack of informatio""",Boeing 747,Solo Leisure,Business Class,Nashville to London via Chicago,March 2020,3,5,4,No rating,3,1
"""understand the turmoil caused by Covid-19""",No Aircraft,Solo Leisure,Economy Class,Vancouver to London,March 2020,No rating,No rating,No rating,No rating,1,1
"""A voucher is not sufficient""",No Aircraft,Family Leisure,Economy Class,London to Marrakesh,August 2019,No rating,No rating,No rating,No rating,No rating,1
"""use the travel credit by May 2020""",Boeing 777,Couple Leisure,Economy Class,Seattle to Heathrow,March 2020,No rating,No rating,No rating,No rating,No rating,5
"""thank our crew in particular""",No Aircraft,Couple Leisure,Premium Economy,Mumbai to London Heathrow,March 2020,5,5,4,2,5,5
"""such deceitful practices""",No Aircraft,Business,Economy Class,London to Valencia,March 2020,No rating,No rating,No rating,No rating,No rating,1
"""not surprised they are in trouble""",No Aircraft,Couple Leisure,Economy Class,London Gatwick to Funchal,March 2020,1,4,No rating,No rating,1,1
"""narrow business class facing seats""",Boeing 747-400,Business,Business Class,Chicago to London Heathrow,March 2020,1,1,1,1,1,1
"""airline needs major overhaul""",Boeing 747-400,Business,Business Class,London to New York JFK,February 2020,1,1,1,1,1,1
"""still forcing people to fly to Madrid""",No Aircraft,Solo Leisure,Economy Class,London to Madrid,March 2020,No rating,No rating,No rating,No rating,No rating,1
"""unfriendly and inconsiderate to me""",No Aircraft,Business,Economy Class,Frankfurt to Buenos Aires via London,October 2019,2,3,3,2,1,1
"""live in a conceited bubble""",No Aircraft,Business,Business Class,London to Paris CDG,March 2020,No rating,No rating,No rating,No rating,No rating,1
"""rude staff and service""",No Aircraft,Couple Leisure,Economy Class,London City to Berlin,March 2020,No rating,No rating,No rating,No rating,1,1
"""BA has really upped their game""",Boeing 787,Solo Leisure,Economy Class,London to Beijing,January 2020,3,5,4,5,4,4
"""friendly and helpful""",A380,Family Leisure,Economy Class,Hong Kong to London,January 2020,5,5,5,3,5,5
"""Very happy with the service""",Boeing 777-200,Couple Leisure,Economy Class,Mumbai to London,March 2020,4,5,5,4,5,5
"""positive, friendly attitude""",Boeing 777-200,Couple Leisure,Economy Class,London to Delhi,February 2020,4,5,5,4,2,4
"""flights to Italy for March, all cancelled""",A319,Business,Business Class,Paris to London,February 2020,1,4,No rating,No rating,1,1
"""never use British Airways again""",No Aircraft,Solo Leisure,Economy Class,Singapore to London,February 2020,3,3,3,3,1,1
"""Food and drinks are expensive""",No Aircraft,Solo Leisure,Economy Class,Gatwick to Malaga,February 2020,2,3,1,No rating,3,3
"""the crew were outstanding""",Boeing 747-400,Solo Leisure,Premium Economy,Vancouver to London,February 2020,4,5,5,5,4,5
British Airways customer review,Boeing 787,Business,Business Class,London to Seattle,February 2020,No rating,No rating,No rating,No rating,No rating,1
"""food is the standout problem""",Boeing 777,Solo Leisure,First Class,London Heathrow to Nairobi,February 2020,3,5,1,3,2,3
"""came to me to give me his pillow""",No Aircraft,Couple Leisure,Premium Economy,Dubai to London,February 2020,1,1,1,No rating,1,1
"""service that needs training""",No Aircraft,Couple Leisure,Business Class,London to Cape Town,February 2020,4,2,1,3,3,3
"""packed out seating""",Boeing 787,Solo Leisure,Economy Class,Rio de Janeiro to London,February 2020,1,3,1,1,1,2
"""require a transit visa""",No Aircraft,Solo Leisure,Economy Class,Johannesburg to Dublin via London,February 2020,1,1,No rating,No rating,1,1
"""backward facing seats""",Boeing 747-400,Couple Leisure,Business Class,Las Vegas to Paris via London,February 2020,1,4,3,1,4,1
"""I want a refund""",A320,Couple Leisure,Economy Class,Geneva to Gatwick,January 2020,No rating,No rating,No rating,No rating,1,1
"""crew was amazingly kind and lovely""",No Aircraft,Solo Leisure,Economy Class,Mexico City to Manchester via London,January 2020,5,5,4,5,5,4
"""a good experience with no major complaints""",A321,Solo Leisure,Business Class,London Heathrow to Sofia,October 2019,4,4,4,No rating,5,4
"""Arriving late to board""",No Aircraft,Solo Leisure,Economy Class,Manchester to Melbourne via London / Singapore,July 2019,2,3,2,No rating,1,1
"""a pathetic premium cabin""",A321neo,Business,Business Class,Madrid to London,January 2020,2,3,2,1,3,2
"""fly this airline again""",A320,Family Leisure,Economy Class,Prague to London,January 2020,5,5,No rating,No rating,3,5
"""breakfast become rather perfunctory""",A380-800,Couple Leisure,Business Class,Johannesburg to London,January 2020,3,4,3,3,3,3
"""very disappointing service""",Boeing 777-200,Business,Business Class,Las Vegas to Gatwick,January 2020,2,2,2,4,4,1
"""roller coaster of incompetence""",Boeing 747-400,Business,Business Class,San Diego to Stockholm via London,January 2020,5,5,5,3,1,3
"""SLOW lounge continues to impress""",A320,Couple Leisure,Business Class,Cape Town to Johannesburg,January 2020,4,4,3,No rating,4,4
"""thank you for your service and kindness""",No Aircraft,Solo Leisure,Economy Class,New York to London Heathrow via Copenhagen,December 2019,5,5,5,5,5,5
"""more than acceptable service""",Boeing 787-9,Business,Business Class,Phoenix to London,January 2020,3,5,4,4,3,5
"""only saving grace was a superb cabin staff""",Boeing 777-200,Solo Leisure,Economy Class,London Heathrow to Bangkok,January 2020,2,4,4,1,4,2
"""the service was good""",Boeing 777-200ER,Solo Leisure,Economy Class,Mumbai to Boston via London,January 2020,2,5,5,2,1,3
"""refund for seat assignments""",No Aircraft,Family Leisure,Economy Class,"Orlando, Florida to Accra, Ghana",December 2019,1,1,1,1,1,1
"""still consider other airlines""",Boeing 787 / A320,Solo Leisure,Economy Class,Toronto to Geneva via London,January 2020,4,5,4,3,4,3
"""sleeping was quite impossible""",Boeing 777-300,Solo Leisure,First Class,Hong Kong to London,January 2020,4,5,5,4,4,4
"""Layout of Boeing 787 cabin is poor""",Boeing 787,Business,Economy Class,San Jose to Amsterdam via London,January 2020,1,1,2,3,2,3
"""luggage was not loaded""",Boeing 777,Couple Leisure,Business Class,Singapore to Paris via London,January 2020,3,4,4,4,1,2
"""Everything went like clockwork""",A321neo,Solo Leisure,Economy Class,Warsaw to London,January 2020,5,5,5,No rating,4,5
"""I would recommend BA""",Boeing 747-400,Family Leisure,Economy Class,New York  to London Heathrow,January 2020,4,5,3,4,5,4
"""never fly BA again""",No Aircraft,Family Leisure,Economy Class,London to Los Angeles,December 2019,2,1,2,No rating,1,3
"""need to move with the times""",Boeing 737-800,Couple Leisure,Business Class,Johannesburg to Cape Town,January 2020,3,3,3,No rating,4,4
"""offer a kids free zone""",No Aircraft,Business,Business Class,London to Bangkok,January 2020,2,1,1,No rating,2,2
"""Overall a good flight""",A380,Couple Leisure,Business Class,London to Johannesburg,January 2020,4,4,4,3,4,4
"""a very comfortable flight""",Boeing 777-200 / 747-400,Solo Leisure,Economy Class,Boston to Mumbai via London,December 2019,2,5,4,2,1,5
"""my husbands seat was broken""",No Aircraft,Couple Leisure,Business Class,Los Angeles to London,January 2020,1,1,1,No rating,1,1
"""My food was bad""",No Aircraft,Solo Leisure,Premium Economy,Gatwick to Cancun,January 2020,3,1,1,2,3,2
"""could not fault one aspect of the service""",A320,Solo Leisure,Business Class,London Gatwick to Glasgow,January 2020,4,5,4,No rating,5,4
"""All in all great service""",Boeing 787-8,Solo Leisure,Business Class,Rio De Janeiro to London Heathrow,December 2019,5,5,5,No rating,4,5
"""disappointed by the service""",A320,Business,Business Class,Gatwick to Tirana,January 2020,1,3,2,1,4,2
"""Crew very friendly""",A320,Couple Leisure,Business Class,Keflavik to London Heathrow,January 2020,3,5,5,No rating,4,5
"""my food was inedible""",No Aircraft,Couple Leisure,Economy Class,London Heathrow to Vancouver,January 2020,1,3,1,1,2,1
"""staff were incredibly rude and lazy""",No Aircraft,Couple Leisure,Economy Class,Tokyo to London Heathrow,January 2020,2,1,1,1,5,1
"""job's worth high handed attitude""",A380,Couple Leisure,Business Class,London to Hong Kong,December 2019,3,4,3,4,1,3
"""They have the worst customer service""",Boeing 747,Family Leisure,Business Class,Los Angeles to London Heathrow,January 2020,1,3,2,2,1,1
"""BA product is now tired""",A320,Solo Leisure,Economy Class,Istanbul to London,January 2020,2,2,No rating,No rating,1,1
"""no sandwiches left to purchase""",No Aircraft,Solo Leisure,Economy Class,London to Bucharest,December 2019,2,2,1,No rating,1,1
"""another very good flight""",Boeing 787-9,Solo Leisure,Business Class,London to Rio De Janeiro,December 2019,5,5,5,5,4,5
"""don't provide free food and drink""",A321neo,Family Leisure,Economy Class,London to Athens,December 2019,3,1,1,No rating,3,4
"""way below expected service""",No Aircraft,Solo Leisure,Economy Class,Copenhagen to London,December 2019,2,1,1,No rating,1,1
"""onboard charity collection is inappropriate""",A320,Solo Leisure,Economy Class,Budapest to Billund via London,December 2019,3,3,2,1,4,3
"""staff were so friendly""",No Aircraft,Solo Leisure,Economy Class,Cape Town to Brussels via London,December 2019,3,5,4,3,4,4
"""comfort and service superb""",Boeing 777-300ER,Solo Leisure,Economy Class,Sydney to Toulouse via Singapore / London,December 2019,5,5,5,2,4,5
"""good overall experience""",A321neo,Solo Leisure,Business Class,Sofia to London,October 2019,3,4,4,No rating,3,4
"""cabin crew were very friendly""",No Aircraft,Couple Leisure,Business Class,Edinburgh to Barbados via Gatwick,December 2019,5,5,5,5,5,5
"""delayed by 20 mins""",A320,Solo Leisure,Economy Class,London to Munich,December 2019,2,1,No rating,No rating,1,1
"""middle name was not on her ticket""",No Aircraft,Family Leisure,Economy Class,Hong Kong to London,December 2019,No rating,No rating,No rating,No rating,No rating,2
"""charged 4 times for one bag""",No Aircraft,Couple Leisure,Economy Class,London to Paris,August 2019,2,2,No rating,No rating,1,1
"""cabin manager did not greet me""",Boeing 777 - 200,Business,Economy Class,New York to London,December 2019,2,2,1,1,5,5
"""no proof I paid for them""",No Aircraft,Family Leisure,Premium Economy,Austin to London,October 2019,No rating,No rating,No rating,No rating,No rating,1
"""Awful airline""",No Aircraft,Couple Leisure,Economy Class,Frankfurt to London,December 2019,1,1,1,1,1,1
""" Flight is again delayed""",No Aircraft,Solo Leisure,Economy Class,London to Glasgow,December 2019,1,1,1,1,1,1
"""This flight was a delight""",Boeing 747-400,Business,Business Class,London to San Francisco,December 2019,3,5,4,4,5,4
"""we had to print out boarding passes""",A319,Couple Leisure,Economy Class,Heathrow to Belfast,December 2019,2,5,5,No rating,1,3
"""You get what you pay for""",A380,Solo Leisure,Business Class,London to Singapore,October 2019,4,5,5,1,5,5
"""Awful, rude airline""",No Aircraft,Business,Economy Class,Toulouse to London,November 2019,1,1,No rating,No rating,3,1
"""Seats the same as economy""",A319,Solo Leisure,Business Class,London Heathrow to Stockholm,November 2019,3,5,5,No rating,5,4
"""we had limited recline seats seats""",A380,Family Leisure,Economy Class,Johannesburg to London,November 2019,1,3,3,3,2,1
"""Overall a good flight""",A380,Couple Leisure,Business Class,Johannesburg to London,December 2019,3,3,3,3,3,4
"""crew are so friendly""",Boeing 747-400,Solo Leisure,First Class,London Heathrow to Miami,November 2019,4,5,5,5,5,5
"""excellent with service""",A319,Solo Leisure,Business Class,Stockholm to London Heathrow,November 2019,3,5,5,No rating,5,4
"""cabin crew where fantastic""",Boeing 777-300,Couple Leisure,Economy Class,London to Sydney via Singapore,November 2019,3,4,4,2,3,4
"""utter nightmares""",Boeing 747-400,Couple Leisure,Business Class,London to New York JFK,November 2019,1,4,3,1,1,1
"""the shortage of staff""",Boeing 777-200,Solo Leisure,Business Class,Gatwick to Bridgetown,December 2019,3,2,3,3,3,2
"""lacks personalized attention""",Boeing 777,Business,Business Class,Brussels to Bangkok via London,November 2019,4,2,2,3,4,3
"""missed my connecting flight""",Boeing 777-200,Business,Economy Class,San Francisco to Oslo via London,November 2019,1,2,2,No rating,1,1
"""said that I need to check my baggage""",No Aircraft,Couple Leisure,Economy Class,Los Angeles to Berlin via London,November 2019,3,1,No rating,No rating,1,1
"""inflight service was distinctly average""",A380,Couple Leisure,Business Class,London to Johannesburg,November 2019,3,3,3,3,3,3
"""delayed due to maintenance""",No Aircraft,Business,Premium Economy,London to Bangalore,November 2019,4,4,2,No rating,2,2
"""cabin crew were so kind""",No Aircraft,Solo Leisure,Economy Class,London to Sydney via Singapore,November 2019,5,5,3,No rating,5,5
"""Will never fly BA again""",No Aircraft,Solo Leisure,Economy Class,Lisbon to London,November 2019,1,No rating,No rating,No rating,1,1
"""very disappointed with the service they provide""",No Aircraft,Solo Leisure,Economy Class,London Heathrow to Glasgow,November 2019,4,3,No rating,No rating,4,2
"""Surprisingly good flight""",Boeing 787-9,Family Leisure,Economy Class,doha to londonDoha to London,November 2019,5,5,4,4,5,5
"""plane was old and cramped""",No Aircraft,Family Leisure,Economy Class,London to Buenos Aires,November 2019,2,3,2,1,3,2
"""Movie selection below average""",A380,Couple Leisure,Economy Class,San Francisco to London,November 2019,4,2,3,2,3,3
"""What a disappointment of an airline""",Boeing 777-300,Business,Business Class,Sydney to Singapore,November 2019,1,1,1,1,2,1
"""I begrudge flying with them""",Boeing 777,Family Leisure,Economy Class,London to Mauritius,November 2019,1,4,1,1,1,2
"""excellent premium host service""",No Aircraft,Business,Business Class,Los Angeles to Amsterdam via London,November 2019,5,5,5,5,5,5
"""a remarkably bad experience""",Boeing 747-400,Solo Leisure,Economy Class,London to Vancouver,November 2019,2,2,2,1,2,3
"""It used to be a good airline""",Boeing 747-400,Couple Leisure,Economy Class,New York to Paris via London,November 2019,1,1,1,1,1,1
"""left a great deal to be desired""",A320,Couple Leisure,Business Class,London Heathrow to Lisbon,November 2019,4,1,2,No rating,5,2
"""Food was fairly good both ways""",Boeing 777,Solo Leisure,Economy Class,London to Boston,November 2019,4,4,4,4,4,3
"""a very friendly and welcoming crew""",A320,Business,Economy Class,Tirana to London,November 2019,4,5,3,5,5,5
"""Great service on this flight""",Boeing 747-400,Solo Leisure,Economy Class,Gatwick to St Lucia,November 2019,5,5,5,5,5,5
"""They were friendly, welcoming""",No Aircraft,Family Leisure,Economy Class,London to Singapore,November 2019,4,5,4,5,5,4
"""find an alternative airline""",No Aircraft,Solo Leisure,Economy Class,London to San Francisco,November 2019,1,4,3,2,4,2
"""pleased with all aspects""",A320,Couple Leisure,Business Class,Gatwick to Venice,September 2019,4,5,4,No rating,5,4
"""still awaiting a refund""",No Aircraft,Couple Leisure,Economy Class,Bordeaux to Gatwick,September 2019,No rating,No rating,No rating,No rating,No rating,1
"""loved every minute of the flight""",Boeing 787-9,Couple Leisure,Business Class,Seychelles to London,October 2019,5,5,5,5,4,5
"""don’t trust BA with your loved ones""",A320,Couple Leisure,Economy Class,London to Belfast,October 2019,3,2,No rating,No rating,1,2
"""downgraded to premium economy""",No Aircraft,Business,Premium Economy,London to Cape Town,October 2019,No rating,No rating,No rating,No rating,1,1
"""seems they were understaffed""",Boeing 787,Couple Leisure,Business Class,San Jose to London,October 2019,2,4,4,1,3,2
"""offering an ultra low cost service""",A321neo,Solo Leisure,Economy Class,London Heathrow to Edinburgh,October 2019,1,3,1,No rating,3,3
"""Food was fine and service friendly""",Boeing 777-200,Family Leisure,Economy Class,Gatwick to Barbados,October 2019,4,4,4,5,5,5
"""Service was fantastic""",Boeing 777,Couple Leisure,Economy Class,Toronto to London,October 2019,3,5,5,5,5,5
"""check in counter was closed""",No Aircraft,Solo Leisure,Economy Class,Jeddah to London,October 2019,1,1,1,5,1,1
"""no free food nor drink""",No Aircraft,Business,Economy Class,Zurich to London,October 2019,1,1,No rating,No rating,2,3
"""we had an excellent flight""",A380,Couple Leisure,Business Class,San Francisco to London,October 2019,5,5,5,4,5,4
"""very happy with this short flight""",A319,Solo Leisure,Business Class,London to Belfast,October 2019,5,5,5,No rating,5,5
"""Worst customer experience""",No Aircraft,Couple Leisure,Economy Class,London Gatwick to Salzburg,April 2019,2,3,3,2,2,2
"""three hours to get rebooking""",No Aircraft,Business,Economy Class,Frankfurt to London,October 2019,1,4,2,No rating,1,1
"""an awesome experience""",No Aircraft,Business,Economy Class,Hyderabad to San Francisco via London,October 2019,3,5,2,3,3,3
"""seat are surprisingly comfortable""",Boeing 747-400,Business,Business Class,Vancouver to London,October 2019,4,1,1,4,3,2
"""clueless staff full of attitude""",A320,Solo Leisure,Economy Class,London to Malaga,October 2019,1,1,No rating,No rating,1,1
"""Extremely poor communication""",A320,Business,Economy Class,Brussels to London,October 2019,4,4,No rating,No rating,1,2
"""The seat was uncomfortable""",Boeing 777,Couple Leisure,Premium Economy,London to Singapore,October 2019,1,1,1,No rating,3,1
"""did not mention it was normal coffee""",Boeing 787,Solo Leisure,Premium Economy,Kuala Lumpur to Glasgow via London,October 2019,5,1,2,3,2,1
"""crew were very attentive""",Boeing 787-900,Couple Leisure,Business Class,London Heathrow to Seychelles,October 2019,5,5,5,5,5,5
"""45 minutes before my bag came""",No Aircraft,Couple Leisure,Economy Class,Edinburgh to London Heathrow,October 2019,3,3,No rating,No rating,1,1
"""comfortable seats""",A321,Couple Leisure,Economy Class,Amman to London,September 2019,4,4,4,4,4,4
"""glorified budget airline""",A320,Business,Economy Class,London to Athens,October 2019,3,2,No rating,No rating,4,2
"""easily the most cramped space I have ever flown""",Boeing 777,Couple Leisure,Economy Class,New York JFK to London,October 2019,1,2,1,1,1,1
"""Seats were uncomfortable""",Boeing 777-200,Couple Leisure,Premium Economy,Buenos Aires to London Heathrow,September 2019,1,3,1,1,4,1
"""It’s almost like a low cost""","Boeing 787-9, A320-200",Solo Leisure,Economy Class,Mexico City to Barcelona via London Heathrow,September 2019,5,4,4,4,4,3
"""Couldn’t ask for more""",A319,Couple Leisure,Economy Class,Bari to London Gatwick,September 2019,4,5,4,No rating,4,5
"""zero feeling of comfort""",Boeing 787,Couple Leisure,Premium Economy,Abu Dhabi to London Heathrow,September 2019,1,3,1,No rating,4,1
"""they were really good""",Boeing 787-900,Couple Leisure,Economy Class,London Heathrow to Abu Dhabi,October 2019,5,5,5,4,5,4
"""cancelled and rescheduled""",No Aircraft,Couple Leisure,Economy Class,Johannesburg to Amsterdam via London,September 2019,4,5,1,1,1,2
"""the experience was outstanding""",A350,Business,Business Class,Dubai to London Heathrow,September 2019,5,5,5,3,5,4
"""first and definitely last time""",No Aircraft,Solo Leisure,Economy Class,Istanbul to New York via London,October 2019,3,3,3,3,1,1
"""appreciate your excellent service""",No Aircraft,Couple Leisure,Economy Class,Rome to London Heathrow,October 2019,2,5,5,No rating,5,5
"""one of the worst experiences""",A320,Business,Economy Class,London to Athens,October 2019,1,3,No rating,No rating,1,1
"""seats on the flight were comfortable""",A320,Solo Leisure,Economy Class,London Heathrow to Newcastle,October 2019,4,4,No rating,No rating,5,4
"""seats are incredibly uncomfortable""",No Aircraft,Solo Leisure,Economy Class,Calgary to Gothenburg via London,September 2019,1,4,3,4,4,3
"""such a pleasant experience""",Boeing 787-9,Family Leisure,Economy Class,Kuala Lumpur to London,October 2019,5,5,5,5,5,5
"""Another pleasant flight""",Boeing 747,Couple Leisure,Business Class,Austin to London,October 2019,3,3,3,No rating,3,4
"""Better than I was expecting""",Boeing 787,Couple Leisure,Premium Economy,London to Kuala Lumpur,August 2019,5,4,3,4,4,4
"""zero customer service""",No Aircraft,Couple Leisure,Premium Economy,Newark to Madrid via London,October 2019,3,3,1,3,3,3
"""there is no lounge at Kos""",No Aircraft,Couple Leisure,Business Class,Kos to Gatwick,October 2019,4,3,2,No rating,1,3
"""Club Europe had no advantages""",A320,Business,Business Class,Gatwick to Alicante,September 2019,5,5,5,5,2,5
"""Very enjoyable flight""",A380,Solo Leisure,Premium Economy,Vancouver to London,September 2019,5,5,4,4,4,4
"""No room to move""",No Aircraft,Couple Leisure,Economy Class,Gatwick to Alicante,September 2019,1,3,No rating,No rating,3,1
"""staff wonderful. cheerful, efficient""",Boeing 747,Couple Leisure,Business Class,London Heathrow to Austin,September 2019,4,5,4,2,3,5
"""it was the most enjoyable flight""",Boeing 747,Couple Leisure,Business Class,London Heathrow to Austin,September 2019,4,4,4,1,4,4
"""I never received the refund""",No Aircraft,Couple Leisure,Economy Class,London Gatwick to Jersey,September 2019,No rating,No rating,No rating,No rating,No rating,1
"""not too bad, all in all""",A320,Couple Leisure,Business Class,Cephalonia to London,September 2019,3,4,4,No rating,3,3
"""Delays after delays""",A380,Family Leisure,Economy Class,Chicago to Zurich via London,August 2019,1,4,1,1,1,3
"""a great flight""",No Aircraft,Solo Leisure,Business Class,Glasgow to London,September 2019,4,5,5,No rating,5,5
"""the value was very good""",A321,Solo Leisure,Economy Class,London Heathrow to Berlin Tegel,September 2019,5,5,3,No rating,3,5
"""Abysmal customer services""",No Aircraft,Couple Leisure,Business Class,London to Milan,September 2019,1,1,No rating,No rating,1,1
"""no different to a budget airline""",EMB190,Business,Economy Class,London to Geneva,September 2019,4,2,1,No rating,4,2
"""wanted to change our departure date""",No Aircraft,Couple Leisure,Business Class,Los Angeles to Istanbul via London,September 2019,2,4,1,No rating,1,1
"""a nightmare""",No Aircraft,Family Leisure,Premium Economy,Phoenix to Tel Aviv via London,August 2019,3,5,3,3,1,1
"""lacklustre at best""",A320,Couple Leisure,Business Class,London to Kefalonia,September 2019,3,2,2,No rating,3,3
"""don’t know which airline is at fault""",No Aircraft,Solo Leisure,Economy Class,London to Dublin,September 2019,2,5,No rating,No rating,1,3
"""decline in the service level""",No Aircraft,Couple Leisure,Business Class,Hong Kong to London,September 2019,3,4,1,1,1,1
"""suitcase was 4cm oversize""",No Aircraft,Couple Leisure,Economy Class,Gatwick to Seville,September 2019,3,3,No rating,No rating,1,1
"""Full credit to the crew""",Boeing 777-200,Business,Economy Class,London Heathrow to Abuja Nigeria,September 2019,3,4,1,1,1,2
"""What an awful plane""",Boeing 777-300,Solo Leisure,Economy Class,London to Bangkok,September 2019,2,3,4,1,4,3
"""inflight service was top notch""",Boeing 747-400,Couple Leisure,Business Class,Belfast to San Francisco via London,August 2019,5,5,5,5,5,5
"""Still recommended by me""",A319,Couple Leisure,Economy Class,London to Gothenburg,September 2019,4,4,No rating,No rating,4,4
"""a waste of money""",No Aircraft,Family Leisure,Business Class,Orlando to Gatwick,July 2019,1,1,1,No rating,1,1
"""welcome wasn’t especially friendly""",Boeing 787 / A320,Solo Leisure,Business Class,Mahe to Stockholm via London,September 2019,1,2,2,4,1,2
"""been upgraded to Club World""",A319 / Boeing777,Couple Leisure,Business Class,Glasgow to Tampa via Gatwick,September 2019,4,5,3,3,5,4
"""standards on BA have plummeted""",Boeing 777-200,Family Leisure,Economy Class,Orlando to Gatwick,September 2019,2,3,1,4,3,1
"""Good value flight""",Boeing 787,Family Leisure,Economy Class,London to Abu Dhabi,August 2019,3,4,5,5,4,4
"""not worth the money""",A320,Couple Leisure,Business Class,London to St Petersburgh,August 2019,1,3,1,No rating,5,1
"""the food was horrendous""",Boeing 777,Business,Premium Economy,Sydney to London via Singapore,May 2019,4,2,1,2,4,3
"""buyer beware""",A380,Couple Leisure,Business Class,London to Johannesburg,September 2019,1,1,No rating,No rating,1,1
"""a waste of money""",No Aircraft,Family Leisure,Business Class,Palma de Mallorca to London Heathrow,August 2019,1,3,2,No rating,3,1
"""trip has been really smooth""",No Aircraft,Family Leisure,Economy Class,Chennai to London,August 2019,5,5,4,4,5,5
"""she looked after me so well""",No Aircraft,Solo Leisure,Economy Class,Edinburgh to Kuala Lumpur via London,July 2019,5,5,5,5,5,5
"""feel worthless as a customer""",No Aircraft,Business,Business Class,London City to Amsterdam,July 2019,3,3,No rating,No rating,1,1
"""asked them to cancel my ticket""",No Aircraft,Solo Leisure,Economy Class,Dublin to Mauritius via London,February 2019,No rating,No rating,No rating,No rating,No rating,1
"""Overall, the journey was great""",Boeing 777-200,Family Leisure,First Class,London to Shanghai,August 2019,5,5,4,3,5,5
"""you will not be able to get any help""",No Aircraft,Business,Business Class,Chicago to Heathrow via Barcelona,August 2019,3,3,3,4,1,3
"""They were beyond amazing!""",No Aircraft,Family Leisure,Economy Class,New Orleans to London,November 2018,5,5,5,5,5,5
"""flight was cancelled 3 days in a row""",Boeing 747,Family Leisure,Premium Economy,Boston to Copenhagen via London,June 2019,1,1,1,1,1,1
"""service was totally unacceptable""",No Aircraft,Couple Leisure,Economy Class,Hong Kong to Copenhagen via London,August 2019,3,2,No rating,No rating,1,2
"""customer service is increasingly low cost in feel""",Boeing 777-200,Business,Business Class,London Gatwick to San Jose Costa Rica,July 2019,1,3,4,1,5,1
"""crew were very helpful""",Boeing 777,Solo Leisure,Economy Class,London to Dubai,August 2019,3,4,3,3,1,3
"""Crew on board very friendly and helpful""","A340-300, A320",Family Leisure,Business Class,Toronto to Pisa London Heathrow,August 2019,4,5,5,5,5,5
"""crew were welcoming and informative""",A320,Family Leisure,Economy Class,London Heathrow to Venice Marco Polo,August 2019,4,5,No rating,No rating,4,4
"""would do everything to never fly British Airways again""",No Aircraft,Couple Leisure,Premium Economy,Chicago to London,August 2019,2,4,2,2,1,3
"""aircraft was narrow""",A321neo,Family Leisure,Economy Class,London to Larnaca,August 2019,1,3,No rating,No rating,2,1
"""Excellent customer service""",Boeing 777-200,Family Leisure,Economy Class,Gatwick to Orlando,July 2019,4,5,4,4,5,4
"""There is enough legroom2",A320,Family Leisure,Economy Class,London to Munich,August 2019,4,4,No rating,No rating,2,3
"""will try to avoid this airline""",No Aircraft,Business,Economy Class,London to Glasgow,June 2019,2,2,3,No rating,1,1
"""seats are aging and uncomfortable""",No Aircraft,Business,Business Class,London to Hong Kong,August 2019,1,5,3,3,4,1
"""the flight was very pleasant""",A320,Solo Leisure,Economy Class,Vienna to Heathrow,July 2019,4,5,5,3,5,4
"""A shambolic airline""",A321,Couple Leisure,Business Class,Malaga to London,August 2019,1,2,2,1,1,1
"""Extremely disappointed trip""",No Aircraft,Couple Leisure,Business Class,Sydney to Singapore,August 2019,1,4,3,3,1,1
"""Utterly appalling""",No Aircraft,Solo Leisure,Economy Class,London Heathrow to Inverness,August 2019,2,3,No rating,No rating,1,1
"""Very tired and disappointed""",No Aircraft,Solo Leisure,Economy Class,Heathrow to Glasgow,August 2019,1,1,No rating,No rating,1,1
"""awful experience from beginning to end""",No Aircraft,Solo Leisure,Economy Class,Inverness to Vancouver via London,August 2019,2,2,1,1,1,1
"""a below average service""",No Aircraft,Couple Leisure,Economy Class,London Heathrow to Brussels,August 2019,2,4,2,1,1,1
"""they managed to cut more costs""",No Aircraft,Solo Leisure,Economy Class,London to Nice,August 2019,No rating,No rating,No rating,No rating,1,1
"""time for some heads to roll""",A320,Couple Leisure,Business Class,Palma to London Heathrow,August 2019,1,1,1,1,1,1
"""Trip was basic""",No Aircraft,Couple Leisure,Economy Class,London City to Ibiza,August 2019,3,2,1,No rating,2,2
"""split all family quite far away apart""",No Aircraft,Family Leisure,Economy Class,London to Faro,August 2019,No rating,No rating,No rating,No rating,No rating,1
"""Staff  not in high standards""",No Aircraft,Couple Leisure,Economy Class,Calgary to London,July 2019,3,1,1,4,5,3
"""pretty good, despite the delay""",A321-200,Family Leisure,Economy Class,London Heathrow to Sofia,July 2019,5,5,4,No rating,4,4
"""due to the delay I had to miss it""",No Aircraft,Solo Leisure,Business Class,Nice to Kuwait via London,July 2019,1,1,No rating,No rating,1,1
"""made memorable by air hostess""",Boeing 777,Couple Leisure,Economy Class,Buenos Aires to London Heathrow,July 2019,3,5,4,2,4,4
"""seat is quite comfortable.""",Boeing 777-300ER,Family Leisure,Economy Class,Hong Kong to London,July 2019,4,3,3,3,2,3
"""What a useless organisation""",No Aircraft,Business,Premium Economy,London Heathrow to Las Vegas,July 2019,3,4,4,4,1,3
"""are staff preparing to go on strike""",A320,Solo Leisure,Business Class,London Heathrow to Malaga,July 2019,2,1,1,No rating,3,1
"""777 aircraft is looking old""",B777-200,Business,Economy Class,London to Delhi,June 2019,1,1,3,2,3,2
"""Thank you so much!""",No Aircraft,Solo Leisure,Economy Class,Seattle to Durban via London,July 2019,4,5,3,4,5,5
"""Noisy cabin, tiny screens""",Boeing 747-400,Family Leisure,Economy Class,London Heathrow to Austin,July 2019,1,3,1,1,3,2
"""worst business class experience""",A320,Business,Business Class,Mykonos to London,July 2019,2,1,No rating,No rating,1,1
"""flight has improved my opinion on British Airways""",Boeing 737-800,Family Leisure,Economy Class,Johannesburg OR Tambo to Cape Town,July 2019,4,5,5,5,5,5
"""seat comfort has been sacrificed""",Boeing 777-200,Family Leisure,Economy Class,Grenada to Gatwick,July 2019,1,4,3,5,4,3
"""delayed by 3 hours""",No Aircraft,Family Leisure,Economy Class,Prague to London,July 2019,1,1,No rating,No rating,1,1
"""professional and very friendly""",Boeing 777,Solo Leisure,Premium Economy,London to Dubai,July 2019,5,5,3,5,5,5
"""staff were helpful and friendly""",No Aircraft,Family Leisure,Economy Class,Tel Aviv to Toronto via London,July 2019,4,5,4,4,4,5
"""sent to the wrong baggage drop""",A321,Solo Leisure,Business Class,Heathrow to Manchester,July 2019,2,3,No rating,No rating,1,1
"""team was very friendly""",A320,Solo Leisure,Business Class,Brussels to Larnaca via London,June 2019,3,4,4,No rating,4,4
"""The meal was inedible""",A320,Couple Leisure,Business Class,Stockholm to London,July 2019,2,1,1,No rating,3,1
"""no apologies from the staff""",No Aircraft,Business,Business Class,Toronto to London,July 2019,2,1,3,No rating,1,1
"""don’t waste your money on an overnight flight""",Boeing 737,Family Leisure,Premium Economy,Orlando to London,July 2019,3,4,1,3,3,3
"""Meal service had no choice""",A320,Couple Leisure,Business Class,Lisbon to London,July 2019,1,1,1,No rating,2,1
"""changed to late evening arrival""",A320,Solo Leisure,Economy Class,Heathrow to Marseille,September 2018,1,1,1,1,1,1
"""nothing left of business class""",A320,Business,Business Class,Madrid to London,July 2019,3,1,No rating,No rating,1,1
"""would not help compensate\2",No Aircraft,Family Leisure,Economy Class,Gatwick to Glasgow,July 2019,1,1,No rating,No rating,1,1
"""flight dispatcher closed the flight""",No Aircraft,Couple Leisure,Economy Class,Frankfurt to London,July 2019,3,1,No rating,No rating,1,1
"""Complete confusion""",No Aircraft,Couple Leisure,Economy Class,London to Olbia,July 2019,2,1,1,No rating,2,1
"""I asked to be put in a hotel""",No Aircraft,Solo Leisure,Economy Class,Rotterdam to London City,July 2019,3,4,3,No rating,1,2
"""Staff on both flights fine""",A320 neo,Business,Economy Class,Dublin to London,July 2019,4,4,No rating,No rating,4,4
"""last we saw of the crew for 4 hours""",B777-200,Couple Leisure,Economy Class,Barbados to Gatwick,July 2019,3,1,1,4,3,3
"""outstanding courtesy and service""",A380,Solo Leisure,Economy Class,London Heathrow to Singapore,June 2019,5,5,5,5,5,5
"""last ever trip on BA""",A321,Business,Economy Class,Madrid to London Heathrow,June 2019,1,1,1,No rating,1,1
"""went above and beyond for me""",No Aircraft,Solo Leisure,Economy Class,London Heathrow to Oslo,June 2019,4,5,5,No rating,4,4
"""delayed by over 3hrs""",A319 / Boeing 789,Business,Economy Class,Hamburg to Abu Dhabi via London Heathrow,June 2019,1,2,2,2,1,3
"""a positive experience""",Boeing 777-200 and A319,Solo Leisure,Economy Class,New York to Glasgow via London,June 2019,3,3,3,4,3,4
"""staff went above and beyond""",No Aircraft,Family Leisure,Economy Class,London Heathrow to New York,June 2019,5,5,5,1,5,5
"""10/10 for this flight""",Boeing 777-200,Family Leisure,Business Class,Gatwick to Bermuda,June 2019,4,5,5,5,3,5
"""a very enjoyable trip""",A320,Couple Leisure,Business Class,London Heathrow to Larnaca,June 2019,4,5,5,No rating,5,5
"""Outbound flight was fine""",A320-200,Couple Leisure,Economy Class,Gatwick to Cagliari,June 2019,3,2,1,No rating,4,1
"""all in all decent flights""",A320,Couple Leisure,Economy Class,Heathrow to Kalamata,June 2019,5,4,3,No rating,3,3
"""Terminal 5 is the most bizarre""",No Aircraft,Business,Economy Class,London to Gothenburg,June 2019,No rating,No rating,No rating,No rating,2,2
"""I was told the gate was shut""",A320,Solo Leisure,Economy Class,Amsterdam to London,February 2019,No rating,No rating,No rating,No rating,1,1
"""the cabin crew were great""",A321 Neo,Business,Economy Class,Istanbul to London,June 2019,1,4,2,No rating,4,3
"""return flight was very cold""",A321 / Boeing 787-9,Family Leisure,Economy Class,Manchester to Kuala Lumpur via London,October 2018,2,2,2,4,3,3
"""Crew was pretty average""",No Aircraft,Solo Leisure,Economy Class,London to Dusseldorf,January 2019,3,3,3,No rating,5,4
"""certainly one of the worst""",Boeing 787,Solo Leisure,Business Class,London to Seoul,June 2019,1,1,2,1,1,1
"""more cramped than I expected""",A380,Solo Leisure,Economy Class,London to Vancouver,June 2019,2,4,4,2,3,3
"""ready with another ticket""",No Aircraft,Solo Leisure,Economy Class,Newcastle to Delhi via London,June 2019,2,2,2,1,1,1
"""Not worth the money""",Boeing 747,Business,Business Class,Miami to Delhi via London Heathrow,June 2019,1,3,3,No rating,2,1
"""So much for British Airways""",No Aircraft,Solo Leisure,Economy Class,London to Sydney via Singapore,June 2019,3,3,1,5,1,2
"""cramped seat with no lights""",No Aircraft,Couple Leisure,Economy Class,Phoenix to Amsterdam via London,May 2019,1,3,1,1,4,3
"""special meal not on either flight""",Boeing 777 / 747,Solo Leisure,Economy Class,Tel Aviv to New York via London,June 2019,3,4,1,5,3,3
"""I might fly them again""",A319 / Boeing 777,Solo Leisure,Economy Class,Belfast  to Atlanta via London,April 2019,3,4,2,3,3,2
"""the crew that was so nice""",No Aircraft,Family Leisure,Economy Class,Buenos Aires to London,June 2019,5,5,No rating,5,5,5
"""my luggage arrived soaking wet""",Boeing 787-9,Business,Business Class,London to Nashville,May 2019,1,1,1,1,1,1
"""high level of service and friendliness""",B747-400 in retro,Solo Leisure,First Class,London to Washington,June 2019,5,5,5,3,5,5
"""process was ridiculously slow""",No Aircraft,Couple Leisure,Economy Class,Newcastle to Berlin via London,June 2019,3,3,No rating,No rating,1,1
"""suitcase didn’t arrive""",No Aircraft,Family Leisure,Economy Class,Gatwick to Madrid,May 2019,2,2,No rating,No rating,1,1
"""wanted to return a day early""",No Aircraft,Couple Leisure,Economy Class,London to Tampa,May 2019,1,1,1,1,1,1
"""asked me to keep my luggage down""",No Aircraft,Business,Economy Class,London to Bengaluru,June 2019,4,3,4,3,3,4
"""first class experience""",No Aircraft,Couple Leisure,First Class,London to Delhi,May 2019,4,5,4,4,4,4
"""cancelled as we missed outgoing flight""",No Aircraft,Couple Leisure,Economy Class,London Heathrow to Dubai,May 2019,No rating,No rating,No rating,No rating,No rating,1
"""service went from good to superb""",Boeing 747,Couple Leisure,Economy Class,London to Seattle,May 2019,4,5,4,No rating,5,5
"""trying to seat together""",No Aircraft,Couple Leisure,Economy Class,Johannesburg to London,May 2019,3,4,3,5,4,5
"""couple of very good flights""",A319/A320,Business,Economy Class,London to Milan,May 2019,3,5,3,No rating,4,3
"""service on this flight was superb""",B737-400 / A380 / A319,Couple Leisure,Business Class,Durban to Leeds via Johannesburg / Heathrow,May 2019,4,5,5,5,5,5
"""Very nice experience""",Boeing 787,Couple Leisure,Business Class,London Heathrow to Los Angeles,May 2019,4,5,5,5,5,4
"""an old style business class experience""",Boeing 744,Couple Leisure,Business Class,Cape Town to London Heathrow,May 2019,3,4,4,3,4,3
"""The legroom was terrible""",A321,Business,Economy Class,Sofia to Belfast via London,May 2019,1,1,1,No rating,1,1
"""seat was uncomfortable""",Boeing 777-200,Couple Leisure,Economy Class,Lima to Gatwick,May 2019,2,4,4,1,4,3
"""comfort was very bad""",No Aircraft,Solo Leisure,Economy Class,Inverness to Auckland via Singapore,May 2019,1,5,4,4,4,2
"""expected a better level of attention to detail""",No Aircraft,Solo Leisure,Business Class,Heathrow to Singapore,May 2019,3,3,2,4,3,3
"""an hour or so to drop off luggage""",No Aircraft,Business,Economy Class,Lyon to London,May 2019,4,3,2,No rating,1,3
"""return flight extremely poor""",Boeing 777-200,Couple Leisure,Economy Class,Gatwick to Barbados,May 2019,3,1,2,4,3,3
"""should not have to pay water """,No Aircraft,Couple Leisure,Economy Class,Marseille to London,May 2019,3,1,3,No rating,1,2
"""crew were very efficient""",No Aircraft,Family Leisure,Business Class,London to Chennai,May 2019,4,5,5,5,5,4
"""Overall a decent flight""",A320,Solo Leisure,Economy Class,Gatwick to Malaga,May 2019,5,5,4,No rating,4,5
"""Was very comfortable""",A380 / Boeing 777,Solo Leisure,Economy Class,Boston to London Heathrow,May 2019,4,4,3,3,4,4
"""a pretty good flight""",Boeing 747-400,Couple Leisure,First Class,London to Cape Town,May 2019,4,4,4,3,3,3
"""the excellent cabin crew""",No Aircraft,Couple Leisure,Economy Class,New York to Heathrow,May 2019,3,5,3,5,2,3
"""check in my bag at the gate""",A321,Business,Economy Class,London to Aberdeen,May 2019,2,2,No rating,No rating,1,1
British Airways customer review,A319,Business,Business Class,Gatwick to Dubrovnik,May 2019,1,3,No rating,No rating,1,1
"""was very disappointed""",No Aircraft,Couple Leisure,Premium Economy,London to Shanghai,March 2019,1,1,1,1,1,1
"""baggage is always last off""",A320,Business,Business Class,Faro to Heathrow,May 2019,3,4,4,No rating,1,2
"""BA were way ahead of the competition""",A380,Couple Leisure,Economy Class,Vancouver to London,May 2019,4,5,4,3,4,4
"""four rows away from my partner""",No Aircraft,Couple Leisure,Business Class,Gatwick to Tenerife,May 2019,1,4,1,No rating,1,1
"""nothing too much trouble""",Boeing 747 400,Business,First Class,Washington to London,May 2019,4,4,4,4,3,4
"""pleasant and professional""",Embraer,Solo Leisure,Economy Class,Rome Fiumicino to London City,May 2019,5,5,5,No rating,5,5
"""disappointing business class""",Boeing 777-200,Business,Business Class,London to Shanghai,April 2019,2,1,1,1,3,2
"""customer service is horrible""",No Aircraft,Couple Leisure,Economy Class,Seattle to London,May 2019,3,5,2,2,1,1
"""Thanks to the crew""",No Aircraft,Business,Economy Class,London City to Zurich,April 2019,5,5,5,No rating,4,5
"""delayed for 5 hours""",No Aircraft,Couple Leisure,Economy Class,Bucharest to London,April 2019,3,3,No rating,No rating,1,1
"""impeccable, attentive and delightful""",Boeing 787,Solo Leisure,Business Class,London to Calgary,December 2018,5,5,5,5,1,5
"""staff were absolutely delightful""",Boeing 747,Couple Leisure,Business Class,Vancouver to London,April 2019,5,5,5,5,5,5
"""Perfect welcome""",No Aircraft,Couple Leisure,Business Class,Miami to London Heathrow,April 2019,4,5,4,3,4,4
"""appears it was a window""",No Aircraft,Solo Leisure,Economy Class,Houston to London Heathrow,April 2019,2,1,1,No rating,2,2
"""worst business class trip""",No Aircraft,Business,Business Class,London to Delhi,April 2019,2,2,2,2,3,2
"""no longer getting compensated""",No Aircraft,Business,Economy Class,Bucharest to London,April 2019,2,2,No rating,No rating,1,1
"""found the crew very friendly""",Boeing 777-200/300,Couple Leisure,Economy Class,London Heathrow to Bengaluru,April 2019,3,5,4,2,5,5
"""seats had been changed by BA""",No Aircraft,Business,Business Class,Madrid to London,April 2019,1,1,No rating,No rating,1,1
"""a very good overall service""",A319,Solo Leisure,Economy Class,Dublin to London Heathrow,April 2019,4,3,1,No rating,4,3
"""the product is outdated""",Boeing 747-400,Business,Business Class,London to Seattle,April 2019,4,2,3,3,3,2
"""Flight was good""",A320,Family Leisure,Business Class,London to Gibraltar,April 2019,4,5,5,No rating,4,5
"""Not good for business""",Boeing 747,Business,Business Class,London to Boston,March 2019,2,3,4,1,4,2
"""behind the competition""",Boeing 787-9,Family Leisure,Business Class,London to Doha,April 2019,3,4,3,1,5,4
"""staff exceptionally friendly""",Boeing 747,Couple Leisure,Economy Class,London Heathrow to Houston,April 2019,5,5,5,4,4,4
"""personal space is so tight""",A320,Business,Business Class,Larnaca to London,March 2019,1,4,4,No rating,3,1
"""arrived reasonably promptly""",No Aircraft,Solo Leisure,Economy Class,Zurich to London,April 2019,4,1,1,No rating,3,2
"""very professional and pleasant""",No Aircraft,Solo Leisure,Economy Class,London to Pisa,April 2019,5,4,2,No rating,3,3
"""a fantastic flight""",Boeing 787-9,Couple Leisure,First Class,London to Tokyo Narita,November 2018,5,5,5,5,5,5
"""onboard service was abysmal""",No Aircraft,Couple Leisure,Business Class,Bridgetown to Gatwick,March 2019,4,1,2,No rating,4,1
"""both involuntarily downgraded""",777,Couple Leisure,Economy Class,St Lucia to Gatwick,April 2019,1,2,1,1,1,1
"""had to have a middle seat""",A380,Solo Leisure,Economy Class,Chicago to London,April 2019,1,1,1,No rating,1,1
"""food portions so meagre""",No Aircraft,Family Leisure,Economy Class,London to Bangalore,September 2018,3,1,1,No rating,2,3
"""Seats very uncomfortable""",A320/B788,Solo Leisure,Economy Class,Hamburg to Abu Dhabi via Heathrow,April 2019,1,3,2,No rating,3,4
"""treat customers with care.""",No Aircraft,Couple Leisure,Economy Class,London to Seville,March 2019,No rating,No rating,No rating,No rating,4,4
"""nothing has changed""",Boeing 787-9 / A319,Family Leisure,Business Class,Doha to Paris via London,March 2019,5,4,2,2,4,3
"""best short haul flight""",A320 Neo,Couple Leisure,Business Class,Madrid to London,March 2019,3,5,5,No rating,4,4
"""Very, very mediocre""",No Aircraft,Couple Leisure,Economy Class,Tokyo to London,March 2019,2,3,1,2,3,2
"""The crew were excellent""",Boeing 747-400,Solo Leisure,Economy Class,London to Vancouver,March 2019,3,5,4,4,4,4
"""Service on board was excellent""",Boeing 777,Solo Leisure,First Class,London to Mumbai,March 2019,4,5,2,3,4,4
"""special meal was not available""",Boeing 777,Business,First Class,London to Chicago,March 2019,2,2,1,1,2,2
"""my question never answered""",No Aircraft,Solo Leisure,Economy Class,Leeds Bradford to Las Vegas via Heathrow,September 2018,3,5,3,4,5,3
"""the worst experience""",No Aircraft,Solo Leisure,First Class,Dallas to London Heathrow,March 2019,2,1,3,3,3,1
"""Effectively a budget airline""",No Aircraft,Couple Leisure,Economy Class,Tenerife to Heathrow,March 2019,1,4,1,No rating,2,1
"""such a poor product""",A320,Business,Economy Class,London Heathrow to Larnaca Cyprus,March 2019,2,3,1,No rating,1,1
"""a good product and service""",Boeing 787,Couple Leisure,Business Class,Los Angeles to London,March 2019,4,5,5,5,4,5
"""missed my connecting flight""",No Aircraft,Solo Leisure,Economy Class,London to Phoenix,March 2019,2,5,5,5,1,2
"""wouldn't allow change of dates""",No Aircraft,Business,Business Class,San Francisco to London,April 2018,No rating,No rating,No rating,No rating,No rating,1
"""online website is very clear""",A321,Solo Leisure,Economy Class,Rome to London,March 2019,5,4,1,No rating,5,5
"""No online check-in available""",A319,Business,Economy Class,Cologne to Gatwick,March 2019,3,2,No rating,No rating,1,2
"""won't reimburse me""",Boeing 777,Couple Leisure,Economy Class,Tampa to Gatwick,March 2019,2,2,2,2,1,1
"""service is of good quality""",A320,Business,Economy Class,London Heathrow to Madrid,March 2019,5,5,No rating,No rating,5,5
"""effectively a low cost airline""",Boeing 777,Couple Leisure,Business Class,Gatwick to St Lucia,February 2019,2,1,1,1,3,1
"""a very pleasant flight""",Boeing 777,Business,Economy Class,London to Austin,February 2019,4,5,3,4,5,4
"""The most miserable rip off""",A320,Family Leisure,Business Class,London to Pisa,March 2019,1,4,2,No rating,3,1
"""planes are ancient""",B777,Couple Leisure,Economy Class,Edinburgh to Boston via London,March 2019,1,2,1,1,1,1
"""British Airways are a disgrace""",Boeing 777,Couple Leisure,Economy Class,Gatwick to Mauritius,February 2019,1,3,2,1,2,2
"""crew on this flight amazing""",No Aircraft,Family Leisure,Economy Class,Heathrow to New York,February 2019,4,5,5,3,5,5
"""Last long haul BA flight""",No Aircraft,Solo Leisure,Economy Class,Gatwick to Cape Town,February 2019,1,4,1,1,4,3
"""business class is just coach class""",No Aircraft,Business,Business Class,New York to Venice via London,February 2019,1,2,1,4,1,1
"""out of date airplanes""",B747-400,Business,Business Class,Chicago to London Heathrow,February 2019,1,1,1,1,1,1
"""twenty years out of date""",Boeing 747-400,Business,First Class,London to Chicago,February 2019,1,2,1,1,1,1
"""Very disappointing service""",No Aircraft,Family Leisure,Economy Class,Prague to London Heathrow,February 2019,3,1,No rating,No rating,3,2
"""canceled 3 hours before""",No Aircraft,Solo Leisure,Economy Class,London City to Florence,February 2019,No rating,No rating,No rating,No rating,1,2
"""no pre-dinner drinks served""",A380,Business,Business Class,London to Johannesburg,December 2018,2,1,1,3,4,1
"""the breakfast has improved""",Boeing 787-9,Business,Economy Class,Doha to London Heathrow,February 2019,3,3,3,2,3,3
"""knowledgeable and nice agent""",No Aircraft,Solo Leisure,Premium Economy,Miami to Tel Aviv via London,October 2018,5,5,5,5,5,5
"""worth the price""",Boeing 787-9,Business,Premium Economy,London to Seoul,February 2019,5,4,3,3,2,4
"""this was a good flight""",Boeing 747-400,Family Leisure,Premium Economy,London to New York JFK,February 2019,4,5,4,5,5,4
"""negligent in the extreme""",No Aircraft,Couple Leisure,Business Class,San Diego to London,February 2019,4,1,2,No rating,4,2
"""Much improved, well done""",Boeing 777,Business,Business Class,Gatwick to St Lucia,February 2019,4,4,4,4,3,3
"""crew were very friendly""",No Aircraft,Solo Leisure,Economy Class,London to Chennai,March 2018,5,5,5,5,5,5
"""pay BA to check the new bag""",No Aircraft,Business,Economy Class,London to Tampa,January 2019,4,4,4,5,1,2
"""would be my last choice""",Boeing 787,Couple Leisure,Economy Class,Baltimore to London Heathrow,February 2019,1,1,1,1,2,2
"""is not worth the fare""",No Aircraft,Solo Leisure,First Class,Bridgetown to Gatwick,November 2018,2,4,3,3,3,1
"""IT systems went down""",A320,Couple Leisure,Economy Class,London to Athens,December 2018,3,5,1,1,1,2
"""overall experience was terrible""",No Aircraft,Solo Leisure,Economy Class,Amsterdam to London,February 2019,2,1,1,No rating,2,1
"""an amazing experience""",Boeing 787,Couple Leisure,Premium Economy,New Orleans to London,September 2018,5,4,5,5,4,5
"""both felt a bit disappointed""",Boeing 787-9,Couple Leisure,Business Class,Tokyo Narita to London Heathrow,January 2019,4,3,5,5,5,4
"""cabin staff were fantastic""",Boeing 777,Couple Leisure,First Class,London to Tokyo Haneda,January 2019,5,5,5,5,5,4
"""he made my experience""",No Aircraft,Solo Leisure,Economy Class,London to Billund,February 2019,5,5,No rating,No rating,5,5
"""Online Check-in did not work""",No Aircraft,Business,Premium Economy,San Diego to Frankfurt via London,February 2019,3,3,3,1,1,2
"""Reclaiming lost baggage was simple""",A320,Couple Leisure,Economy Class,Edinburgh to London Gatwick,January 2019,3,4,No rating,No rating,5,4
"""don't care about customers""",No Aircraft,Business,Business Class,Geneva to Philadelphia via London,February 2019,2,3,1,1,1,1
"""Quick and easy flight""",A320,Family Leisure,Economy Class,London Heathrow to Paris CDG,November 2018,3,4,4,2,4,4
"""an average experience""",A380,Family Leisure,Business Class,Johannesburg to London,February 2019,3,3,3,4,3,3
"crew were extremely noisy""",No Aircraft,Solo Leisure,Economy Class,Edinburgh to Bangalore via Heathrow,February 2019,3,1,3,1,1,1
"""don't include drinks or snacks""",A380 / A319,Solo Leisure,Economy Class,Berlin to Johannesburg via London,March 2018,3,3,2,3,4,4
"""extremely average flight""",Boeing 777,Family Leisure,Economy Class,New York JFK to London Heathrow,August 2018,3,4,3,2,3,3
"""now struggle to see the value""",No Aircraft,Business,Economy Class,London to Milan,November 2018,3,4,2,No rating,4,2
British Airways customer review,No Aircraft,Couple Leisure,Economy Class,New York to London via Geneva,January 2019,2,1,4,3,4,2
"""reasonable flight""",A380,Couple Leisure,First Class,Johannesburg to London,January 2019,4,3,3,3,3,3
"""it's showing its age""",A380,Couple Leisure,Business Class,London to Johannesburg,January 2019,3,4,4,3,3,3
"""Crew on this sector were good""",A380,Family Leisure,Business Class,London to Johannesburg,January 2019,4,5,4,5,4,4
"""Excellent short flight""",A320,Business,Business Class,London to Dublin,January 2019,5,5,5,No rating,2,5
"""a worn-out Boeing 777""",Boeing 777,Couple Leisure,Premium Economy,Bermuda to Gatwick,January 2019,1,1,1,1,3,1
"""business class seats were small""",No Aircraft,Business,Business Class,Kuala Lumpur to Miami via London,January 2019,2,2,1,No rating,2,3
"""I decided no BA anymore""",A321-200,Solo Leisure,Economy Class,Zurich to Heathrow,January 2019,1,4,No rating,1,1,2
"""breakfast served was terrible""",A380,Solo Leisure,Premium Economy,Miami to London,January 2019,3,4,1,3,3,3
British Airways customer review,A321,Solo Leisure,Economy Class,Copenhagen to Amsterdam via London Heathrow,February 2018,5,5,No rating,No rating,2,5
"""bothered by the adjacent toilets""",Boeing 777-200,Couple Leisure,Premium Economy,Antigua to Gatwick,January 2019,1,2,2,3,4,1
"""they assigned me a middle seat""",Boeing 787,Solo Leisure,Economy Class,Bucharest to London Heathrow to Los Angeles,January 2019,1,5,2,1,5,1
"""Worst long haul business class""",Boeing 747,Business,Business Class,London to Miami,January 2019,1,2,1,1,3,1
""" a few more inches leg room""",Boeing 787 Dreamliner,Business,Premium Economy,London to Calgary,June 2018,3,3,3,4,4,2
"""well turned out staff""",Boeing 787,Business,Premium Economy,Calgary to London,June 2018,3,4,3,3,3,2
"""extremely run down and shabby""",Boeing 777-200,Business,Premium Economy,Bangalore to London,January 2019,2,2,2,1,2,1
"""offered me no compensation""",No Aircraft,Solo Leisure,Economy Class,Barcelona to New York via London,November 2018,2,2,1,2,1,1
"""Charging to choose seats""",No Aircraft,Solo Leisure,Economy Class,Gatwick to Fort Lauderdale,December 2018,2,3,3,No rating,3,2
"""offered me half the money""",No Aircraft,Couple Leisure,Economy Class,London to Bologna,December 2018,3,4,No rating,No rating,1,1
"""had a great experience""",No Aircraft,Couple Leisure,Economy Class,Venice to London City,October 2018,5,5,4,No rating,5,5
"""Cramped uncomfortable seats""",777,Couple Leisure,Economy Class,San Francisco to London,January 2019,1,1,1,1,1,1
"""seats booked not given""",Boeing 747,Solo Leisure,Economy Class,Heathrow to Vancouver,October 2018,4,4,3,2,4,1
"""seats have so little cushion""",A320,Solo Leisure,Economy Class,London to Bucharest,January 2019,1,4,1,1,5,3
"""hand baggage only fare""",A319,Business,Economy Class,Stuttgart to London,October 2018,1,1,No rating,No rating,1,1
"""dedicated and very professional""",Boeing 777-200,Couple Leisure,Economy Class,London to Boston,December 2018,1,5,4,4,4,4
"""meal was restaurant quality""",Boeing 747-400,Couple Leisure,Economy Class,Boston to London,December 2018,2,3,5,5,4,4
"""Bare bones service""",Airbus A320,Couple Leisure,Economy Class,London to Athens,December 2018,4,1,No rating,No rating,2,4
"""Thank you British Airways""",A380,Couple Leisure,Economy Class,London to Johannesburg,January 2019,5,5,5,5,5,5
"""offer some additional comfort""",Boeing 787-9 / 777,Solo Leisure,Premium Economy,Newark to Bangalore via London,December 2018,4,4,4,4,4,3
"""my flight was canceled""",No Aircraft,Solo Leisure,Economy Class,London to Berlin,December 2018,No rating,No rating,No rating,No rating,1,3
British Airways customer review,Boeing 777,Solo Leisure,Economy Class,London to Mumbai,December 2018,5,5,5,3,5,4
"""I think they had overbooked""",No Aircraft,Solo Leisure,Premium Economy,Athens to Los Angeles via London,December 2018,2,4,3,2,2,1
"""gave us some First Class goodies""",Boeing 777,Family Leisure,Economy Class,Heathrow to Sydney via Singapore,December 2018,1,3,2,1,2,2
"""the cabin was modern and clean""",A319,Solo Leisure,Economy Class,Leeds Bradford to London Heathrow,December 2018,3,5,No rating,No rating,5,4
"""most uncomfortable plane""",A320,Solo Leisure,Economy Class,Gatwick to Tenerife,December 2018,1,3,4,No rating,5,3
"""could not upgrade the flight""",No Aircraft,Couple Leisure,Premium Economy,Denver to Paris via London,December 2018,No rating,No rating,No rating,No rating,No rating,1
"""a total disappointment""",A380,Couple Leisure,Business Class,Johannesburg to London,November 2018,1,1,1,3,2,1
"""last time flying with BA""",Boeing 787,Solo Leisure,Economy Class,London to Kuala Lumpur,December 2018,1,4,3,1,5,1
"""I don’t like pasta""",Boeing 747,Solo Leisure,Economy Class,Los Angeles to London Heathrow,December 2018,2,2,1,4,1,2
"""not going to receive refund""",No Aircraft,Business,Economy Class,Seattle to London,November 2018,No rating,No rating,No rating,No rating,No rating,1
"""so much BA could do to improve""",Boeing 777-200,Couple Leisure,First Class,Gatwick to Barbados,December 2018,2,5,2,2,3,3
"""Fantastic first class service""",Boeing 787-9,Solo Leisure,First Class,Moscow to London,December 2018,5,5,5,5,5,5
"""I felt like a nuisance""",No Aircraft,Solo Leisure,Economy Class,Johannesburg to London,December 2018,3,2,3,2,3,3
"""Poor cabin staff attitude""",Boeing 777,Couple Leisure,Business Class,Bridgetown to Gatwick,December 2018,1,1,2,No rating,2,1
"""crew were very friendly""",A319 / Boeing 777,Couple Leisure,Economy Class,Glasgow to New York via London,December 2018,4,5,5,5,4,4
"""would not recommend BA""",Boeing 777,Business,Business Class,Sydney to London via Singapore,December 2018,1,1,1,1,2,1
"""lacked the wow factor""",A380,Couple Leisure,First Class,Johannesburg to London,December 2018,4,3,3,2,3,3
"""worst business class""",Boeing 777,Business,Business Class,Antigua to Gatwick,December 2018,2,1,1,No rating,3,2
"""First class was third rate""",Boeing 777,Couple Leisure,First Class,Gatwick to Barbados,December 2018,2,2,2,1,1,1
"""unimpressive amenities and service""",Boeing 747-400,Couple Leisure,Business Class,Cape Town to London,November 2018,2,1,1,3,3,1
"""not giving free food and drinks""",A320,Couple Leisure,Economy Class,Bucharest to London,December 2018,1,1,No rating,No rating,1,1
"""wonderful cabin crew""",No Aircraft,Business,Economy Class,Kuala Lumpur to Mexico City via London,December 2018,4,5,4,4,5,5
"""I didn’t like either choice""",Boeing 747-400,Family Leisure,Economy Class,Miami to London,December 2018,1,1,1,1,3,1
"""a very enjoyable flight""",No Aircraft,Solo Leisure,Premium Economy,London Gatwick to Tampa,November 2018,5,5,5,3,5,5
"""transformation into an overpriced EasyJet""",No Aircraft,Couple Leisure,Economy Class,Bordeaux to London Gatwick,July 2018,3,2,No rating,No rating,1,1
British Airways customer review,No Aircraft,Family Leisure,Economy Class,Los Angeles to Rome via London,October 2018,No rating,No rating,No rating,No rating,No rating,1
"""a very enjoyable flight""",No Aircraft,Family Leisure,Economy Class,Gatwick to Las Vegas,December 2018,3,4,4,1,4,4
"""Premium Economy is a joke""",Boeing 777,Couple Leisure,Premium Economy,Nassau to London,November 2018,2,3,1,1,3,1
"""gesture of professionalism""",Boeing 747,Business,Business Class,Phoenix to Accra via London,November 2018,5,5,5,3,5,5
"""Not exactly best of British""",No Aircraft,Solo Leisure,Economy Class,Manchester to London,November 2018,3,1,No rating,No rating,1,2
"""miserable customer service""",Boeing 777,Solo Leisure,Economy Class,San Diego to Hannover via London,November 2018,2,4,4,4,2,2
"""not offered any assistance""",No Aircraft,Business,Economy Class,London Heathrow to Stuttgart,November 2018,1,No rating,No rating,No rating,1,1
"""an excellent flight""",A380,Couple Leisure,First Class,London to Johannesburg,November 2018,5,5,5,4,4,4
"""Completely inadequate service""",No Aircraft,Business,Business Class,London to Dubai,November 2018,4,5,4,1,4,1
"""the staff were very helpful""",Boeing 747-400,Family Leisure,Economy Class,Vancouver to London Heathrow,November 2018,5,5,4,2,5,4
"""service was below standard""",No Aircraft,Solo Leisure,Economy Class,Boston to Nairobi via London,October 2018,3,1,1,No rating,3,3
"""space around the seat is cramped""",Boeing 747,Solo Leisure,Premium Economy,Basel to San Fransisco via Heathrow,November 2018,2,3,2,3,5,2
"""forced me to check-in my suitcase""",No Aircraft,Solo Leisure,Economy Class,London to Lyon,November 2018,2,1,No rating,No rating,1,1
"""extremely nice and helpful """,No Aircraft,Business,Economy Class,London to Boston,November 2018,3,5,4,4,4,5
"""wonderful crew""",A320,Solo Leisure,Business Class,Stockholm to London,November 2018,3,5,2,No rating,1,3
"""I’m sure it’s bad luck""",No Aircraft,Business,Economy Class,Amsterdam to London,November 2018,4,4,No rating,No rating,1,3
"""plane seating is worn out""",Boeing 777-200,Couple Leisure,Economy Class,Buenos Aires to London,November 2018,1,2,1,1,1,1
"""space is ridiculously narrow""",Boeing 777,Business,Business Class,Riyadh to London,November 2018,1,2,2,3,3,1
"""not allowing me to add a bag""",A319,Solo Leisure,Economy Class,Aberdeen to London,November 2018,No rating,No rating,No rating,No rating,1,1
"""would not recommend""",No Aircraft,Family Leisure,Economy Class,Singapore to Sydney,November 2018,1,1,1,1,1,1
"""plane was clean, but cold""",A320,Family Leisure,Economy Class,London to Budapest,November 2018,5,1,No rating,No rating,5,5
"""sufficient seat legroom""",A321,Solo Leisure,Economy Class,London to Athens,October 2018,4,3,2,2,3,3
"""do not match expectations""",Boeing 777-200,Solo Leisure,Business Class,London to Bangkok,October 2018,3,3,2,1,3,2
"""operated by Air Belgium""",A340-300,Solo Leisure,Economy Class,Abu Dhabi to London,October 2018,2,1,1,1,3,3
"""ditch this non responsive airline""",Boeing 777,Business,Business Class,Gatwick to Orlando,October 2018,1,2,3,1,2,1
"""absolutely great""",A319 / Boeing 747,Solo Leisure,Business Class,Newcastle to Las Vegas via London,October 2018,4,4,4,3,4,5
"""restored my faith in BA""",A320,Solo Leisure,Economy Class,St Petersburg to London,October 2018,5,5,3,No rating,5,3
"""I was disappointed""",Boeing 787-9,Business,Business Class,London to Philadelphia,October 2018,1,1,2,3,2,1
"""Good improvement""",Boeing 777-200,Business,Business Class,Madrid to London,October 2018,4,5,4,No rating,4,4
"""Flight was uneventful""",A321,Family Leisure,Economy Class,London to Munich,October 2018,2,3,No rating,No rating,3,3
"""Air conditioning problem""",Boeing 747-400,Couple Leisure,Economy Class,London to Cape Town,October 2018,2,1,2,No rating,1,1
"""Service as expected for price""",A321,Family Leisure,Economy Class,Munich to London Heathrow,October 2018,2,4,No rating,No rating,5,3
"""very smooth and professional""",A319 / Boeing 747-400,Solo Leisure,First Class,Manchester to Philadelphia via London,October 2018,5,5,4,4,5,5
"""experience was bad""",Boieng 777-200,Business,Economy Class,Bangkok to London,October 2018,3,2,2,3,1,2
"""lost my clubs for 7 days""",Boeing 777,Solo Leisure,Economy Class,London to Toronto,October 2018,1,3,3,2,2,1
"""BA provides buy onboard""",A320,Business,Economy Class,London to Vienna,October 2018,2,3,No rating,No rating,2,2
"""does not seem to get any better""",A380,Business,Business Class,Johannesburg to London,October 2018,2,2,1,1,4,2
"""cabin service was good""",Boeing 777-300ER,Solo Leisure,Business Class,Singapore to London Heathrow,September 2018,4,5,3,2,3,3
"""BA club world is a farce""",Boeing 747-400,Couple Leisure,Business Class,London to Los Angeles,August 2018,1,1,1,1,3,3
"""BA lacks consistency""",Boeing 747,Solo Leisure,Premium Economy,Miami to London Heathrow,September 2018,1,5,3,2,1,2
"""unbelievably rude and unhelpful""",No Aircraft,Couple Leisure,Business Class,London Heathrow to Milan Malpensa,October 2018,1,1,1,1,1,1
"""5 mins too late for me to check in""",No Aircraft,Couple Leisure,First Class,Calgary to Rome via London,September 2018,4,1,1,No rating,1,1
"""aircraft interior was old""",No Aircraft,Solo Leisure,Economy Class,London to Bangkok,March 2018,1,3,2,1,4,1
"""crew was also very nice""",Boeing 747-400,Family Leisure,Economy Class,London Heathrow to Miami,August 2018,5,5,5,4,4,5
"""crew was very friendly""",A380,Solo Leisure,Economy Class,London to Singapore,September 2018,5,5,5,4,4,5
"""won’t be flying again""",No Aircraft,Solo Leisure,Economy Class,Dublin to London,September 2018,1,1,No rating,No rating,1,1
"""seating is still hopeless""",A321,Family Leisure,Business Class,London to Pisa,September 2018,1,4,4,No rating,4,1
"""never fly British Airways again""",No Aircraft,Family Leisure,Economy Class,Prague to Heathrow,August 2018,1,3,No rating,No rating,1,1
"""seats were the biggest let down""","Boeing 787-9, A380",Business,Premium Economy,Kuala Lumpur to London Heathrow,September 2018,3,4,3,3,5,4
"""BA sort this shambles out""",A319,Couple Leisure,Business Class,Los Angeles to Leeds via London Heathrow,June 2018,4,4,4,3,1,3
"""experience is so lacklustre""",A320,Couple Leisure,Business Class,Brindisi to London,September 2018,1,2,2,No rating,1,2
"""dreadful seats by the toilet""",A380,Couple Leisure,Premium Economy,Chicago to London,September 2018,1,1,1,1,3,1
"""do not serve free water""",No Aircraft,Family Leisure,Economy Class,Berlin to London,September 2018,2,2,No rating,No rating,2,1
"""staff was professional""",Boeing 777,Solo Leisure,Premium Economy,Riyadh to London,August 2018,5,5,5,4,3,5
"""a surprisingly good flight""",A320 / Boeing 787-9,Couple Leisure,Economy Class,Rome to Newark via London,September 2018,4,4,3,3,4,3
"""Staff very cheerful""",Boeing 747-400,Business,Business Class,London Heathrow to New York JFK,September 2018,3,4,2,3,1,3
"""This was a great flight""",Boeing 777-200,Couple Leisure,First Class,London Heathrow to Dubai,September 2018,4,5,5,3,4,4
"""Left luggage on belt by mistake""",A320,Couple Leisure,Economy Class,Heraklion to Gatwick,September 2018,2,2,No rating,No rating,1,1
"""staff were very efficient""",Boeing 767,Solo Leisure,Business Class,Madrid to London Heathrow,September 2018,3,5,5,No rating,5,5
"""experience is second rate""",A321,Couple Leisure,Business Class,London Heathrow to Brindisi,September 2018,2,3,2,No rating,2,3
"""British Airways is a rip off""",A320,Business,Economy Class,London to Madrid,July 2018,2,3,1,No rating,2,2
"""we demanded we keep it""",No Aircraft,Couple Leisure,Economy Class,Hamburg to London,September 2018,3,1,No rating,No rating,1,3
"""overall job well done""",Boeing 747,Solo Leisure,Premium Economy,Glasgow to Miami via London,August 2018,3,5,5,2,4,4
"""finally a nice flight""",Airbus A32,Solo Leisure,Economy Class,London Heathrow to Budapest,August 2018,5,5,No rating,No rating,4,4
"""crew make the journey smooth""",A320,Solo Leisure,Economy Class,Budapest to London Heathrow,September 2018,4,4,No rating,No rating,5,4
"""Outstanding crew""",A319 / Boeing 787-9,Family Leisure,Business Class,Pisa to Toronto via London,September 2018,4,5,5,4,5,5
"""never provide any assistance""",No Aircraft,Business,Business Class,Madrid to Heathrow,August 2018,1,1,2,No rating,2,2
"""legroom seemed very small""",No Aircraft,Solo Leisure,Economy Class,Singapore to London,August 2018,1,1,3,3,2,1
"""IFE was the size of my wallet""",Boeing 747-400 / A319,Solo Leisure,Economy Class,Washington to Frankfurt via London,August 2018,3,3,2,1,4,2
"""on the next flight tomorrow""",No Aircraft,Family Leisure,Economy Class,Rome to London,August 2018,3,3,No rating,No rating,3,2
"""the food is really poor""",A380,Solo Leisure,Economy Class,London Heathrow to Hong Kong,August 2018,5,5,3,5,4,3
"""Really good crew""",A318,Solo Leisure,Economy Class,London Heathrow to Düsseldorf,August 2018,5,4,No rating,No rating,5,4
"""the quality becomes worse""",A320,Couple Leisure,Business Class,London to Athens,August 2018,1,3,2,1,2,3
"""thoroughly recommend it""",A380,Family Leisure,First Class,London Heathrow to Singapore,July 2018,5,5,5,4,5,5
"""no foil covering the food""",Boeing 787,Couple Leisure,Premium Economy,Philadelphia to London,August 2018,3,1,1,3,4,3
"""choose another airline""",Boeing 747-400,Family Leisure,Economy Class,London to Las Vegas,July 2018,1,1,1,1,1,1
"""asked if I would like any food""",No Aircraft,Business,Business Class,Zagreb to London,August 2018,2,2,1,No rating,2,2
"""totally disappointed""",A380,Family Leisure,Business Class,Los Angeles to Milan via London,August 2018,4,3,3,3,1,1
"""improved on board experience""",Boeing 777,Solo Leisure,Premium Economy,Toronto to London,August 2018,3,5,2,2,4,3
"""Really very good FA's""",A380,Couple Leisure,Business Class,San Francisco to London Heathrow,July 2018,4,5,4,1,4,4
"""this time they were superb""",No Aircraft,Solo Leisure,Economy Class,London to Dublin,August 2018,5,5,2,No rating,4,3
"""the seats feel worn out""",A321,Couple Leisure,Economy Class,London to Paris,January 2018,3,5,5,No rating,4,3
"""outstanding customer service""",A320,Couple Leisure,Economy Class,Amsterdam to London,June 2018,3,5,4,No rating,4,4
""" a very acceptable flight""",Boeing 777,Solo Leisure,First Class,New York JFK to London,August 2018,4,5,3,No rating,5,4
"""pathetic compensation""",No Aircraft,Couple Leisure,Economy Class,Amman to London,April 2018,2,1,1,1,1,1
"""let down by the ground services""",A320,Couple Leisure,Business Class,Paphos to Gatwick,July 2018,3,5,3,No rating,1,3
"""Very happy with the service""",A320,Couple Leisure,Business Class,Gatwick to Paphos,July 2018,3,5,4,No rating,4,4
"""charges to select Business Class seats""",Boeing 747-400,Family Leisure,Business Class,New York to Nairobi via London,July 2018,2,5,2,2,2,2
"""need to improve service levels""",No Aircraft,Business,Economy Class,Istanbul to London Heathrow,July 2018,1,1,No rating,1,1,1
"""my flight was cancelled""",No Aircraft,Family Leisure,Economy Class,Heathrow to Milan,July 2018,3,2,No rating,No rating,1,1
"""a good experience with BA""",Boeing 787-9,Business,Premium Economy,London to Santiago de Chile,July 2018,4,5,4,4,4,5
"""pay again to pre-reserve seats""",Boeing 777,Couple Leisure,Business Class,London Heathrow to Seattle Tacoma,July 2018,4,4,4,2,4,4
"""overall, it’s a good option""",A320-200,Family Leisure,Economy Class,London Gatwick to Tirana Rinas,July 2018,4,4,3,No rating,5,3
"""the flights were excellent""",A320,Couple Leisure,Economy Class,London to Murcia,July 2018,5,5,5,No rating,3,5
"""gone notably downhill""",A321,Solo Leisure,Business Class,London to Amsterdam,July 2018,3,4,3,No rating,1,1
"""Couldn't care less I feel""",Boeing 777,Family Leisure,Economy Class,Aberdeen to Abu Dhabi via London,July 2018,3,1,1,4,1,3
"""staff was kind and helpful""",A320 / Boeing 747-400,Solo Leisure,Economy Class,Prague to Denver via London,June 2018,3,5,5,3,1,2
"""buy-on-board a bug-bear""",A319,Couple Leisure,Economy Class,Seville to Gatwick,July 2018,2,1,1,No rating,1,3
"""A delayed BA flight""",No Aircraft,Solo Leisure,Economy Class,London to Amsterdam,July 2018,1,1,No rating,No rating,1,1
"""On arrival no bags""",No Aircraft,Couple Leisure,Business Class,Gatwick to Barcelona,July 2018,1,3,1,No rating,4,1
"""an enjoyable experience""",Boeing 777 / A380,Business,Premium Economy,HKG to LHR,June 2018,4,5,4,5,5,4
"""food and drink was pretty good""",A320,Solo Leisure,Business Class,Faro to Gatwick,July 2018,3,2,4,No rating,3,4
"""a decent enough flight""",A320,Solo Leisure,Business Class,Gatwick to Faro,July 2018,3,4,3,No rating,5,4
"""crew were helpful and generous""",Boeing 787-9 / A380-800,Solo Leisure,First Class,Jeddah to Chicago via London,May 2018,4,5,4,5,1,5
"""lounges in Heathrow are overcrowded""",No Aircraft,Business,Business Class,London to Frankfurt,July 2018,1,1,1,No rating,1,1
"""was nicely impressed""",A321,Solo Leisure,Business Class,Gatwick to Malaga,July 2018,4,5,5,No rating,3,5
"""pole vault over passenger's legs""",Boeing 777-200,Couple Leisure,Business Class,Bermuda to Gatwick,May 2018,4,3,1,4,4,2
"""seats weren't wide enough""",No Aircraft,Business,Economy Class,Aberdeen to Boston via London,July 2018,2,4,4,5,4,3
"""Seat was quite comfortable""",A319,Solo Leisure,Economy Class,London to Hamburg,June 2018,4,3,No rating,No rating,5,3
"""Better service with Ryanair""",No Aircraft,Family Leisure,Premium Economy,London Heathrow to Hong Kong,July 2018,3,3,2,3,1,2
"""gate staff should be better trained""",No Aircraft,Couple Leisure,Economy Class,London to Istanbul,June 2018,3,3,1,1,1,2
"""crew welcoming and orderly""",A320,Solo Leisure,Economy Class,Munich to London Heathrow,July 2018,4,4,2,No rating,5,3
"""Wonderful service""",No Aircraft,Couple Leisure,Business Class,Edinburgh-Florence,July 2018,4,5,5,No rating,5,5
"""would rather walk to Manchester""",No Aircraft,Solo Leisure,Economy Class,London Heathrow to Manchester,July 2018,1,1,1,1,1,1
"""not sitting together""",No Aircraft,Couple Leisure,Economy Class,London to Madrid,July 2018,1,No rating,No rating,No rating,1,1
"""not provided any explanation""",Boeing 777,Business,Business Class,London to Shanghai,June 2018,1,5,4,2,2,3
"""seats were uncomfortable""",Boeing 777,Family Leisure,Economy Class,London to Tehran,August 2017,1,1,1,No rating,4,1
"""it's not extra leg room""",A321,Couple Leisure,Economy Class,Pisa to London Heathrow,July 2018,1,3,No rating,No rating,3,2
"""had upgraded people in first""",Boeing 747,Business,First Class,London Heathrow to Las Vegas,June 2018,3,2,2,2,3,1
"""first and last experience""",Boeing 747,Couple Leisure,Economy Class,Dublin to Miami via London,June 2018,1,1,1,No rating,1,1
"""charged £65 to bring my bike back""",No Aircraft,Family Leisure,Economy Class,Johannesburg to Heathrow,June 2018,1,4,1,4,1,1
"""queue for bag drop was massive""",No Aircraft,Couple Leisure,Economy Class,Toronto to London,July 2018,1,1,1,3,1,1
"""they did not care""",No Aircraft,Couple Leisure,Business Class,Rome to Gatwick,August 2017,1,1,1,No rating,1,1
"""always had a great experience""",No Aircraft,Solo Leisure,Premium Economy,Mumbai to Edinburgh via London,June 2018,5,5,3,4,5,5
"""Disappointing experience""",No Aircraft,Solo Leisure,Business Class,Mumbai to London Heathrow,June 2018,2,3,3,4,3,1
"""satisfied with all aspects""",Boeing 747 / 777,Solo Leisure,Premium Economy,Delhi to London,June 2018,4,4,4,4,4,4
"""seat was below my expectation""",Boeing 787(9),Couple Leisure,Business Class,Seychelles to London,June 2018,2,3,3,3,1,1
"""return flight was faultless""",A320,Couple Leisure,Business Class,Gatwick to Gibraltar,June 2018,5,5,5,No rating,4,4
"""not worth the name anymore""",A380,Business,First Class,London to Vancouver,June 2018,2,4,2,2,2,4
"""did not take responsibility""",No Aircraft,Business,Economy Class,Milan to London,June 2018,No rating,No rating,No rating,No rating,No rating,1
"""Horrible, horrible service""",Boeing 747,Family Leisure,Economy Class,New York JFK to Rome via London Heathrow,June 2018,3,5,5,5,1,1
"""experience has deteriorated significantly""",Boeing 777,Business,Business Class,Newark to London Heathrow,June 2018,3,1,1,3,4,2
"""worlds away from what it used to be""",Boeing 747 and Boeing 777,Couple Leisure,Business Class,London Heathrow to Seattle,June 2018,4,5,5,4,5,3
"""last choice in future""",Boeing 747,Solo Leisure,Economy Class,London to Johannesburg,April 2018,1,1,1,1,4,2
"""unexpected problem with the systems""",Boeing 787,Couple Leisure,Premium Economy,Calgary to London,June 2018,1,1,1,2,2,2
"""The airline isn’t bad""",Boeing 767,Business,Economy Class,London to Zurich,June 2018,3,2,1,1,4,4
"""charge a large amount for choosing seats""",Boeing 747,Couple Leisure,Economy Class,Glasgow to New York via London,June 2018,2,4,4,3,3,3
"""aircraft lacked the legroom""",Boeing 787,Solo Leisure,Economy Class,London Heathrow to Baltimore,June 2018,2,3,3,4,4,4
"""an additional €476 for seat selection""",A380 and 747,Couple Leisure,Business Class,London to Johannesburg,February 2018,2,3,3,No rating,3,1
"""no one to solve problems""",No Aircraft,Couple Leisure,Premium Economy,Los Angeles to London,May 2018,1,2,1,3,1,1
"""everything was comfy enough""",No Aircraft,Couple Leisure,Economy Class,Tampa to London,May 2018,2,1,1,No rating,3,1
"""FAs went through the motions""",Boeing 747-400,Couple Leisure,Business Class,Cape Town to London Heathrow,June 2018,2,3,2,2,3,3
"""screen with so few pixels""",No Aircraft,Solo Leisure,Economy Class,Gatwick to San Jose,June 2018,3,No rating,No rating,No rating,3,2
"""there was little to dislike""",Boeing 777-200 ER,Solo Leisure,Premium Economy,Toronto to London,June 2018,3,5,4,3,5,4
"""very good service indeed""",Boeing 747-400,Couple Leisure,Economy Class,London to Chicago,April 2018,5,5,4,4,4,5
"""flights to Vancouver abysmal""",No Aircraft,Business,First Class,Geneva to Vancouver via London,March 2018,4,1,2,3,5,1
"""very pleasantly surprised""",A320,Couple Leisure,Business Class,London Heathrow to Corfu,May 2018,4,5,5,No rating,4,5
"""budget airlines can do better""",A320,Couple Leisure,Economy Class,Barcelona to Gatwick,June 2018,3,1,1,No rating,3,2
"""little value for money""",No Aircraft,Business,Business Class,Hong Kong to London,June 2018,1,1,2,1,3,1
"""above-and-beyond service""",Boeing 747 / A320,Solo Leisure,Business Class,Washington to Bucharest via London,May 2018,5,5,4,No rating,5,5
"""expensive low cost airline""",A320,Solo Leisure,Economy Class,London to Warsaw,May 2018,2,2,No rating,No rating,3,3
"""nearly three hours late""",A320,Solo Leisure,Economy Class,London to Istanbul,May 2018,3,5,1,No rating,2,1
"""a hit-or-miss affair""",Boeing 747-400,Couple Leisure,First Class,London to Cape Town,May 2018,4,2,4,3,4,3
"""Avios program is nearly worthless""",Boeing 747,Solo Leisure,First Class,Miami to Hamburg via London,May 2018,3,4,3,No rating,2,1
"""unhelpful and unprofessional""",No Aircraft,Solo Leisure,Economy Class,Turin to London Gatwick,May 2018,2,3,1,No rating,1,1
"""There is not a hotline""",No Aircraft,Business,Economy Class,Frankfurt to London Cuty,May 2018,No rating,No rating,No rating,No rating,No rating,1
"""7 hours later no luggage""",No Aircraft,Couple Leisure,Economy Class,London to Madrid,May 2018,2,1,No rating,No rating,1,1
"""such a poor quality product""",A380,Business,Business Class,Los Angeles to London Heathrow,May 2018,1,1,1,1,1,1
"""they understand my frustration""",A320,Family Leisure,Economy Class,London Heathrow to Mahon,May 2018,3,2,No rating,No rating,1,2
"""a lovely flight""",Boeing 777-200,Business,First Class,Dubai to London Heathrow,May 2018,5,5,5,No rating,5,5
"""a la carte dining option""",A380,Solo Leisure,Economy Class,London Heathrow to Singapore,May 2018,4,3,4,3,4,4
"""did not keep us updated""",No Aircraft,Couple Leisure,Economy Class,Paris to Newark,May 2018,1,1,No rating,No rating,1,1
"""never fly with them again""",No Aircraft,Couple Leisure,Economy Class,Heraklion to Gatwick,May 2018,1,3,No rating,No rating,1,1
"""this experience was a disgrace""",Boeing 747 400,Couple Leisure,Premium Economy,Washington to London,May 2018,1,4,2,1,2,1
"""IFE is a work of mystery""",A380,Business,Economy Class,Singapore to London,May 2018,4,2,1,1,3,4
"""years have not been kind""",Boeing 777-200,Business,Economy Class,Sydney to London via Singapore,May 2018,4,3,1,1,4,4
British Airways customer review,No Aircraft,Couple Leisure,Business Class,Malaga to Gatwick,May 2018,4,4,4,No rating,4,4
"""75 minutes to get boarding card""",No Aircraft,Solo Leisure,Economy Class,Barcelona to Gatwick,May 2018,1,1,No rating,No rating,1,2
"""generous hand luggage rules""",A321,Business,Economy Class,Munich to London,May 2018,3,5,1,No rating,3,3
"""Cabin crew were efficient""",A320,Solo Leisure,Economy Class,London to Reykjavik,May 2018,4,4,2,No rating,4,4
"""very poor cabin service""",Boeing 747-400,Business,Business Class,Cape Town to London,May 2018,3,1,1,1,3,2
"""almost a low fare airline""",Boeing 787 / A320,Couple Leisure,Economy Class,Washington to Prague via London,May 2018,1,3,3,4,2,3
"""shameful for BA management""",Boeing 747,Solo Leisure,First Class,London to Washington,May 2018,3,2,2,1,4,1
"""close call to make connections""",Boeing 747,Solo Leisure,Economy Class,Washington to Glasgow via London,May 2018,4,4,3,3,3,5
"""I had to buy a new return ticket""",No Aircraft,Solo Leisure,Economy Class,London to Montreal,March 2018,3,2,1,2,1,1
"""legroom was insufficient""",Boeing 777-300ER / A320,Solo Leisure,Economy Class,Tokyo to Amsterdam via London,May 2018,2,2,1,1,4,3
"""service was quite prompt""",A320,Business,Business Class,Vienna to London Heathrow,May 2018,3,4,2,No rating,3,3
"""pathetic cost cutting antics""",A320,Solo Leisure,Economy Class,London Heathrow to Vienna,May 2018,1,1,1,2,1,1
"""had to pay for another flight""",No Aircraft,Couple Leisure,Economy Class,Glasgow to Heathrow,May 2018,1,1,No rating,No rating,1,1
"""the service pleasant enough""",Boeing 747,Business,Business Class,London to Phoenix,May 2018,4,3,4,1,4,4
"""full price to rebook""",No Aircraft,Solo Leisure,Economy Class,Glasgow to Heathrow,May 2018,1,1,No rating,No rating,1,1
"""cabin crew friendly""",A319 / Boeing 777,Solo Leisure,Economy Class,Brussels to Shanghai via London,April 2018,5,5,5,4,2,5
"""I was pleasantly surprised""",A380,Solo Leisure,Economy Class,Chicago to London Heathrow,May 2018,4,4,3,3,4,3
"""once again disappointed""",A320 / Boeing 787,Couple Leisure,Economy Class,Athens to Philadelphia via London,April 2018,4,4,2,4,4,3
"""Club World cabin very cramped""",Boeing 777,Couple Leisure,Business Class,Hong Kong to London,April 2018,2,5,3,3,4,4
"""experience was totally acceptable""",A380,Solo Leisure,Business Class,Los Angeles to London Heathrow,April 2018,4,5,4,5,5,5
"""Terminal 5 was a big mass""",A319 / Boeing 787-8,Solo Leisure,Premium Economy,Hamburg to Abu Dhabi via London,May 2018,3,2,2,4,1,2
"""An average experience""",Boeing 787-8,Family Leisure,Business Class,GIG to LHR,April 2018,4,3,3,4,4,3
"""no accessory pack of eye shades""",Boeing 747,Solo Leisure,Premium Economy,London Heathrow to Vancouver,April 2018,1,1,1,2,4,2
"""crew were excellent""",Boeing 767,Business,Business Class,Madrid to London,April 2018,4,5,4,No rating,4,3
"""bags cannot be fastened together""",No Aircraft,Solo Leisure,Economy Class,Venice to Gatwick,February 2018,3,3,No rating,No rating,1,1
"""It was all handled very poorly""",A380,Business,Business Class,Singapore to Dublin via London,March 2018,2,5,4,3,2,2
"""no real added value""",No Aircraft,Couple Leisure,Economy Class,London to Budapest,April 2018,3,3,1,1,2,1
"""bumped off flight""",No Aircraft,Business,Economy Class,Florence to London Gatwick,April 2018,No rating,No rating,No rating,No rating,No rating,1
"""a solid performance""",Boeing 777-300,Family Leisure,Business Class,London to Sao Paulo,April 2018,4,4,4,5,5,4
"""Worst BA flight ever!""",Boeing 777,Couple Leisure,Business Class,Tampa to London Gatwick,April 2018,1,1,1,1,1,1
"""one expects a degree of comfort""",A319,Business,Business Class,London Heathrow to Dusseldorf,February 2018,1,1,1,No rating,1,1
"""crew professional and friendly""",A320,Business,Business Class,Madrid to London,April 2018,2,5,1,No rating,1,1
"""this change is not acceptable""",A321,Business,Business Class,London to Moscow,March 2018,1,4,1,No rating,1,2
"""recent BA experience was positive""",Boeing 747-400,Solo Leisure,Economy Class,Miami to London,March 2018,4,4,4,4,4,4
"""cheaper than competitors""",No Aircraft,Couple Leisure,Economy Class,Gatwick to Barbados,December 2017,2,2,1,2,3,2
"""among the most greedy airlines""",Boeing 747-400,Solo Leisure,Economy Class,London Heathrow to Dallas,April 2018,3,3,3,2,3,2
"""the seat pitch is ridiculous""",A320,Business,Business Class,London to Copenhagen,April 2018,2,3,1,No rating,3,2
"""it’s become a last resort""",No Aircraft,Business,Economy Class,Istanbul to London,April 2018,3,3,1,1,2,1
"""Unprofessional staff, uncomfortable seats""",A380,Family Leisure,Premium Economy,Los Angeles to London,April 2018,1,1,2,3,1,1
"""started with a 2.5 hours delay""",No Aircraft,Business,Economy Class,Belfast to London,April 2018,2,1,1,1,1,1
"""Boarding was chaotic""",No Aircraft,Solo Leisure,Economy Class,Naples to Gatwick,April 2018,3,2,2,No rating,2,1
"""Not value for money""",Boeing 777-300,Family Leisure,Premium Economy,São Paulo to London Heathrow,April 2018,2,1,2,3,2,2
"""nothing special, such a disappointment""",No Aircraft,Couple Leisure,Premium Economy,Dallas to Lagos via London Heathrow,February 2018,2,2,2,2,1,1
"""the worst flight I have ever had""",A320,Couple Leisure,Economy Class,Budapest to London Heathrow,March 2018,1,1,No rating,No rating,3,2
"""service was outstanding""",Boeing 777,Family Leisure,Economy Class,London Heathrow to New York JFK,April 2018,1,5,2,2,1,3
"""My bag was damaged""",No Aircraft,Solo Leisure,Economy Class,London to Vienna,December 2017,3,4,No rating,No rating,1,1
"""Efficient staff""",Boeing 787-9,Family Leisure,Premium Economy,London Heathrow to Cairo,April 2018,4,5,5,5,5,5
"""complete waste of money""",Boeing 777,Couple Leisure,Business Class,St Lucia to Gatwick,March 2018,2,2,2,3,3,1
"""well below BA's competitors""",Boeing 777-200,Couple Leisure,Business Class,Fort Lauderdale to Gatwick,March 2018,2,3,3,2,3,3
"""additional payment to select seats""",Boeing 747,Family Leisure,Business Class,Dubai to London Heathrow,March 2018,4,5,4,3,4,4
"""outdated, unclean and uncomfortable""",No Aircraft,Couple Leisure,Economy Class,London to Las Vegas,March 2018,2,4,1,2,2,3
"""the utmost courtesy and assistance""",No Aircraft,Solo Leisure,Economy Class,Tampa to Gatwick,March 2018,4,5,5,5,5,5
"""pleasantly surprised to be upgraded""",A320,Business,Economy Class,Heathrow to Keflavik,March 2018,3,4,4,No rating,5,4
"""crew very friendly and professional""",Boeing 787-9,Solo Leisure,First Class,London to Muscat,March 2018,5,4,4,3,4,4
"""entertainment was not working""",No Aircraft,Family Leisure,Economy Class,Cape Town to London,March 2018,2,2,2,1,2,1
"""staff try so very hard to please""",A320,Family Leisure,Business Class,Gatwick to Madeira,March 2018,2,4,3,No rating,2,1
"""extremely unprofessional""",No Aircraft,Solo Leisure,Economy Class,London to Casablanca,March 2018,3,3,No rating,No rating,1,1
"""manager is very professional""",No Aircraft,Solo Leisure,Economy Class,Berlin to Hong Kong via London,February 2018,3,5,No rating,No rating,4,4
"""regret choosing BA""",No Aircraft,Solo Leisure,Economy Class,Hyderabad to Brussels via London,March 2018,3,3,2,2,3,1
"""an entirely reasonable flight""",Boeing 777-200,Couple Leisure,Business Class,London Gatwick to Fort Lauderdale,March 2018,3,4,4,3,4,4
"""cleanliness hit rock bottom""",No Aircraft,Business,Business Class,Milan to London Heathrow,March 2018,3,1,No rating,No rating,4,1
"""one of the most pleasurable flights""",No Aircraft,Family Leisure,Business Class,London to Helsinki,March 2018,5,5,5,No rating,5,5
"""gratitude and appreciation""",No Aircraft,Solo Leisure,Economy Class,London Heathrow to Denver,March 2018,5,5,5,5,5,5
"""I had to ask where is my food""",No Aircraft,Solo Leisure,Economy Class,Heathrow to Kuala Lumpur,March 2018,3,3,1,2,4,1
"""you are facing a stranger""",Boeing 777-200,Business,Business Class,Bangkok to London,March 2018,1,2,1,No rating,4,1
"""service was really good""",No Aircraft,Couple Leisure,Business Class,Beijing to London,March 2018,3,4,4,4,3,4
"""not much structure to service""",No Aircraft,Couple Leisure,Business Class,London to Beijing,March 2018,3,2,3,4,3,3
"""served the worst food""",Boeing 777,Couple Leisure,Economy Class,Bangkok to London,March 2018,1,2,1,2,1,2
"""cabin staff were almost robotic""",Boeing 777,Solo Leisure,Economy Class,Moscow to Heathrow,February 2018,2,1,1,3,1,3
"""no one to escort you to the seat""",Boeing 787-9,Business,First Class,London Heathrow to Delhi Airport,October 2017,4,1,1,1,2,1
"""service is very attentive and polite""",No Aircraft,Solo Leisure,Economy Class,Belfast to Lisbon via London,March 2018,3,4,1,No rating,4,2
"""turned into a low cost airline""",No Aircraft,Solo Leisure,Economy Class,London to Belfast,March 2018,5,5,No rating,No rating,4,3
"""Worn seats, cracks in the walls""",Boeing 747-400,Business,Economy Class,Miami to London,March 2018,2,3,3,1,3,2
"""service attentive and prompt""",A320,Business,Business Class,Warsaw to London,March 2018,1,4,5,No rating,4,4
"""they do not offer anything free""",No Aircraft,Solo Leisure,Economy Class,Stockholm to London,March 2018,3,3,No rating,No rating,3,2
"""crew were very pleasant""",No Aircraft,Business,Economy Class,Lisbon to London Heathrow,March 2018,4,2,2,No rating,5,2
"""don't have spare water""",A380,Business,Premium Economy,Singapore to Heathrow,March 2018,1,1,1,1,1,1
"""seat was claustrophobic""",Boeing 777,Business,Business Class,Chicago to Chennai via London,February 2018,1,1,1,No rating,1,1
"""it did not disappoint me""",Boeing 787,Solo Leisure,Economy Class,London Heathrow to Toronto,February 2018,3,4,3,2,4,4
"""my worst experience in business class""",A380,Business,Business Class,London to Hong Kong,February 2018,3,1,1,3,3,1
"""you would expect a better meal""",A380,Solo Leisure,Premium Economy,Miami to London Heathrow,February 2018,5,5,3,5,5,5
"""I will never fly BA again""",Boeing 747,Couple Leisure,First Class,London to Phoenix,July 2017,1,5,1,1,1,1
"""a miserable experience""",No Aircraft,Couple Leisure,Business Class,London to Istanbul,February 2018,1,2,2,No rating,2,2
"""I end up with mix feelings""",A319,Couple Leisure,Economy Class,Edimbourgh to London Gatwick,February 2018,1,3,No rating,No rating,3,5
"""at least a decade out of date""",Boeing 747-400,Business,Business Class,Chicago to London Heathrow,February 2018,1,1,1,1,3,1
"""has adopted the low cost airline mentality""",Boeing 757,Solo Leisure,Economy Class,Athens to London,February 2018,3,4,No rating,2,4,5
"""meals were served very slowly""",Boeing 747,Couple Leisure,Premium Economy,London Heathrow to Miami,February 2018,2,3,2,2,3,2
"""Boarding was disappointing""",Boeing 777,Solo Leisure,Economy Class,London to Bombay,December 2017,4,5,4,4,3,5
"""so much for a full-service airline""",A319/320,Couple Leisure,Business Class,Manchester to Gothenburg via London Heathrow,February 2018,2,3,2,1,3,2
"""Bad service""",No Aircraft,Business,Economy Class,London Heathrow to Prague,February 2018,3,1,No rating,No rating,1,1
"""journey was very irritating""",No Aircraft,Solo Leisure,Economy Class,New Orleans to Hyderabad via London,February 2018,1,1,1,1,2,2
"""Extremely dated aircraft""",No Aircraft,Business,Business Class,London to Athens,January 2018,1,4,2,1,2,1
"""food has noticeably improved""",Boeing 777,Couple Leisure,Economy Class,London Gatwick to Cape Town,February 2018,4,3,4,3,4,3
"""really poor food""",No Aircraft,Couple Leisure,Economy Class,Las Vegas to London Heathrow,February 2018,2,1,1,3,1,2
"""crew very attentive""",A321,Solo Leisure,Business Class,Aberdeen to London Heathrow,February 2018,5,5,5,No rating,4,5
"""Very satisfied with BA""",A320,Solo Leisure,Business Class,Dusseldorf to London,February 2018,3,5,5,No rating,4,4
"""utterly appalling food""",Boeing 777,Solo Leisure,Economy Class,Orlando to Gatwick,February 2018,3,5,1,3,4,3
"""I was very pleasantly surprised""",A380,Solo Leisure,Economy Class,London to Johannesburg,January 2018,5,5,3,5,5,4
"""cabin staff polite and friendly""",No Aircraft,Business,Business Class,Chicago to Hyderabad via London Heathrow,February 2018,3,4,3,No rating,3,4
"""first and last journey""",No Aircraft,Solo Leisure,Premium Economy,San Francisco to Hyderabad via London,December 2017,1,1,No rating,No rating,1,1
"""nothing good about BA anymore""",A319,Business,Economy Class,London to Duesseldorf,January 2018,1,1,No rating,No rating,1,1
"""I was downgraded""",No Aircraft,Couple Leisure,Business Class,Rio de Janiero to London,January 2018,2,2,2,2,2,1
"""A very unpleasant experience""",Boeing 777,Solo Leisure,Premium Economy,London to Bengaluru,February 2018,2,1,1,1,2,1
"""BA did a good job""",Boeing 777-300ER,Couple Leisure,Economy Class,Houston to Dublin via London Heathrow,January 2018,3,4,4,5,4,5
"""have to pay for food and beverages""",No Aircraft,Couple Leisure,Economy Class,Reykjavik to London,February 2018,4,4,1,4,1,2
"""given no notifications or help""",No Aircraft,Couple Leisure,Economy Class,Bangkok to Lisbon via Heathrow,December 2017,No rating,No rating,No rating,No rating,No rating,1
"""a flight with no problems""",No Aircraft,Solo Leisure,Economy Class,Johannesburg to Cape Town,January 2018,3,3,3,No rating,3,4
"""no complimentary food or beverages""",A320,Solo Leisure,Economy Class,London Heathrow to Paris Orly,October 2017,3,4,No rating,No rating,2,2
"""good flight and service""",A320,Solo Leisure,Business Class,London Heathrow to Belfast,January 2018,5,4,4,No rating,4,4
"""missed our connection in London""",No Aircraft,Couple Leisure,Economy Class,New York to Paris,December 2017,1,No rating,No rating,No rating,1,1
"""Service was inattentive at best""",A380,Business,Business Class,Singapore to Madrid via London Heathrow,January 2018,1,2,2,2,1,1
"""if we want anything, get it yourself""",Boeing 777,Solo Leisure,Business Class,Gatwick to Tobago,January 2018,3,3,3,2,2,3
"""British Airways is cutting corners""",A319,Business,Business Class,London Gatwick to Turin,January 2018,1,1,2,No rating,3,1
"""policy is arbitrary and unfair""",No Aircraft,Solo Leisure,Economy Class,Warsaw to London Heathrow,January 2018,1,1,3,1,1,1
"""Six hours before it was cancelled""",No Aircraft,Solo Leisure,Economy Class,London Heathrow to Vancouver,January 2018,3,4,3,No rating,3,3
"""asked to pay extra to book specific seats""",No Aircraft,Couple Leisure,Business Class,London Heathrow to Madrid,January 2018,2,4,4,No rating,2,3
"""My suitcase didn't arrive""",A320,Solo Leisure,Economy Class,London to Dusseldorf,December 2017,2,4,1,1,1,1
"""staff attitude so nonchalant""",No Aircraft,Solo Leisure,Business Class,Johannesburg to London,December 2017,1,1,1,2,2,1
"""pulling in the right direction""",Boeing 777-200,Couple Leisure,Business Class,London to Bangkok,January 2018,5,5,5,2,5,5
"""British Airways is always a good choice""",A320,Solo Leisure,Business Class,London Gatwick to Rome Fiumicino,December 2017,5,5,5,5,5,5
"""impressed with level of service""",Boeing 787-9,Solo Leisure,Business Class,"San Jose, CA to London Heathrow",January 2018,4,5,5,4,3,4
"""an awful experience""",Boeing 777,Business,Business Class,Dubai to London,December 2017,1,1,1,No rating,1,1
"""full-service airline or low cost""",E170 / A319,Business,Economy Class,London to Düsseldorf,January 2018,3,5,1,No rating,4,2
"""such a poor service""",No Aircraft,Family Leisure,Economy Class,New York to London,November 2017,1,1,2,1,2,1
"""should get behind out national carrier""",Boeing 777,Solo Leisure,Economy Class,Bangkok to Aberdeen via Heathrow,January 2018,3,4,4,2,4,4
"""there's room for improvement""",E190,Couple Leisure,Economy Class,Rotterdam to London City,January 2018,5,5,3,No rating,4,5
"""used to be such a wonderful airline""",No Aircraft,Couple Leisure,Economy Class,London to Cape Town,March 2017,1,1,No rating,No rating,1,3
"""cabins are in need of refurbishment""",Boeing 747-400,Solo Leisure,First Class,Chicago to London Heathrow,January 2018,5,5,5,5,4,5
"""need to roll out promised changes""",Boeing 777-200,Couple Leisure,First Class,Toronto to London,January 2018,4,4,4,3,3,4
British Airways customer review,Boeing 747,Solo Leisure,Economy Class,Las Vegas to Manchester via London,January 2018,1,2,1,2,1,1
"""a terrible flight""",Boeing 777,Business,Business Class,London to Dubai,January 2018,2,1,1,No rating,3,1
"""go with a budget airline""",No Aircraft,Solo Leisure,Economy Class,Amsterdam to London,January 2018,1,1,1,1,1,1
"""I was pleasantly surprised""",A380,Solo Leisure,Economy Class,London to Johannesburg,December 2017,5,5,4,4,4,4
"""BA is now as bad as Ryanair""",No Aircraft,Business,Business Class,Gatwick to Funchal,October 2017,1,2,1,No rating,1,1
"""waiting on my luggage for five days""",No Aircraft,Solo Leisure,Business Class,London to Tel Aviv,December 2017,1,1,No rating,No rating,1,1
"""I was sorely disappointed""",No Aircraft,Solo Leisure,Premium Economy,London to Cape Town,December 2017,1,3,4,1,2,1
"""their staff is the best""",Boeing 777-300ER,Family Leisure,First Class,Hong Kong to London,December 2017,4,5,5,No rating,4,4
"""BA gets worse and worse""",A321,Couple Leisure,Business Class,Dublin to Heathrow,December 2017,1,1,1,No rating,1,1
"""don’t waste your money flying BA""",Boeing 747-400,Couple Leisure,Economy Class,London to New York,November 2017,1,1,1,2,3,2
"""plane was very outdated""",Boeing 747-400,Family Leisure,Economy Class,New York to London,December 2017,4,4,4,3,3,3
"""worst business class I have flown""",No Aircraft,Family Leisure,Business Class,Budapest to Philadelphia via London,July 2017,2,4,2,2,3,3
"""The attendants were polite""",A380,Solo Leisure,Premium Economy,London to Hong Kong,December 2017,4,4,4,4,5,3
"""bad service with delayed luggage""",No Aircraft,Solo Leisure,Economy Class,London to Montreal,December 2017,2,4,2,3,1,1
"""currently looking for the luggage""",Boeing 777,Family Leisure,First Class,London to Houston,December 2017,3,3,1,3,1,1
"""Absolutely horrendous experience""",No Aircraft,Couple Leisure,Economy Class,Las Vegas to London,December 2017,1,1,1,2,1,1
"""biggest disappointment was the cabin crew""",Boeing 747-400,Solo Leisure,Economy Class,Dubai to London Heathrow,December 2017,2,1,2,1,4,2
"""cancelled due to heavy snow""",Boeing 747-400,Solo Leisure,Economy Class,New York to Budapest via London,December 2017,1,1,1,1,1,1
"""I was very hungry throughout the service""",No Aircraft,Solo Leisure,Economy Class,Tokyo Narita to London Heathrow,December 2017,2,1,1,1,2,1
"""quite disappointed with my experience""",A320,Couple Leisure,Economy Class,Hamburg to London Heathrow,June 2017,3,2,No rating,No rating,5,2
"""a poor economy class product""",A320,Family Leisure,Economy Class,London to Pisa,October 2017,1,1,1,1,1,1
"""no longer a full service airline""",A320,Family Leisure,Economy Class,London to Toulouse,October 2017,1,1,1,1,1,1
"""Lovely, friendly crew""",Boeing 787-900,Solo Leisure,Business Class,London to Santiago,November 2017,5,5,4,4,4,5
"""morphing into a low-cost carrier""",A320,Couple Leisure,Economy Class,London to Rome,November 2017,5,3,No rating,No rating,5,5
"""used to include complimentary tea/sandwich""",No Aircraft,Solo Leisure,Economy Class,London to Manchester,November 2017,4,5,No rating,No rating,4,4
"""little to complain about""",Boeing 777,Solo Leisure,Premium Economy,London to Seattle,November 2017,4,4,4,3,4,4
"""policy of charging to book a seat""",Boeing 777,Solo Leisure,Premium Economy,Seattle to London,November 2017,4,4,3,3,4,4
"""ground service was really poor""",A320,Family Leisure,Economy Class,London to Barcelona,June 2017,1,1,No rating,No rating,1,1
"""the worst travel experience""",Boeing 747-400,Business,Economy Class,Vancouver to Edinburgh via London,December 2017,2,2,3,2,1,2
"""Noticeable cost cutting measures""",A319,Solo Leisure,First Class,London to Berlin Tegel,November 2017,2,2,1,1,4,2
"""1st product is very mediocre""",Boeing 777-200,Family Leisure,First Class,London Heathrow to Dubai,November 2017,3,4,2,2,3,1
"""sad experience from our national carrier""",Boeing 777-200,Family Leisure,First Class,Dubai to London Heathrow,November 2017,3,2,2,2,2,2
"""BA quality is severely lacking""",Boeing 777-200,Business,Business Class,Saint Lucia to London Gatwick,November 2017,2,3,2,4,4,2
"""fast and efficient service""",A320,Business,Business Class,London Heathrow to Belfast,November 2017,4,5,4,No rating,4,4
"""it’s just spiralling down""",No Aircraft,Solo Leisure,Economy Class,London to Miami,November 2017,1,1,3,3,1,1
"""new improvements are excellent""",Boeing 747-400,Couple Leisure,Business Class,London Heathrow to New York JFK,November 2017,4,5,5,5,4,4
"""unreliable, unprofessional airline""",No Aircraft,Business,Economy Class,Berlin to London City,September 2017,1,1,1,1,1,1
"""pleasure to fly with a great airline""",No Aircraft,Solo Leisure,Economy Class,Funchal to London Gatwick,November 2017,5,5,5,No rating,5,5
"""One issue after another!""",No Aircraft,Couple Leisure,Business Class,Newcastle to San Francisco via London Heathrow,August 2017,4,5,4,4,3,3
"""BA needs to improve and fast""",A320-200,Couple Leisure,Business Class,Manchester to London,October 2017,1,3,3,No rating,1,3
"""check in my carry on luggage for free""",Boeing 767,Family Leisure,Economy Class,London to Athens,November 2017,3,3,No rating,No rating,1,2
"""sad to see how BA service went down""",A320/319,Business,Economy Class,Berlin Tegel to London Heathrow,November 2017,4,1,No rating,No rating,2,1
"""a no frills business class""",Boeing 777,Couple Leisure,Business Class,London Heathrow to Doha,October 2017,2,3,2,1,2,3
"""British Airways is seriously lacking""",Boeing 777-300,Couple Leisure,Economy Class,Singapore to Sydney,November 2017,3,1,1,2,3,2
"""BA is shameless and embarrassing""",A320,Business,Economy Class,London Heathrow to Basel,November 2017,2,1,1,No rating,1,1
"""poor quality product crew have to support""",Boeing 747,Couple Leisure,Economy Class,Miami to London Heathrow,November 2017,1,5,1,1,3,3
"""the worst airline I have flown""",Boeing 747-400,Business,Business Class,Prague to Washington via London,November 2017,1,1,1,1,1,1
"""An excellent flight""",Boeing 747-400,Couple Leisure,First Class,Cape Town to London,November 2017,4,5,5,3,4,4
"""the CEO is running BA to the ground""",Boeing 777-200 ER,Business,Premium Economy,Bangkok to London Heathrow,September 2017,2,4,3,1,5,3
"""bus transfer and arrival at 2.30am""",No Aircraft,Solo Leisure,Economy Class,London Gatwick to Verona,October 2017,4,2,No rating,No rating,1,1
"""Short-haul with BA never again""",No Aircraft,Business,Economy Class,Madrid to London Heathrow,September 2017,3,4,No rating,No rating,3,1
"""solid product and excellent crew""",Boeing 777-200,Solo Leisure,First Class,Tel Aviv to London,November 2017,5,4,5,4,2,5
"""was a very enjoyable flight""",Boeing 777-200,Solo Leisure,Business Class,London to Tel Aviv,November 2017,5,4,4,1,4,5
"""The service was brusque""",Boeing 787,Family Leisure,Economy Class,Kuala Lumpur to Madrid via London,November 2017,4,3,2,4,3,4
"""inflight service was very poor""",A319,Solo Leisure,Economy Class,Madrid to London Heathrow,November 2017,3,1,1,No rating,2,3
"""this was not acceptable""",No Aircraft,Couple Leisure,Economy Class,Bologna to London Heathrow,October 2017,1,1,2,4,4,2
"""prepare to be nickled and dimed""",No Aircraft,Couple Leisure,Economy Class,Baltimore to Rome via London,November 2017,1,2,1,1,1,1
"""In-flight service good""",A380,Couple Leisure,Business Class,London Heathrow to Johannesburg,November 2017,4,4,4,3,4,4
"""will think twice before choosing again""",No Aircraft,Solo Leisure,Economy Class,London Heathrow to Brussels,November 2017,4,1,3,1,5,3
"""a functional, disinterested service""",No Aircraft,Solo Leisure,Premium Economy,London to San Francisco,October 2017,1,1,1,3,3,1
"""BA is just too cheap on it's product""",Boeing 787,Solo Leisure,Business Class,London Heathrow to Seoul Incheon,January 2017,3,4,2,3,2,3
"""BA is way behind other carriers""",Boeing 787,Solo Leisure,Business Class,Seoul Incheon to London Heathrow,December 2016,3,3,3,3,4,3
"""It was the most uncomfortable flight""",Boeing 747,Business,Economy Class,Cape Town to London,November 2017,1,1,1,1,3,3
"""Cost cutting was in evidence""",No Aircraft,Solo Leisure,Business Class,London Heathrow to Bahrain,November 2017,2,3,3,1,1,3
"""crew amazingly helpful""",Boeing 747,Family Leisure,Business Class,London to Philadelphia,October 2017,4,5,2,4,4,4
"""extra cost not justified""",Boeing 767,Business,Business Class,London to Edinburgh,November 2017,1,3,3,No rating,3,1
"""requested Asian vegetarian food""",No Aircraft,Family Leisure,Economy Class,Oakland to Gatwick,October 2017,1,1,1,No rating,1,1
"""continually disappointed by British Airways""",A321,Business,Economy Class,Düsseldorf to London,August 2017,3,4,2,3,2,1
"""need to clean the planes more often""",Boeing 787-9,Couple Leisure,Business Class,London to Santiago,November 2017,3,4,3,3,4,3
"""Complete rip-off sums it up""",Boeing 747-400,Business,Business Class,London to New York JFK,November 2017,2,3,2,3,3,1
"""exactly the same width and pitch""",No Aircraft,Couple Leisure,Business Class,Johannesburg to Victoria Falls,October 2017,1,3,3,1,1,1
"""disappointed with the return flight""",Boeing 777-200,Couple Leisure,Business Class,London to Mumbai,October 2017,3,4,2,1,5,1
"""They were refused boarding""",No Aircraft,Family Leisure,Business Class,London to Johannesburg,October 2017,2,2,No rating,No rating,1,1
"""The worst customer service""",No Aircraft,Business,Economy Class,Heathrow to Lyon,November 2017,1,1,1,1,1,1
"""Absolutely appalling service""",No Aircraft,Couple Leisure,Economy Class,London to New York,November 2017,1,1,1,4,1,1
"""I had a horrid experience""",No Aircraft,Solo Leisure,Economy Class,Kingston to London Gatwick,November 2017,1,1,1,1,2,1
"""well below standards of competition""",A320,Couple Leisure,Economy Class,Heathrow to Barcelona,November 2017,2,2,No rating,No rating,3,2
"""just getting worse and worse""",No Aircraft,Business,Business Class,Singapore to London,October 2017,1,3,1,2,2,1
"""a better BA experience""",No Aircraft,Couple Leisure,Business Class,London to Rome,October 2017,2,5,5,No rating,4,3
"""ashamed this is my national airline""",No Aircraft,Solo Leisure,Premium Economy,Heathrow to Dubai,September 2017,1,1,1,1,1,1
"""one of the worst flights""",Boeing 777,Solo Leisure,Economy Class,Tokyo Haneda to Heathrow,October 2017,1,2,1,1,2,3
"""today just another 2 star airline""",Boeing 787-8,Business,Business Class,London to Toronto,October 2017,2,2,1,1,1,2
"""BA is now grossly overpriced""",Boeing 747-400,Business,First Class,New York JFK to London,October 2017,3,4,3,4,3,2
"""I will not use BA again""",No Aircraft,Couple Leisure,Economy Class,Gatwick to Marrakech,October 2017,1,1,No rating,No rating,3,1
"""on-board experience was good""",A380,Solo Leisure,Economy Class,Los Angeles to London Heathrow,July 2017,4,4,4,4,4,4
"""pleasant and well organised""",A320,Solo Leisure,Economy Class,Gatwick to Cagliari,October 2017,4,4,2,No rating,4,3
"""deplorable customer service""",No Aircraft,Couple Leisure,Business Class,Shanghai to Tampa via Heathrow/Gatwick,October 2017,1,4,2,2,1,1
"""gripe is about the current food service""",A320,Couple Leisure,Economy Class,Gatwick to Marrakech,October 2017,3,1,1,No rating,4,4
"""this flight was fine""",No Aircraft,Solo Leisure,Business Class,Oakland to Heathrow,October 2017,4,4,3,2,4,4
"""now becoming as bad as Ryanair""",No Aircraft,Family Leisure,Economy Class,London to Sofia,September 2017,3,4,1,No rating,3,3
"""a dismal airline to fly with""",A380,Solo Leisure,Economy Class,Singapore to Nassau via Heathrow,October 2017,3,2,2,2,3,5
"""serious impact on the quality""",A321,Business,Economy Class,London Heathrow to Madrid,October 2017,1,2,No rating,No rating,2,1
"""budget airline at premium price""",A320,Business,Economy Class,London to Zurich,October 2017,2,2,1,1,2,1
"""Cabin crew chatting and ignored me""",A319,Couple Leisure,Economy Class,Bari to Gatwick,October 2017,3,3,1,1,4,4
"""service levels are dropping so low""",A320,Couple Leisure,Economy Class,London Heathrow to Gibraltar,September 2017,3,2,2,No rating,3,3
"""Time to find a new CEO I think""",A319,Couple Leisure,Business Class,Pisa to London,October 2017,1,5,3,No rating,3,1
"""at best a three star airline""",Boeing 747-400,Business,First Class,Las Vegas to London Heathrow,September 2017,1,1,1,1,1,1
"""Impressed with legroom on E190""",E-190,Family Leisure,Economy Class,London City to Edinburgh,September 2017,5,4,4,No rating,4,4
"""a good deal on the flight""",A320,Solo Leisure,Business Class,Faro to Gatwick,October 2017,4,5,4,No rating,2,3
"""the experience was shameful""",A380,Solo Leisure,Economy Class,Los Angeles to London Heathrow,October 2017,4,1,2,1,5,2
"""crew seem genuinely fed up""",No Aircraft,Business,Economy Class,Malaga to Gatwick,October 2017,2,1,1,1,1,2
"""how disappointed I was""",Boeing 777,Solo Leisure,Economy Class,London Heathrow to Bangkok,October 2017,2,2,1,1,2,2
"""do not care for passengers""",A319,Couple Leisure,Economy Class,Gatwick to Bari,October 2017,3,3,1,No rating,2,4
"""very pleasant crew """,A319,Family Leisure,Business Class,Malaga to Gatwick,October 2017,5,5,5,No rating,3,5
"""food was well presented""",A319,Family Leisure,Business Class,Gatwick to Malaga,October 2017,5,5,5,No rating,4,5
"""Deliberate extortion""",No Aircraft,Business,Economy Class,London Heathrow to Nice,October 2017,1,2,1,No rating,1,1
"""depths to which BA have descended""",Boeing 747-400,Couple Leisure,Business Class,Gatwick to Orlando,September 2017,3,2,4,2,3,3
"""I won't fly with them again""",No Aircraft,Solo Leisure,Premium Economy,London to Abu Dhabi,August 2017,5,3,4,3,1,1
"""Overall a good flight""",A319,Solo Leisure,Business Class,Gatwick to Faro,October 2017,3,4,4,No rating,4,5
"""true case of rip-off BA""",No Aircraft,Business,Economy Class,London Heathrow  to Madrid,October 2017,3,3,1,1,3,2
"""staff were insanely rude2",No Aircraft,Solo Leisure,Economy Class,Geneva to London,September 2017,3,1,No rating,No rating,1,1
"""truly disappointed with BA""",No Aircraft,Solo Leisure,Economy Class,Grand Cayman to London,September 2017,1,2,2,3,3,2
"""I tried BA, never again""",No Aircraft,Couple Leisure,Economy Class,Sydney to Paris via London,September 2017,1,2,2,3,3,1
"""like a 'posh' Ryanair""",Boeing 767,Couple Leisure,Economy Class,Larnaca to London Heathrow,October 2017,3,3,No rating,1,4,3
"""provided a chaotic service""",A320,Couple Leisure,Business Class,Funchal to Gatwick,October 2017,4,1,1,No rating,1,3
"""would highly recommend""",No Aircraft,Family Leisure,Economy Class,Orlando to Gatwick,September 2017,5,5,4,1,5,5
"""shocked me with the budget low cost style""",A320,Solo Leisure,Economy Class,Leeds Bradford to Geneva via London Heathrow,October 2017,4,4,2,No rating,4,2
"""food was embarrassing bad""",A380,Business,Business Class,Los Angeles to Doha via London,October 2017,2,3,1,4,4,3
"""is quite clearly in decline""",A321,Couple Leisure,Economy Class,London Heathrow to Istanbul,August 2017,2,1,1,No rating,2,1
"""no further decline in service""",Boeing 777-200 / 787-9 / A319/ 320,Business,Premium Economy,Toronto to Oslo via London,September 2017,1,3,1,3,4,4
"""cost of the luggage was outrageous """,No Aircraft,Solo Leisure,Economy Class,Gatwick to Malaga,September 2017,3,4,2,No rating,4,3
"""Slowest baggage drop service """,No Aircraft,Business,Economy Class,Athens to London,September 2017,3,No rating,No rating,No rating,1,3
"""a service of 2 halves""",A321,Solo Leisure,Economy Class,London to Sofia,September 2017,3,5,2,No rating,3,3
"""now worse than Ryanair""",No Aircraft,Business,Business Class,Geneva to London,September 2017,1,1,1,1,1,1
"""used to be a nice airline""",No Aircraft,Couple Leisure,Business Class,Barcelona to London,September 2017,2,3,1,No rating,4,2
"""BA has fallen even lower""",No Aircraft,Business,Business Class,London to New York JFK,September 2017,2,3,1,1,1,2
"""was a good experience""",Boeing 777,Business,Economy Class,Port of Spain to Gatwick via St. Lucia,September 2017,5,5,5,5,4,4
"""Simply appalling""",Boeing 747-400,Business,First Class,London Heathrow to Chicago,August 2017,1,1,1,1,1,1
"""on a par with low cost carriers""",A319,Couple Leisure,Economy Class,Jersey to Gatwick,September 2017,3,4,1,No rating,4,4
"""nothing special to recommend""",A320,Couple Leisure,Economy Class,Gatwick to Tirana,September 2017,3,3,No rating,No rating,4,3
"""assumption it was a quality carrier""",No Aircraft,Couple Leisure,Economy Class,Reykjavik to London Heathrow,September 2017,3,5,No rating,No rating,1,1
"""Economy seats are small""",No Aircraft,Couple Leisure,Economy Class,Kuala Lumpur to Berlin via London,September 2017,2,5,5,3,4,5
"""Crew were good""",A320,Solo Leisure,Economy Class,Brussels to London,September 2017,5,5,No rating,No rating,5,5
"""clean plane, punctual service, pleasant cabin crew""",A321,Solo Leisure,Economy Class,London Heathrow to Sofia,September 2017,4,4,1,No rating,3,3
"""service is similar to Eurowings""",A320,Solo Leisure,Economy Class,Heathrow to Bilbao,September 2017,3,2,No rating,No rating,4,3
"""service poorly synchronised""",A320,Couple Leisure,Business Class,Kalamata to London Heathrow,September 2017,2,2,2,No rating,3,2
"""are a bottom tier airline""",No Aircraft,Business,Economy Class,London Heathrow to Kraków,September 2017,2,1,1,1,3,3
"""Seat so narrow that you cannot move""",Boeing 777,Business,Economy Class,"London Heathrow to Abuja, Nigeria",September 2017,1,2,2,2,3,2
"""downgrade them to 3 stars""",Boeing 777,Business,Economy Class,London to Tokyo Haneda,September 2017,2,4,1,2,3,1
"""really mixed experience""",A380,Solo Leisure,Premium Economy,London to Hong Kong,September 2017,3,5,3,3,2,3
"""respect for BA standards thoroughly destroyed""",No Aircraft,Family Leisure,Economy Class,Gatwick to Alicante,September 2017,1,1,1,1,3,1
"""Club Europe is poor value""",A320,Couple Leisure,Business Class,London Heathrow to Kalamata,September 2017,2,4,3,No rating,3,3
"""very poor and disappointing experience""",No Aircraft,Couple Leisure,Business Class,Gatwick to Mauritius,September 2017,1,3,1,3,3,2
"""airline is clearly failing fast""",Boeing 777,Business,Business Class,Dubai to London,September 2017,3,1,1,1,3,1
"""nice flight with good cabin service""",A319,Couple Leisure,Economy Class,London Heathrow to Biarritz,September 2017,4,5,4,No rating,4,4
"""they are just an embarrassment""",A320,Couple Leisure,Economy Class,London Gatwick to Funchal,September 2017,1,1,1,No rating,2,1
"""very good flight again""",A320,Family Leisure,Business Class,Zakinthos to London Heathrow,September 2017,4,5,4,2,2,5
"""expensive at £343 return""",A319,Business,Economy Class,Belfast City to London Heathrow,September 2017,3,4,4,No rating,5,2
"""staff were extremely friendly""",Boeing 777-200,Business,Business Class,Toronto to London Heathrow,September 2017,4,5,3,No rating,4,4
"""kind and chatty with us""",A320,Family Leisure,Business Class,London Heathrow to Zakinthos,August 2017,4,5,4,2,5,5
"""wonderful member of crew""",A380,Family Leisure,Economy Class,London to Vancouver,August 2017,3,5,3,4,4,3
"""exceptionally ordinary flight""",Boeing 777-200ER,Business,Economy Class,London to Sao Paulo,August 2017,2,4,2,4,5,4
"""become a budget airline""",No Aircraft,Business,Business Class,Istanbul to London,August 2017,1,3,1,No rating,2,1
"""not recommended at all""",Boeing 777,Solo Leisure,Business Class,Bangkok to London,September 2017,4,1,1,2,4,1
"""not worth the extra money""",No Aircraft,Solo Leisure,Economy Class,Rome to London,September 2017,1,2,No rating,No rating,1,1
"""significant downgrade in BA service""",Boeing 747-400,Couple Leisure,Business Class,London to Cape Town,August 2017,2,2,2,1,1,2
"""get your act together""",A319,Business,Economy Class,London to Milan,August 2017,3,1,1,No rating,3,2
"""seating rough around the edges""",A321,Business,Economy Class,London Heathrow to Bucharest,August 2017,2,4,2,1,3,2
"""downgraded so drastically""",A321,Couple Leisure,Economy Class,London to Bologna,August 2017,4,4,2,1,4,4
"""not really a business class cabin""",A320,Business,Business Class,London Heathrow to Keflavik,August 2017,3,5,4,1,4,4
"""airline has gone downhill""",A320,Family Leisure,Economy Class,Larnaca to London Heathrow,August 2017,3,1,2,No rating,4,2
"""staff were friendly and efficient""",No Aircraft,Solo Leisure,Economy Class,San Jose to Gatwick,August 2017,4,5,4,3,5,5
"""avoid at all costs""",No Aircraft,Couple Leisure,Economy Class,London to Keflavik,July 2017,1,1,No rating,No rating,1,1
"""your budget airline status""",Boeing 777-300,Couple Leisure,Economy Class,Tokyo Haneda to London,August 2017,3,3,1,3,2,2
"""Absolutely appalling airline""",Boeing 767,Couple Leisure,Economy Class,Rome to London,August 2017,1,1,1,1,1,1
"""flight was pretty regular""",A320-233,Family Leisure,Economy Class,Amsterdam to Gatwick,August 2017,3,4,No rating,No rating,4,4
"""a noticeable degradation of service""",No Aircraft,Business,Economy Class,Zurich to London Heathrow,August 2017,2,2,2,No rating,2,2
"""A huge disappointment""",Boeing 747-400,Business,First Class,New York to Cape Town via London,August 2017,2,4,2,2,3,2
"""bland insulting service""",Boeing 747,Business,Business Class,London to Philadelphia,August 2017,3,1,1,1,2,1
"""positive first experience""",No Aircraft,Family Leisure,Economy Class,Florence to Bristol,August 2017,5,5,5,No rating,5,5
"""A national disgrace""",A320,Solo Leisure,Economy Class,Salzburg to Gatwick,August 2017,2,1,1,1,5,2
"""downgrade rating of British Airways""",No Aircraft,Couple Leisure,Economy Class,Nice to Heathrow,August 2017,2,1,1,No rating,1,2
"""Another miserable experience""",A320,Couple Leisure,Business Class,Athens to Newcastle via London,August 2017,2,5,1,No rating,5,2
"""a general trend downwards""",A319,Family Leisure,Business Class,London to Paris Orly,August 2017,3,3,2,No rating,3,3
"""cheap and sleazy budget airline""",No Aircraft,Couple Leisure,Economy Class,Toulouse to London Heathrow,August 2017,3,2,1,1,2,2
"""cabin crew fell below the standard""",Embraer 170,Business,Business Class,London City to Dusseldorf,August 2017,4,2,1,No rating,1,2
"""BA's golden years are well and truly over""",A380,Family Leisure,Business Class,Vancouver to London Heathrow,July 2017,1,4,1,2,2,1
"""very good experience""",Boeing 747-400 / A380,Solo Leisure,Premium Economy,Johannesburg to London,August 2017,5,5,5,5,4,4
"""extremely disappointed with Business Class""",Boeing 747-400,Solo Leisure,Business Class,Oslo to Philadelphia via London,August 2017,2,2,1,3,3,2
"""pay for your food on board""",No Aircraft,Business,Economy Class,London to Warsaw,August 2017,2,3,1,1,3,1
"""some sort of mean spirited joke""",A320,Family Leisure,Business Class,Athens to London,August 2017,1,2,1,1,3,1
"""full price for a low cost service""",No Aircraft,Solo Leisure,Economy Class,Cairo to Montreal via London,August 2017,3,4,4,3,1,1
"""downgraded the ticket""",No Aircraft,Family Leisure,Economy Class,London to Chicago,August 2017,1,5,No rating,No rating,1,1
"""they are now a junk airline""",Boeing 767,Business,Economy Class,Nice to London Heathrow,August 2017,1,1,1,No rating,1,1
"""way below the normal standard""",No Aircraft,Business,Premium Economy,London to Doha,August 2017,No rating,No rating,No rating,No rating,2,1
"""not worth the money""",A320,Business,Business Class,Paris CDG to London,August 2017,3,1,No rating,No rating,1,1
"""has become a disgrace""",A320,Solo Leisure,Economy Class,Gatwick to Paphos,August 2017,1,1,1,1,2,2
"""budget airline service at best""",A380,Solo Leisure,Economy Class,Vancouver to London Heathrow,August 2017,3,1,1,2,4,2
"""declined to level of a budget airline""",A380,Solo Leisure,Premium Economy,Vancouver to London,July 2017,2,1,1,1,3,3
"""next time we'll just fly another airline""",Boeing 767,Couple Leisure,Economy Class,Athens to London,June 2017,1,2,No rating,No rating,2,1
"""become a low cost airline""",No Aircraft,Couple Leisure,Economy Class,Catania to Gatwick,June 2017,2,1,1,No rating,1,1
"""need to improve their standards""",A319,Couple Leisure,Economy Class,Venice to Gatwick,July 2017,3,4,No rating,No rating,3,3
"""bad experience with BA""",No Aircraft,Family Leisure,Economy Class,Bucharest to London,July 2017,3,2,No rating,No rating,1,1
"""catch up with the others BA""",Boeing 747,Business,Business Class,London Heathrow to Accra,July 2017,1,2,1,1,1,1
"""I will not be using BA again""",Boeing 777,Family Leisure,Economy Class,Gatwick to Orlando,July 2017,4,3,2,3,1,3
"""The worst business class""",Boeing 777,Solo Leisure,Business Class,San Diego to London,July 2017,1,2,2,2,2,1
"""cabin crew were efficient and friendly enough""",A319,Couple Leisure,Business Class,Pisa to London Gatwick,July 2017,3,4,3,No rating,3,5
"""have never been treated as badly""",No Aircraft,Business,Economy Class,Budapest to London,July 2017,1,1,1,1,1,1
"""I had to pay a £140 excess""",No Aircraft,Solo Leisure,Economy Class,Bangkok to Manchester,August 2016,No rating,No rating,No rating,No rating,1,3
"""they have become so budget""",No Aircraft,Solo Leisure,Economy Class,Singapore to Newcastle via London,May 2017,1,3,1,1,1,1
"""BA have lost another client""",No Aircraft,Business,Economy Class,Bergen to London Heathrow,July 2017,2,2,1,2,2,1
"""happily fly with them again""",Boeing 777-300,Family Leisure,Economy Class,Newcastle to Boston via London,July 2017,5,5,5,5,4,4
"""they are truly awful now""",A321,Family Leisure,Economy Class,London Heathrow to Sofia,July 2017,2,1,1,No rating,1,1
"""slips further and further""",A320,Solo Leisure,Economy Class,London to Frankfurt,August 2016,3,1,1,No rating,2,2
"""can't really complain about the overall experience""",A321,Couple Leisure,Economy Class,London Heathrow to Bologna,July 2017,3,4,3,No rating,4,5
"""We won't be flying with BA again""",Boeing 747,Couple Leisure,Economy Class,London Heathrow to New York JFK,July 2017,2,1,1,3,2,1
"""such appalling customer service""",No Aircraft,Business,Economy Class,London Heathrow to Berlin,July 2017,1,1,1,No rating,1,1
"""BA cut us no slack for the injury""",A321 / Boeing 777,Couple Leisure,Business Class,Barcelona to Boston via London,July 2017,2,5,4,No rating,3,1
"""no different to EasyJet""",A321,Solo Leisure,Economy Class,London to Madrid,July 2017,2,3,1,1,3,4
"""endured rather than enjoyed""",A319,Business,Economy Class,London to Brussels,July 2017,2,2,No rating,No rating,2,2
"""very poor quality seats""",Boeing 747 400,Business,Business Class,London Heathrow to Accra,July 2017,1,3,1,1,1,1
"""service has gone downhill""",No Aircraft,Business,Economy Class,Krakow to London,May 2017,3,1,1,No rating,2,2
"""good on this occasion""",Boeing 777-200,Family Leisure,Economy Class,Gatwick to Bridgetown,July 2017,4,4,4,4,4,4
"""lacking the passion to serve""",Boeing 777,Business,Business Class,Dubai to London,July 2017,4,2,2,1,1,2
"""BA is just a budget airline""",A321,Couple Leisure,Economy Class,London to Sofia,June 2017,1,1,1,No rating,3,1
"""Food selection mediocre""",Boeing 777-200,Family Leisure,Business Class,Mauritius to Gatwick,July 2017,3,3,3,3,3,3
"""other carriers must be laughing""",Boeing 747,Business,Business Class,New York JFK to London Heathrow,July 2017,1,1,1,1,2,1
"""on time and safely at that""",A320,Business,Economy Class,Athens to London Heathrow,July 2017,3,2,1,1,3,3
"""never going to choose BA again""",No Aircraft,Couple Leisure,Economy Class,Venice to Gatwick,July 2017,3,1,No rating,No rating,1,1
"""won't be flying BA again""",No Aircraft,Couple Leisure,Economy Class,New York JFK to Manchester via Heathrow,February 2017,1,2,2,3,1,2
"""crew are still doing a great job""",Boeing 747-400,Solo Leisure,Economy Class,London to Boston,April 2017,4,5,5,4,4,5
"""am soon likely to hate it""",No Aircraft,Couple Leisure,Business Class,Naples to Gatwick,July 2017,4,3,4,No rating,3,2
"""angry and dissatisfied customer""",Boeing 777,Business,Business Class,Toronto to London Heathrow,June 2017,1,4,1,2,3,1
"""on a par with Ryanair""",No Aircraft,Solo Leisure,Economy Class,London to Montreal,June 2017,2,2,1,1,3,2
"""crew doing an excellent job""",A320,Couple Leisure,Business Class,Newcastle to Geneva via London,July 2017,4,5,4,No rating,3,4
"""experience has certainly changed""",A320,Couple Leisure,Economy Class,London to Keflavik,June 2017,4,5,5,No rating,5,4
"""really pleasant experience""",Boeing 777,Solo Leisure,Economy Class,London to Tokyo,July 2017,4,5,5,4,5,5
"""see the decline in quality from BA""",Boeing 777,Couple Leisure,Economy Class,Gatwick to Mauritius,June 2017,1,3,1,4,3,3
"""declined due to cost cutting""",Boeing 777 / A320,Couple Leisure,Premium Economy,Boston to Barcelona via London,July 2017,1,1,No rating,2,2,2
"""pre-selected seats retained""",Boeing 777-200,Family Leisure,Business Class,Gatwick to Mauritius,July 2017,3,3,3,2,4,3
"""turn it into a budget airline""",Boeing 767,Family Leisure,Economy Class,London Heathrow to Larnaca,June 2017,2,1,1,1,4,3
"""recommend to avoid flying with BA""",No Aircraft,Business,Premium Economy,London to Hong Kong,June 2017,2,2,2,2,3,2
"""serious need of a makeover""",No Aircraft,Solo Leisure,Economy Class,Belfast to Munich via Heathrow,July 2017,3,4,No rating,No rating,1,1
"""using a Qatar Airways plane""",A320,Couple Leisure,Economy Class,London Heathrow to Tallinn,July 2017,4,5,4,No rating,3,4
"""living in the past century""",No Aircraft,Couple Leisure,Economy Class,London to Barcelona,July 2017,3,2,1,1,1,1
"""a most unpleasant flight""",No Aircraft,Solo Leisure,Economy Class,Dubrovnik to Gatwick,June 2017,1,1,1,No rating,1,1
"""on par with EasyJet""",Boeing 767,Couple Leisure,Economy Class,Stockholm to London Heathrow,July 2017,2,3,No rating,No rating,1,2
"""recommend taking own food""",No Aircraft,Solo Leisure,Economy Class,London to Dubrovnik,June 2017,1,1,1,No rating,1,1
"""Nothing special or memorable""",Boeing 747-400,Business,Business Class,Accra to London Heathrow,July 2017,1,1,1,1,2,1
"""akin to a low cost carrier""",A321,Couple Leisure,Economy Class,London Heathrow to Stockholm,June 2017,2,3,No rating,No rating,3,3
"""BA need to do better""",No Aircraft,Couple Leisure,Economy Class,Malta to Gatwick,May 2017,3,1,1,No rating,4,2
"""Absolutely disgraceful""",No Aircraft,Couple Leisure,Economy Class,London to Zagreb,June 2017,No rating,No rating,No rating,No rating,1,1
"""They are truly incompetent""",No Aircraft,Couple Leisure,Economy Class,Manchester to Philadelphia,June 2017,2,1,1,2,2,1
"""attentive and good natured""",Boeing 787-9,Couple Leisure,First Class,Kuala Lumpur to London,June 2017,5,5,5,5,5,5
"""Baggage had not been loaded""",No Aircraft,Business,Economy Class,Frankfurt to London Heathrow,June 2017,2,2,No rating,No rating,1,1
"""Club World is now very tired and worn""",Boeing 747,Business,Business Class,Heathrow to Accra,June 2017,1,2,1,1,1,1
"""airline is a national disgrace""",No Aircraft,Couple Leisure,Business Class,London Heathrow to Seattle,June 2017,No rating,No rating,No rating,No rating,1,3
"""they are failing dismally""",A320,Solo Leisure,Economy Class,Mykonos to London,June 2017,3,1,1,No rating,3,1
"""I will no longer pick BA""",No Aircraft,Couple Leisure,Economy Class,Zurich to London Heathrow,June 2017,1,1,1,No rating,4,1
"""BA has lost the plot""",Boeing 767,Couple Leisure,Economy Class,Rome to Heathrow,June 2017,2,2,1,No rating,1,1
"""BA are going backwards""",Boeing 787,Couple Leisure,Business Class,Chennai to London,November 2016,2,2,3,4,2,2
"""Leg room was atrocious""",A321,Couple Leisure,Business Class,London Gatwick to Genoa,June 2017,1,4,1,No rating,4,2
"""now providing a very inferior product""",Boeing 777,Business,Business Class,Beijing to London Heathrow,June 2017,1,2,1,1,2,2
"""BA please admit your mistake""",No Aircraft,Couple Leisure,Economy Class,Corfu to London,June 2017,4,1,1,No rating,3,1
"""such bad customer service""",No Aircraft,Couple Leisure,Economy Class,Heathrow to Santorini,May 2017,1,1,No rating,No rating,1,1
"""has been hit by cost savings""",A319 / A380 / Boeing 737,Couple Leisure,Premium Economy,Leeds to Durban via London / Johannesburg,June 2017,4,4,4,4,4,4
"""such a miserly product""",No Aircraft,Solo Leisure,Economy Class,London Heathrow to Dublin,June 2017,5,5,3,No rating,1,2
"""time to pull up its socks""",No Aircraft,Business,Premium Economy,Bangkok to Luxembourg via London,June 2017,1,3,3,1,1,3
"""lack of honesty and transparency""",A319,Business,Economy Class,London Heathrow to Paris Orly,June 2017,2,2,No rating,No rating,1,1
"""inadequate for the money paid""",No Aircraft,Solo Leisure,Premium Economy,New York JFK to Copenhagen via Heathrow,June 2017,1,2,1,2,1,1
"""They should be ashamed of themselves""",No Aircraft,Business,Economy Class,London to Hamburg,May 2017,1,1,1,1,1,1
"""I cannot recommend this cabin""",A380-800,Solo Leisure,Premium Economy,Singapore to London Heathrow,June 2017,3,2,2,4,4,1
"""I am very disappointed""",No Aircraft,Business,Business Class,Singapore to London,June 2017,1,1,1,2,1,1
"""whether I continue my loyalty""",Boeing 777-200,Solo Leisure,Premium Economy,Toronto to London,May 2017,3,3,3,2,5,3
"""stupidity, bad management and poor service""",A320,Business,Economy Class,Dublin to Marseille via London,June 2017,1,1,1,1,1,1
"""crews very young, unprofessional""",A380,Business,Premium Economy,Johannesburg to London,June 2017,4,1,1,5,4,2
"""Boarding was a disaster""",A319,Couple Leisure,Business Class,Valencia to London Gatwick,June 2017,4,5,3,No rating,1,4
"""possibly my last BA flights""",A320 / Boeing 767,Business,Business Class,London to Edinburgh,June 2017,2,2,1,No rating,3,2
"""Meal service surprisingly good""",A319,Couple Leisure,Business Class,London Gatwick to Valencia,June 2017,4,5,4,No rating,4,4
"""service by a low-cost airline""",No Aircraft,Solo Leisure,Economy Class,Brussels to Rome via London,June 2017,2,1,No rating,No rating,3,4
"""cost cutting beyond belief""",Boeing 777-200,Couple Leisure,Premium Economy,Antigua to Gatwick,June 2017,1,1,1,1,1,1
"""third world experience""",Boeing 767,Solo Leisure,Business Class,London Heathrow to Madrid,June 2017,2,1,1,No rating,4,2
"""the same price as normal""",A319,Family Leisure,Business Class,Gatwick to Alicante,June 2017,3,5,4,No rating,5,5
"""decline across all classes""",Boeing 777-200,Couple Leisure,Economy Class,Gatwick to Antigua,June 2017,1,2,1,1,2,2
"""a bare-bones airline""",E190,Business,Business Class,London City to Milan,June 2017,2,4,1,1,2,1
"""very little care of customers""",Boeing 747 & A319,Couple Leisure,Premium Economy,Boston to Geneva via Heathrow,June 2017,2,4,2,3,1,2
"""BA has gone downhill""",A320,Couple Leisure,Economy Class,Gatwick to Bordeaux,January 2017,1,2,1,No rating,1,1
"""a low cost experience""",Boeing 747-400,Business,Premium Economy,London to Boston,June 2017,1,3,1,1,1,1
"""like a low cost carrier""",A320,Family Leisure,Economy Class,Istanbul to London,May 2017,1,2,2,No rating,3,3
"""Terrible customer service""",No Aircraft,Business,Business Class,London to Mumbai,June 2017,No rating,No rating,No rating,No rating,1,1
"""BA is going in the wrong direction""",No Aircraft,Business,Business Class,Dusseldorf to London City,June 2017,1,1,No rating,No rating,2,1
"""a much lower standard than other airlines""",A380,Couple Leisure,Premium Economy,London Heathrow to Sydney via Singapore,April 2017,2,2,2,3,2,1
"""it's not really premium economy""",Boeing 777-300,Solo Leisure,Premium Economy,London Heathrow to Hong Kong,June 2017,4,4,4,4,5,2
"""BA now gone to the dogs""",Boeing 747,Family Leisure,First Class,London to Dubai,May 2017,3,5,2,2,1,1
"""one of the worst airlines""",A380,Business,Business Class,London to Vancouver,June 2017,2,1,1,3,4,1
"""Overall not recommended""",Boeing 787-9,Couple Leisure,Premium Economy,Tokyo to London Heathrow,June 2017,3,1,1,4,3,2
"""have become a long haul Ryanair""",Boeing 747,Family Leisure,Economy Class,Heathrow to Miami,June 2017,1,2,1,1,3,2
"""crew on both flights friendly and efficient""",A19,Couple Leisure,Economy Class,London Heathrow to Brussels,June 2017,4,4,No rating,No rating,5,4
"""from bad to worse""",No Aircraft,Business,Economy Class,London Heathrow to Lisbon,June 2017,2,3,1,No rating,1,1
"""BA is going to the dogs""",Boeing 777,Couple Leisure,Business Class,Lima to London Gatwick,May 2017,3,1,2,2,3,1
"""service on BA really is terrible""",A380-800,Couple Leisure,Economy Class,London to Johannesburg,June 2017,1,1,2,5,1,1
"""I'm sticking with them""",Boeing 747-400 / A320,Solo Leisure,Premium Economy,Washington to Sofia via London,May 2017,5,5,5,No rating,5,5
"""are not a 4 star airline""",No Aircraft,Couple Leisure,Economy Class,Edinburgh to Rome via Heathrow,June 2017,2,1,No rating,No rating,1,1
"""deteriorating service recently""",Boeing 767,Couple Leisure,Business Class,Rome to London Heathrow,May 2017,1,1,1,No rating,1,1
"""a total disappointment""",No Aircraft,Business,Economy Class,Tampa to Tirana via Gatwick,April 2017,2,3,1,1,3,2
"""this service is a joke""",Boeing 747-400,Business,Business Class,Chicago to London Heathrow,May 2017,1,1,1,4,1,1
"""won the race to the bottom""",A321,Couple Leisure,Economy Class,Gatwick to Funchal,May 2017,1,2,No rating,No rating,3,1
"""very evident cost cutting""",Boeing 787-9,Couple Leisure,First Class,London Heathrow to Tokyo Narita,May 2017,4,2,1,3,5,1
"""Absolute Cheapskates""",A320,Couple Leisure,Business Class,Luxembourg to London,May 2017,2,3,1,1,3,2
"""BA insisted I only had one bag allowance """,No Aircraft,Business,Premium Economy,Geneva to Dallas via Heathrow,May 2017,2,3,No rating,No rating,1,1
"""magic of our national carrier has gone""",A319,Family Leisure,Economy Class,Heathrow to Bergen,May 2017,3,2,1,1,2,1
"""wasn't worth the hassle for me""",Boeing 787-8,Business,Business Class,Seoul to London,May 2017,4,5,4,3,3,3
"""worst customer service""",No Aircraft,Business,Business Class,Los Angeles to London,May 2017,3,1,2,4,3,3
"""Cheapskate airline now""",No Aircraft,Solo Leisure,Economy Class,London Heathrow to Geneva,May 2017,2,5,No rating,No rating,1,1
"""business class is very cramped""",Boeing 777,Couple Leisure,Business Class,Gatwick to Lima,April 2017,4,4,4,2,3,4
"""no more than a budget carrier""",A320,Business,Business Class,London Heathrow to Santorini,May 2017,1,2,1,No rating,2,1
"""cost cutting may back fire""",A320,Solo Leisure,Economy Class,London Heathrow to Bilbao,April 2017,3,3,No rating,No rating,4,2
"""very disappointing experience """,No Aircraft,Couple Leisure,Economy Class,Madeira to Gatwick,May 2017,3,2,1,No rating,3,2
"""felt like budget airline""",No Aircraft,Business,Economy Class,Edinburgh to Gatwick,April 2017,3,2,No rating,No rating,3,3
"""abandoned us at Rome airport""",No Aircraft,Family Leisure,Economy Class,Rome to London,May 2017,1,1,No rating,No rating,1,1
"""little to no service""",Boeing 787-9,Solo Leisure,Economy Class,Kuala Lumpur to London,May 2017,4,1,1,5,5,4
"""The crew were amazing""",Boeing 787,Solo Leisure,Economy Class,London to Kuala Lumpur,May 2017,4,5,5,5,5,5
"""overall truly awful experience""",Boeing 747-400,Business,Business Class,London Heathrow to Miami,May 2017,2,4,1,1,1,1
"""attendents cordial and professional""",A321 / Boeing 777,Solo Leisure,Economy Class,Moscow to Houston via London,May 2017,3,3,3,3,3,4
"""BA have hit rock bottom""",A319,Business,Economy Class,London to Brussels,April 2017,3,4,No rating,1,4,2
"""it's basically a con""",No Aircraft,Solo Leisure,Economy Class,London Heathrow to Las Vegas,April 2017,1,1,3,3,3,1
"""a positive experience""",Boeing 747,Couple Leisure,Economy Class,London to San Francisco,May 2017,4,5,5,4,4,4
"""total lack of customer service""",No Aircraft,Family Leisure,Economy Class,London to Reykjavik,December 2016,No rating,No rating,No rating,No rating,1,1
"""expected service onboard""",A321 / Boeing 777-300,Couple Leisure,Economy Class,Amsterdam to Tokyo via London,April 2017,4,5,4,4,3,4
"""Overall very disappointing""",Boeing 777-200,Couple Leisure,Business Class,Antigua to Gatwick,May 2017,3,2,2,2,4,3
"""could not be less interested""",No Aircraft,Business,Economy Class,London to Amsterdam,May 2017,4,4,4,No rating,1,3
"""the crew were fantastic""",Boeing 777-200,Family Leisure,Economy Class,Orlando to Gatwick,May 2017,5,5,5,3,5,5
"""this relic of an airline""",No Aircraft,Business,Economy Class,London to Hong Kong,April 2017,No rating,No rating,No rating,No rating,1,1
"""Overall a good experience""",Boeing 777,Solo Leisure,Premium Economy,London to Toronto,May 2017,4,5,4,No rating,4,4
"""I have given up on avios""",No Aircraft,Business,Business Class,Mexico City to Copenhagen via London,May 2017,3,2,2,1,4,5
"""not improving where they should""",Boeing 787,Business,Business Class,London to Santiago de Chile,May 2017,3,4,2,4,3,3
"""getting a refund is a nightmare""",A320,Business,Economy Class,Gatwick to Amsterdam,February 2017,3,5,3,No rating,1,2
"""How far BA has sunk!""",Boeing 767,Couple Leisure,Economy Class,London Heathrow to Nice,April 2017,1,2,1,No rating,4,1
"""I was very disappointed""",No Aircraft,Solo Leisure,Economy Class,Athens to London,May 2017,3,3,1,2,3,2
"""BA has lost two loyal customers""",Boeing 747-400,Couple Leisure,Economy Class,London to Cape Town,April 2017,1,1,1,3,4,1
"""Good value if a free upgrade""",A320,Couple Leisure,Business Class,LHR to TXL,May 2017,4,5,5,No rating,5,5
"""not the BA that people once knew""",Boeing 777,Couple Leisure,Premium Economy,Rio de Janeiro to London,May 2017,1,1,1,1,1,1
"""staff could not have cared less""",A320,Business,Economy Class,London to Edinburgh,May 2017,2,1,No rating,No rating,1,1
"""service is consistently unacceptable""",No Aircraft,Couple Leisure,Economy Class,New York JFK to London,May 2017,1,1,1,No rating,1,1
"""the flight was enjoyable""",Boeing 777-300,Couple Leisure,Business Class,Gatwick to Antigua,April 2017,4,4,3,1,4,4
"""a very cheap offer to upgrade""",A320,Business,Business Class,Berlin Tegel to London,May 2017,3,5,3,2,4,4
"""my first choice out of City""",Embraer,Solo Leisure,Economy Class,London City to Bergerac,May 2017,3,4,3,No rating,3,4
"""Staff are polite and friendly""",No Aircraft,Business,Economy Class,"Manchester, UK to Billund, Denmark",May 2017,5,5,5,3,5,5
"""a surly disapproving stewardess""",Boeing 777 200/300,Business,Premium Economy,London Heathrow to Bangkok,April 2017,2,1,1,2,3,2
"""game over for me""",No Aircraft,Business,Business Class,Funchal to Edinburgh via Heathrow,April 2017,2,1,1,No rating,1,3
"""cost cutting affects all cabins""",A380 and Boeing 747,Couple Leisure,First Class,London Heathrow to Miami,April 2017,4,5,3,4,5,5
"""downgraded their economy service""",A380,Business,Economy Class,Singapore to London Heathrow,May 2017,3,4,3,4,5,4
"""So low cost. So over them""",A320,Solo Leisure,Economy Class,Nice to London Heathrow,March 2017,1,1,1,No rating,1,1
"""An absolute disgrace""",No Aircraft,Family Leisure,Economy Class,London to Male,March 2017,1,2,No rating,No rating,1,1
"""Rude and aggressive customer service""",No Aircraft,Solo Leisure,Economy Class,Rome to London Heathrow,May 2017,1,1,No rating,No rating,1,1
"""is simply a budget airline""",A320,Family Leisure,Economy Class,Keflavik to London,April 2017,1,1,No rating,1,1,1
"""a poor service all round """,Boeing 747-400,Couple Leisure,Premium Economy,Glasgow to Chicago via Heathrow,April 2017,1,3,2,1,3,1
"""I have lost my patience""",Boeing 777 200,Business,Business Class,Bahrain to Dublin via london,May 2017,No rating,No rating,No rating,No rating,1,1
"""Absolutely useless""",A319,Solo Leisure,Economy Class,London to Edinburgh,May 2017,3,1,1,No rating,4,1
"""never seen an airline deteriorate so quickly""",A320,Solo Leisure,Economy Class,London Heathrow to Vienna,April 2017,2,1,1,No rating,4,1
"""things are not as they were""",Boeing 777,Couple Leisure,Economy Class,Hong Kong to London Heathrow,May 2017,3,3,2,3,5,3
"""Service was an absolute shambles""",A320,Couple Leisure,Economy Class,London Heathrow to Budapest,April 2017,4,1,1,No rating,3,2
"""pleasant and enjoyable experience""",Boeing 767,Solo Leisure,Economy Class,Zürich to London,April 2017,4,5,No rating,No rating,4,4
"""should not call this business class""",No Aircraft,Solo Leisure,Business Class,Dublin to London,August 2016,1,3,1,No rating,2,1
"""friendly, attentive and helpful""",Boeing 777-200,Family Leisure,Economy Class,London Gatwick to Orlando,April 2017,5,5,4,4,5,5
"""what you expect from a budget carrier""",A321,Couple Leisure,Economy Class,Aberdeen to London,April 2017,3,2,1,No rating,3,1
"""on the edge of abandoning them""",No Aircraft,Business,Premium Economy,London to Toronto,April 2017,3,2,1,2,1,1
"""flight without a problem""",A380,Family Leisure,Economy Class,London to Boston,April 2017,5,5,5,5,4,4
"""avoid any 747 flight whenever possible""",Boeing 787-8,Couple Leisure,First Class,Newark to London Heathrow,April 2017,3,4,1,2,3,3
"""saved £10 for two bunch of flowers""",Boeing 777-200,Couple Leisure,First Class,London to Newark,April 2017,3,4,2,2,4,2
"""for once I had the meal""",A320,Couple Leisure,Business Class,Pisa to Gatwick,April 2017,2,4,4,No rating,2,2
"""friendly and efficient crew""",A380-800,Couple Leisure,Economy Class,Heathrow to San Francisco,February 2017,4,5,5,5,5,5
"""carrier has become a laughing stock""",No Aircraft,Couple Leisure,Economy Class,Berlin to London,April 2017,3,1,1,No rating,2,2
"""don't expect much nowadays from BA""",A319,Couple Leisure,Business Class,Gatwick to Pisa,April 2017,2,4,1,No rating,4,2
"""national carrier turned into the worst""",No Aircraft,Family Leisure,Economy Class,London Heathrow to Phoenix,April 2017,4,3,1,1,3,1
"""we shall be flying with you again""",Boeing 777,Couple Leisure,Business Class,St Lucia to Gatwick,April 2017,5,5,5,5,5,4
"""pay extra to reserve the seats""",No Aircraft,Couple Leisure,Business Class,London Heathrow to Bangkok,April 2017,4,4,4,3,3,4
"""I prepared myself for the worst""",A380,Couple Leisure,Economy Class,Singapore to London Heathrow,April 2017,4,3,2,3,4,3
"""rapidly becoming a budget airline""",No Aircraft,Business,Economy Class,London to Stockholm Arlanda,April 2017,2,3,1,No rating,2,2
"""told snacks had been withdrawn""",Boeing 777,Solo Leisure,Economy Class,Bangkok to London Heathrow,March 2017,3,3,1,1,2,1
"""little more than a budget airline""",No Aircraft,Solo Leisure,Economy Class,Istanbul to London,April 2017,1,1,1,1,1,1
"""something has gone terribly wrong""",Boeing 787-8,Business,Economy Class,London to Seoul,March 2017,1,4,2,3,4,2
"""airline is in terminal decline""",No Aircraft,Business,Economy Class,Paris to London Heathrow,April 2017,1,1,1,1,1,1
"""BA shined post-flight""",A380,Couple Leisure,Premium Economy,Heathrow to San Francisco,April 2017,5,5,5,4,3,5
"""warned that BA had gone downhill""",Boeing 777-300,Business,Business Class,Buenos Aires to London,April 2017,2,4,3,3,4,3
"""a high cost no frills airline""",A319,Couple Leisure,Business Class,Gatwick to Pisa,April 2017,2,5,1,No rating,5,3
"""really disappointed with BA""",No Aircraft,Solo Leisure,Economy Class,London to Dubai,April 2017,1,1,3,3,3,3
"""how things have changed""",A319,Business,Economy Class,Stuttgart to London,April 2017,2,1,1,No rating,1,1
"""BA should wake up""",A319,Family Leisure,Business Class,Nice to Gatwick,March 2017,2,4,1,No rating,3,1
"""crew very polite and helpful""",Boeing 777-200ER,Solo Leisure,Business Class,London LGW to Lima,April 2017,5,5,4,3,5,4
"""if possible never fly BA again""",Boeing 777,Solo Leisure,Business Class,Punta Cana to Gatwick,April 2017,1,1,1,1,4,2
"""full service or a low cost""",Boeing 777-200 / 747-400,Family Leisure,Economy Class,London to Washington,April 2017,3,4,1,3,3,3
"""attendants were very attentive""",Boeing 747-400,Family Leisure,Economy Class,London to New York JFK,April 2017,5,4,1,4,4,4
"""nearly 2 hours to be served""",A320,Solo Leisure,Economy Class,Malaga to Gatwick,April 2017,2,1,2,No rating,5,1
"""fantastic staff at Terminal 3""",Boeing 747-400,Couple Leisure,Economy Class,Stavanger to Las Vegas via London,April 2017,4,4,3,4,5,4
"""employs tactics of EasyJet""",No Aircraft,Solo Leisure,Economy Class,London to Moscow,April 2017,1,3,1,5,2,1
"""service is polite""",No Aircraft,Business,Business Class,Copenhagen to Mexico via London,March 2017,4,4,3,3,4,5
"""nothing more than no-frills airline""",A320,Business,Economy Class,Gatwick to Rome,April 2017,2,3,1,No rating,3,2
"""BA is now a budget airline""",No Aircraft,Solo Leisure,Economy Class,Prague to London,April 2017,2,1,1,No rating,3,1
"""I am ever increasingly disappointed""",A320,Business,Business Class,LHR to IST,April 2017,1,1,1,1,1,3
"""slightly above a budget airline""",No Aircraft,Solo Leisure,Economy Class,ORY to JFK via LHR,April 2017,1,1,1,3,1,2
"""I won't be flying BA anymore""",Boeing 747-400,Solo Leisure,Economy Class,Los Angeles to London Heathrow,February 2017,1,3,1,2,3,1
"""charged me for a bottle of water""",A321,Business,Economy Class,London to Milan,April 2017,4,1,1,No rating,1,1
"""don't cater for families""",No Aircraft,Family Leisure,Economy Class,London to Nice,April 2017,2,2,1,1,1,1
"""I have had it with BA""",No Aircraft,Solo Leisure,Economy Class,Baltimore to Nice via London,April 2017,1,3,2,1,2,2
"""Excellent service and food""",Boeing 777,Family Leisure,Business Class,Sofia to Boston via London,April 2017,5,5,5,4,5,5
"""attendants were attentive""",B777-300ER / A320 / A380,Couple Leisure,Business Class,Copenhagen to Hong Kong via London,March 2017,5,5,4,5,5,5
"""airline with low cost service""",No Aircraft,Solo Leisure,Economy Class,London to Larnaca,April 2017,3,2,1,1,3,1
"""BA have totally lost the plot""",Boeing 777,Couple Leisure,Business Class,London Gatwick to San Jose Costa Rica,April 2017,3,1,1,No rating,4,2
"""not a good first trip on British Airways""",No Aircraft,Family Leisure,Economy Class,London Heathrow to New York JFK,April 2017,1,2,1,3,1,1
"""Very very poor customer service""",No Aircraft,Couple Leisure,Economy Class,London to New Delhi,November 2016,2,1,2,5,1,2
"""want to be a no-frills airline""",Boeing 747,Business,Premium Economy,San Diego to London,March 2017,1,2,1,1,1,1
"""don't go out your way to fly them""",Boeing 777-200,Solo Leisure,Economy Class,Philadelphia to Edinburgh via Heathrow,January 2017,2,4,2,2,5,4
"""BA need to invest in a new fleet""",Boeing 747-400,Business,Business Class,London Heathrow to New York JFK,March 2017,2,3,1,1,2,1
"""nothing redeeming about BA""",No Aircraft,Couple Leisure,Business Class,London to Singapore,November 2016,1,1,1,1,1,1
"""what was I thinking flying this airline?""",Boeing 767,Couple Leisure,Business Class,Rome to London,April 2017,1,4,4,1,1,3
"""legroom is an absolute joke""",Boeing 787-8,Business,Economy Class,London to New Orleans,April 2017,1,3,1,2,2,1
"""being turned into Vueling""",A219,Couple Leisure,Business Class,London Heathrow to Brussels,March 2017,3,5,4,No rating,4,3
"""feel disrespected and undervalued""",A380,Business,Business Class,Miami to London,March 2017,3,5,2,4,4,2
"""turning BA into a low-cost carrier""",Boeing 747,Business,Premium Economy,Cape Town to Berlin via London,January 2017,3,5,1,2,3,1
"""service inevitably snail-paced""",A320,Couple Leisure,Economy Class,Marrakech to London Gatwick,April 2017,3,1,1,No rating,3,3
"""can no longer live on past reputation""",No Aircraft,Solo Leisure,Economy Class,London Heathrow to Rome,April 2017,1,1,1,No rating,1,2
"""BA is now a no-frills carrier""",A320,Business,Economy Class,London Heathrow to Munich,March 2017,3,3,1,1,3,3
"""the worst flight I've been on""",A320,Couple Leisure,Economy Class,Belfast to Gibraltar via Heathrow,April 2017,2,3,1,No rating,3,3
"""now at an all time low""",No Aircraft,Couple Leisure,Business Class,Gatwick to Cancun,February 2017,2,5,3,2,1,1
"""BA has gone cattle""",No Aircraft,Couple Leisure,Economy Class,Malaga to Gatwick,March 2017,1,1,1,1,1,2
"""have slipped significantly""",Boeing 747,Business,Economy Class,London to New York,March 2017,4,2,2,5,3,3
"""expect you to pay to reserve seats""",Boeing 777,Family Leisure,Business Class,Gatwick to Grenada,March 2017,5,5,4,4,5,1
"""not worth the money spent""",A320-200,Business,Economy Class,Lisbon to London,March 2017,4,3,1,1,2,1
"""does not value their customers""",No Aircraft,Family Leisure,Economy Class,Amsterdam to Cape Town via Gatwick,March 2017,1,2,1,3,3,1
"""atrocious customer service""",Boeing 747,Business,Economy Class,Miami to London,January 2017,1,3,1,1,1,1
"""very lazy and oblivious staff """,A380,Business,Economy Class,London to Los Angeles,March 2017,3,1,1,3,3,1
"""staff were absolutely appalling""",Boeing 777,Couple Leisure,Business Class,Mauritius to Gatwick,March 2017,4,1,3,4,5,2
"""has really gone downhill""",A380,Couple Leisure,Premium Economy,London Heathrow to Hong Kong,March 2017,4,4,1,2,3,2
"""well below every major competitor""",No Aircraft,Business,Business Class,Frankfurt to Hong Kong via London,March 2017,2,4,1,1,2,2
"""crew to be friendly and attentive""",Boeing 777,Couple Leisure,Premium Economy,London to Nairobi,February 2017,4,5,4,No rating,4,4
"""second rate budget airline""",A319,Business,Economy Class,London Heathrow to Edinburgh,March 2017,2,5,No rating,No rating,2,1
"""worst short haul flight ever""",Boeing 777,Couple Leisure,Business Class,Toronto to Berlin via London,March 2017,1,4,2,2,3,1
"""my last time to book with them""",No Aircraft,Solo Leisure,Economy Class,London to Istanbul,March 2017,No rating,No rating,No rating,No rating,No rating,1
"""how much of a budget are they on now?""",Boeing 787-9,Couple Leisure,Economy Class,London Heathrow to Dubai,March 2017,4,1,1,3,4,1
"""seats are narrow""",Boeing 747-400,Solo Leisure,Economy Class,London Heathrow to Johannesburg,March 2017,1,3,3,3,3,2
"""never use British Airways again""",No Aircraft,Solo Leisure,Economy Class,Montreal to Athens via Heathrow,January 2017,1,1,1,No rating,1,1
"""just about ok for value for money""",A320,Solo Leisure,Business Class,London Heathrow to Innsbruck,March 2017,1,4,3,No rating,2,3
"""disgusted, what a rip off""",A320,Business,Business Class,London Heathrow to Dublin,March 2017,1,3,3,No rating,3,1
"""not be flying BA again""",No Aircraft,Business,Economy Class,London to Dublin,March 2017,2,2,1,No rating,2,1
"""budget experience at premium price""",Boeing 777,Couple Leisure,Economy Class,London to Barbados,March 2017,3,3,1,2,3,2
"""Tired old aircraft""",Boeing 777,Solo Leisure,Economy Class,London Heathrow to Bangkok,February 2017,3,2,4,1,4,3
"""here is where the ""value"" ends""",Boeing 777-300,Solo Leisure,Economy Class,Beijing to London,February 2017,4,3,2,2,4,3
"""not what one expects from Business Class""",A319,Couple Leisure,Business Class,LHR to GVA,March 2017,2,4,4,No rating,2,2
"""Air Canada next time""",No Aircraft,Couple Leisure,Economy Class,Montreal to London Heathrow,March 2017,3,2,1,2,1,1
"""Will switch to Lufthansa""",Boeing 747-400 / 777-200,Family Leisure,Economy Class,GOT to SFO/PHX via LHR,March 2017,4,3,1,1,3,2
"""delayed 1 hour due to no cleaners""",Boeing 777,Couple Leisure,Business Class,Gatwick to Mauritius,March 2017,3,4,3,3,1,3
"""an excellent flight""",Boeing 747-400,Couple Leisure,Business Class,San Diego to London,March 2017,4,5,4,4,4,4
"""so disappointed with the service""",No Aircraft,Couple Leisure,Economy Class,London Heathrow to Dubai,February 2017,3,2,1,4,4,1
"""tired, worn interior""",Boeing 777,Business,Business Class,Amsterdam to St Lucia via Gatwick,February 2017,2,3,2,2,5,1
"""now charge for food and drink""",A321,Solo Leisure,Economy Class,London to Toulouse,March 2017,2,1,1,No rating,2,1
"""inflated prices for food""",A320 / Boeing 777-200,Business,Economy Class,Edinburgh to Luanda via Heathrow,March 2017,3,2,1,2,2,1
"""worst airline I have ever flown""",No Aircraft,Solo Leisure,Economy Class,London to Las Vegas,March 2017,1,1,2,3,3,1
""" cutbacks are a cut too far""",Boeing 777-200,Couple Leisure,Economy Class,Gatwick to Bridgetown,February 2017,1,1,1,2,2,1
"""experience was a bit shoddy""",No Aircraft,Couple Leisure,Economy Class,San Jose to Gatwick,February 2017,3,4,1,3,4,5
"""not worth paying for business""",Boeing 777,Business,Business Class,Orlando to London,March 2017,2,2,3,3,1,1
"""not a business class product""",Boeing 787-9,Business,Business Class,Newark to London,March 2017,2,3,1,3,4,2
"""lack of care extremely disappointing""",No Aircraft,Business,Premium Economy,Hyderabad to London,March 2017,3,1,3,4,1,2
"""will not be flying BA any more""",Boeing 747,Couple Leisure,Economy Class,London to Chicago,February 2017,2,3,1,2,2,1
"""plane in both directions old and shabby""",Boeing 747-400,Solo Leisure,Premium Economy,LHR to YVR,March 2017,3,3,2,2,3,2
"""lack of enforcement of the carry on allowance""",A320,Couple Leisure,Economy Class,London Heathrow to Gibraltar,February 2017,3,2,1,No rating,2,3
"""Inflight service was basic""",A380/A320,Solo Leisure,Economy Class,Singapore to Venice via London,February 2017,3,3,2,2,3,3
"""nothing short of chaotic""",A320,Family Leisure,Economy Class,London to Marrakech,March 2017,3,1,1,No rating,3,1
"""British Airways have lost the plot""",Boeing 747-400,Couple Leisure,Economy Class,Cape Town to London,March 2017,1,3,1,4,4,3
"""how the mighty have fallen""",Boeing 747-400 & A320/321,Solo Leisure,Premium Economy,Kuwait to Edinburgh via London,February 2017,5,3,2,5,5,3
"""Hopelessly inadequate product""",A321,Couple Leisure,Business Class,London Heathrow to Pisa,March 2017,1,4,2,No rating,1,1
"""Overall a good flight""",Boeing 777-200,Couple Leisure,Business Class,St Lucia to Gatwick,March 2017,5,5,3,4,3,3
"""Very attentive and enthusiastic""",Boeing 747-400,Couple Leisure,Business Class,Cape Town to London,March 2017,5,5,5,4,5,4
"""worst airline customer service""",No Aircraft,Business,Economy Class,Tehran to Vancouver via London,March 2017,No rating,No rating,No rating,No rating,No rating,1
"""a sad reflection on the country""",No Aircraft,Solo Leisure,Economy Class,Malta to Gatwick,February 2017,2,3,1,1,1,1
"""poor quality budget airline""",Boeing 767,Business,Economy Class,London to Larnaca,February 2017,1,2,3,2,2,1
"""unhelpful, uncomfortable and shabby""",No Aircraft,Business,Business Class,Mumbai to Seattle via London,February 2017,1,3,1,1,2,2
"""they continue to impress""",Boeing 747-400,Business,Premium Economy,Chicago to London,February 2017,5,5,3,5,4,4
"""the worlds biggest rip off""",Boeing 747-400,Couple Leisure,Economy Class,Phoenix to London Heathrow,February 2017,1,2,1,1,2,1
"""experience was wonderful""",Boeing 747-400,Business,Business Class,London to Chicago O'Hare,February 2017,5,5,5,4,5,5
"""a journey of disappointment""",Boeing 777,Business,Premium Economy,London to Mumbai,February 2017,2,2,2,1,2,3
"""dreadful, stressful experience""",Boeing 777,Couple Leisure,Business Class,San Jose to London Gatwick,February 2017,4,3,1,1,1,1
"""minimalistic in their service""",No Aircraft,Business,Economy Class,Amman to London,February 2017,3,2,3,3,3,3
"""major issue is their penny pinching""",A380,Solo Leisure,Economy Class,London to Miami,December 2016,4,4,1,5,5,5
"""rebrand to a budget airline""",A320,Business,Economy Class,Lisbon to London,February 2017,2,2,No rating,No rating,3,2
"""stay where British Airways used to be""",A320,Solo Leisure,Economy Class,Berlin to London,January 2017,5,5,2,3,5,2
"""the worst airline so far""",A320,Solo Leisure,Economy Class,Istanbul to London,February 2017,3,5,1,1,3,2
"""this is an airline in decline""",Boeing 777-200,Business,First Class,London Heathrow to Chicago,February 2017,1,1,1,1,3,1
"""this is by far the worst""",No Aircraft,Solo Leisure,Economy Class,London Heathrow to Bangkok,February 2017,1,3,2,1,2,2
"""comfortable economy seat""",Boeing 777,Couple Leisure,Economy Class,Gatwick to Cape Town,February 2017,4,3,2,2,4,4
"""decision to downgrade service""",Boeing 787-8 / 787-9,Solo Leisure,Premium Economy,Toronto to London,February 2017,3,4,2,1,4,3
"""no better than no frills competitors""",A319,Business,Economy Class,London Heathrow to Stuttgart,February 2017,1,2,1,No rating,1,1
"""professional and friendly""",Boeing 747-400,Couple Leisure,Economy Class,London to Las Vegas,February 2017,4,5,5,4,5,5
"""on a race to the bottom""",A320,Business,Economy Class,London Heathrow to Rome,February 2017,4,1,1,No rating,5,2
"""treats customers with such contempt""",Embraer 170,Solo Leisure,Economy Class,Edinburgh to London City,February 2017,3,3,3,No rating,1,4
"""I was highly disappointed""",Boeing 747,Couple Leisure,Economy Class,Accra to London Heathrow,February 2017,2,3,2,3,4,3
"""Short-sighted management or what?""",Boeing 777,Couple Leisure,Business Class,London Gatwick to Mauritius,February 2017,4,3,4,4,2,3
"""a reasonable experience""",Boeing 747-400,Solo Leisure,Economy Class,London to Vancouver,February 2017,2,5,4,3,4,3
"""Flight barely a quarter full""",A380,Solo Leisure,Economy Class,Washington to London,February 2017,5,5,4,4,5,5
"""food had no taste whatsoever""",Boeing 777,Business,Economy Class,Bangkok to London,January 2017,1,3,1,1,3,1
"""service good, food adequate""",Boeing 777,Business,Business Class,London to Hong Kong,February 2017,4,4,4,4,4,4
"""flight OK with snack and drink""",A320,Business,Business Class,Paris to London,February 2017,3,4,3,No rating,4,4
"""British Airways has declined badly""",Boeing 747,Business,Premium Economy,Chicago to London Heathrow,February 2017,1,1,1,1,1,1
"""quality of British Airways has most certainly gone downhill""","Boeing 767, A319",Family Leisure,Economy Class,London Heathrow to Rome,February 2017,2,2,2,2,4,2
"""crew was nice and friendly""",A319,Solo Leisure,Economy Class,London to Brussels,February 2017,5,5,2,No rating,5,4
"""food was bland to say the least""",Boeing 777-200,Couple Leisure,Economy Class,Dublin to Seattle via London Heathrow,February 2017,2,5,1,3,1,3
"""BA is now a low cost carrier""",Boeing 767-300,Business,Economy Class,London Heathrow to Athens,February 2017,2,2,1,1,2,2
"""British Airways was a shock""",Boeing 777,Business,Business Class,Doha to London Heathrow,February 2017,1,1,1,4,3,2
"""Will never touch British Airways again""",No Aircraft,Solo Leisure,Economy Class,Orlando to London Heathrow,January 2017,1,1,1,3,1,1
"""equal to Ryanair and EasyJet""",A319,Solo Leisure,Economy Class,LBA to LHR,February 2017,3,2,1,No rating,4,3
"""they couldn't do anything for me""",No Aircraft,Solo Leisure,Economy Class,Vienna to Los Angeles via London,December 2016,2,3,3,3,1,1
"""next time I will fly Ryanair""",No Aircraft,Family Leisure,Economy Class,Heathrow to Innsbruck,February 2017,1,1,1,No rating,4,1
"""turning a once great airline into low cost """,A380,Business,Economy Class,Los Angeles to London,February 2017,2,1,1,1,2,1
"""service is like budget airlines""",No Aircraft,Couple Leisure,Economy Class,Gatwick to Barcelona,January 2017,1,1,1,No rating,1,1
"""quality dropped dramatically""",No Aircraft,Solo Leisure,Economy Class,London to Rio de Janeiro,October 2016,1,1,1,2,1,2
"""I will never fly with BA again""",No Aircraft,Family Leisure,Economy Class,London to New York,December 2016,3,2,1,3,3,1
"""overall a good experience""",Boeing 777,Couple Leisure,Economy Class,TPA to ATH via LGW,February 2017,4,5,4,3,5,5
"""good arrival lounge at LHR""",A380,Solo Leisure,Business Class,Hong Kong to London,January 2017,4,4,3,3,4,5
"""learn from other airlines""",A320,Business,Business Class,LHR to IST,January 2017,No rating,No rating,No rating,No rating,1,1
"""exceed my expectation""",No Aircraft,Solo Leisure,Business Class,London to Berlin,January 2017,3,4,4,No rating,3,4
"""these were pleasant flights""",A320,Solo Leisure,Business Class,Gatwick to Salzburg,January 2017,4,4,4,No rating,5,5
"""British Airways, you need improve""",Boeing 777-200ER,Couple Leisure,Economy Class,Gatwick to Barbados,January 2017,2,3,1,1,3,2
"""the wines are not good""",A320,Business,Economy Class,Bordeaux to London Gatwick,January 2017,2,3,2,No rating,5,5
"""attentive, friendly cabin crew""",A380,Couple Leisure,Business Class,LHR to SFO,January 2017,5,5,5,4,1,4
"""stooped to its lowest level""",No Aircraft,Business,Economy Class,Aberdeen to Paris via Heathrow,January 2017,3,3,1,No rating,4,2
"""brand suicide at its worst""",A320,Solo Leisure,Economy Class,London Heathrow to Copenhagen,February 2017,3,4,No rating,No rating,4,3
"""decent value for the money""",A380,Solo Leisure,Economy Class,LHR to IAD,January 2017,3,5,5,5,5,5
"""fallen behind other airlines""",Boeing 777,Solo Leisure,Business Class,LHR to HKG,January 2017,1,2,2,2,1,2
"""friendly and efficient service""",Boeing 777,Couple Leisure,Economy Class,London Gatwick to Mauritius,January 2017,4,5,4,4,4,4
"""Travel Nightmare""",No Aircraft,Couple Leisure,Economy Class,LAX to NCE via LHR,January 2017,3,2,3,2,1,1
"""reputation is on the slide""",No Aircraft,Business,Economy Class,Zurich to London,January 2017,2,2,1,1,3,2
"""dreadful business class experience""",A320,Solo Leisure,Business Class,London Gatwick to Barcelona,January 2017,1,1,1,No rating,1,1
"""slipped to low budget airline""",A320,Solo Leisure,Economy Class,SOF to LHR,January 2017,1,1,1,No rating,2,1
"""still my first choice""",A380 / Boeing 777,Solo Leisure,Premium Economy,IAD to BCN via LHR,January 2017,5,5,5,No rating,5,5
"""looked as if 20 years old""",Boeing 747,Solo Leisure,Economy Class,YVR to LHR,January 2017,3,5,5,3,5,4
"""no better than Ryanair now""",A320,Business,Economy Class,LHR to MXP,January 2017,1,1,1,1,2,3
"""Inflight food shocking""",No Aircraft,Couple Leisure,Economy Class,LGW to BGI,January 2017,4,5,1,4,4,2
"""how the mighty have fallen""",A380,Couple Leisure,Economy Class,London to Johannesburg,September 2016,4,2,1,3,2,2
"""did not receive a free glass of water""",A320,Business,Economy Class,London to Zurich,January 2017,2,1,1,No rating,2,1
"""a par with low cost standards""",A321,Business,Economy Class,MAD to LHR,January 2017,2,3,1,1,3,1
"""good experience both flights""",Boeing 777,Solo Leisure,First Class,LHR to PHL,January 2017,5,4,4,4,4,5
"""they have lost absolutely their unique selling points""",A320,Business,Business Class,MLA to LGW,January 2017,2,3,No rating,No rating,3,2
"""vowed to never fly with BA""",No Aircraft,Solo Leisure,Economy Class,London to Abuja,December 2016,1,1,1,1,1,1
"""treating premium passengers with contempt""",Boeing 747-400,Couple Leisure,First Class,LHR to CPT,January 2017,3,5,4,2,3,3
"""cost saving is clearly evident""",No Aircraft,No Type Of Traveller,First Class,LHR to ORD,January 2017,2,3,2,3,2,2
"""as different as night and day""",Boeing 747 / A380,Solo Leisure,Business Class,SFO to JNB via LHR,January 2017,4,3,3,3,4,3
"""letting themselves down badly""",No Aircraft,Couple Leisure,Economy Class,Larnaca to London Heathrow,January 2017,3,5,1,1,5,1
"""service was really good""",A320,Couple Leisure,Economy Class,London to Manchester,August 2016,5,5,3,1,5,3
"""narrower seats than other airlines""",Boeing 787,Couple Leisure,Business Class,Lisbon to San Jose via London,October 2016,3,4,4,3,3,4
"""worst customer service""",Boeing 747-400,Business,Premium Economy,LHR to PHX,August 2016,1,1,1,1,1,1
"""can only be described as appalling""",Boeing 777,Couple Leisure,Business Class,Gatwick to Tampa,January 2017,3,3,2,2,1,1
"""the aircraft was filthy""",Boeing 747,Solo Leisure,Economy Class,Miami to London,January 2017,2,1,1,1,2,1
"""horrible food, unmotivated crew""",Boeing 747,Business,Economy Class,LHR to DXB,January 2017,2,2,1,2,1,2
"""will never fly with BA again""",No Aircraft,Couple Leisure,Business Class,CDG to LHR,December 2016,2,3,2,No rating,1,1
"""not fair for the fare""",Boeing 777,Couple Leisure,Business Class,BKK to CDG via LHR,January 2017,2,5,1,1,1,1
"""ludicrous approach to carry on baggage""",A320,Solo Leisure,Economy Class,GLA to LGW,December 2016,1,4,1,No rating,4,2
"""a very good airline""",No Aircraft,Solo Leisure,Economy Class,BKK to LHR,January 2017,5,5,5,5,5,5
"""way below BA's competitors""",Boeing 747-400,Couple Leisure,Business Class,LHR to CPT,January 2017,3,3,3,3,4,3
"""would I fly in BA First again? No""",Boeing 787-9,Solo Leisure,First Class,LHR to KUL,November 2016,3,1,1,3,3,1
"""reduced to that of a budget airline""",A320,Solo Leisure,Economy Class,LED to LHR,January 2017,3,4,1,1,4,2
"""a budget airline at premium airline prices""",No Aircraft,Business,Economy Class,LGW to CUN,November 2016,2,2,1,3,2,2
"""incompetence and insincerity""",No Aircraft,Family Leisure,Premium Economy,PVG to ZRH via LHR,October 2016,1,1,No rating,No rating,1,1
"""plane had not been cleaned well""",Boeing 777,Couple Leisure,Business Class,LGW to BGI,December 2016,1,1,1,1,1,1
"""felt I was flying with a low cost airline""",No Aircraft,Solo Leisure,Economy Class,JFK to LHR,January 2017,3,3,2,2,2,3
"""will never fly them again""",No Aircraft,Solo Leisure,Economy Class,London to Frankfurt,July 2016,4,4,3,No rating,2,2
"""see no point in using BA now""",No Aircraft,Business,Economy Class,ATH to LHR,January 2017,4,1,1,No rating,3,1
"""no appeal whatsoever anymore""",A320,Couple Leisure,Economy Class,FUE to LGW,January 2017,2,3,1,No rating,4,3
"""arrivals lounge at LHR was great""",Boeing 777,Solo Leisure,Business Class,IAH to LHR,January 2017,4,2,4,4,4,4
"""business class in need of major refurbishment""",Boeing 777,Couple Leisure,Business Class,LGW to CUN,December 2016,3,3,1,1,3,2
"""we don't deserve the shoddy treatment""",No Aircraft,Family Leisure,Economy Class,LHR to DFW,December 2016,3,1,1,4,4,2
"""profit at any price""",Boeing 777,Solo Leisure,Business Class,LHR to HKG,January 2017,3,2,2,4,1,1
"""joined budget airline bunch""",No Aircraft,Business,Economy Class,LHR to PRG,January 2017,4,1,No rating,No rating,2,1
"""service was great throughout""",A321,Solo Leisure,Business Class,LHR to AMM,January 2017,5,5,3,3,3,4
"""overall a good experience""",A320 / Boeing 767,Family Leisure,Economy Class,LHR to FCO,January 2017,4,5,4,No rating,5,4
"""British Airways has lost it class""",No Aircraft,Couple Leisure,Economy Class,London Heathrow to Miami,January 2017,3,1,1,1,1,1
"""make sure you pack a sandwich""",No Aircraft,Couple Leisure,Economy Class,LGW to BGI,January 2017,1,2,1,2,2,2
"""inflight entertainment didn't work""",Boeing 787,Couple Leisure,Economy Class,KUL to LHR,December 2016,1,3,2,1,4,2
"""experience was excellent""",A320,Couple Leisure,Economy Class,ATH to LHR,January 2017,4,5,3,No rating,5,4
"""one of the worst airlines""",No Aircraft,Solo Leisure,Economy Class,MAN to LAX via LHR,January 2017,2,3,2,1,1,1
"""1 hour in the horrific queue""",No Aircraft,Solo Leisure,Economy Class,MAN to LAS via LHR,December 2016,1,1,1,1,1,1
"""have once again been disappointed by British Airways""",Boeing 747,Family Leisure,Business Class,MIA to LHR,January 2017,1,4,3,3,4,1
"""cabin staff stomp up and down the aisle""",Boeing 777,Couple Leisure,Economy Class,SYD to LHR,December 2016,1,1,1,1,1,1
"""too much cost cutting""",No Aircraft,Couple Leisure,Business Class,CDG to BKK via LHR,December 2016,2,4,1,1,1,1
"""disappointing business class""",Boeing 777,Couple Leisure,Business Class,LHR to HKG,January 2017,1,4,4,2,3,1
"""cabin crew excelled throughout """,Boeing 787-9,Solo Leisure,Business Class,YYZ to LHR,December 2016,3,5,4,4,4,4
"""tired, grey Boeing 777 interior""",Boeing 777,Couple Leisure,Economy Class,LHR to LIM,December 2016,3,3,3,3,3,3
"""airline is going down fast""",No Aircraft,Solo Leisure,Economy Class,ATH to LHR,January 2017,1,2,1,1,1,1
"""a very dated experience""",Boeing 747-400,Solo Leisure,Economy Class,ARN to DEN via LHR,December 2016,3,4,2,1,1,2
"""disappointed with lack of food""",No Aircraft,Solo Leisure,Economy Class,IKA to LHR,January 2017,4,4,2,4,4,3
"""pay more for another airline""",Boeing 747,Solo Leisure,Economy Class,CUN to LGW,December 2016,3,4,2,3,4,2
"""never fly British Airways again""",No Aircraft,Couple Leisure,Economy Class,MAD to YUL via LHR,December 2016,1,1,No rating,No rating,1,1
"""offered excellent attentive service""",Boeing 747-400,Couple Leisure,First Class,MAN to SAN via LHR,December 2016,4,5,4,4,4,4
"""crew were helpful and attentive""",Boeing 777-200ER,Family Leisure,Economy Class,LGW to TPA,November 2016,3,4,4,3,5,3
"""stood waiting for assistance""",No Aircraft,Family Leisure,Economy Class,DXB to LHR,December 2016,1,1,1,2,1,1
"""A380 is state of the art""",A380,Solo Leisure,Premium Economy,LAX to LHR,September 2016,5,4,4,5,5,5
"""appreciation to be passed on""",No Aircraft,Couple Leisure,Economy Class,BUD to LHR,December 2016,5,5,3,No rating,5,5
"""a dirty seat and cabin""",Boeing 747-400,Couple Leisure,Business Class,FRA to CPT via LHR,December 2016,4,5,2,3,4,4
"""no customer loyalty sought""",Boeing 787,Couple Leisure,Economy Class,BWI to LHR,December 2016,2,3,2,3,1,1
"""not allowed to choose a seat""",No Aircraft,Business,Economy Class,LHR to PRG,December 2016,2,3,2,No rating,2,1
"""the staff were on the ball""",Boeing 787,Couple Leisure,Premium Economy,BKK to LHR,December 2016,4,4,2,5,4,3
"""give this rotten airline 0/10""",No Aircraft,Solo Leisure,Premium Economy,DXB to YYZ via LHR,December 2016,2,4,2,1,1,1
"""contempt for its customers""",A320,Business,Economy Class,LHR to CPH,December 2016,1,1,1,1,1,1
"""run by bean counters""",Boeing 777,Couple Leisure,Economy Class,LGW to ANU,December 2016,3,3,1,2,1,2
"""terrible customer care""",No Aircraft,Business,Economy Class,KBP to BFS via LHR,December 2016,3,5,4,2,1,2
"""very friendly cabin crew""",Boeing 747-400,Solo Leisure,Economy Class,LHR to CPT,December 2016,4,5,4,5,3,5
"""surly and generally unhelpful""",Boeing 777,Couple Leisure,Premium Economy,BKK to MAN via LHR,December 2016,1,1,1,1,1,1
"""It was hard as rock and very uncomfortable""",Boeing 777-200,Couple Leisure,First Class,UVF to LGW,December 2016,1,3,2,1,4,1
"""convenient to where I live""",A320 / Boeing 767,Business,Economy Class,LHR to EDI,December 2016,4,3,1,No rating,4,3
"""heartily recommend""",No Aircraft,Couple Leisure,Business Class,LHR to HKG,December 2016,4,5,5,4,4,4
"""seats are so narrow""",Boeing 777,Solo Leisure,Economy Class,LHR to EZE,December 2016,1,2,2,1,2,2
"""food was miserable""",A380,Solo Leisure,Economy Class,HKG to LHR,December 2016,1,3,3,1,3,4
"""the staff then disappeared""",No Aircraft,Couple Leisure,Premium Economy,LHR to BKK,November 2016,3,1,2,1,3,2
"""quality and quantity was extremely poor""",No Aircraft,Couple Leisure,Economy Class,IAD to DEL via LHR,December 2016,3,3,2,3,3,3
"""a cheap airline that cannot be relied on""",No Aircraft,Business,Premium Economy,SAN to SVQ via LHR,December 2016,4,4,1,4,1,1
"""did not get what we paid for""",Boeing 777,Family Leisure,Premium Economy,LHR to PHL,October 2016,1,1,2,2,1,1
"""not up to par with competitors""",Boeing 747,Business,Business Class,DFW to BOM via LHR,November 2016,3,2,2,2,3,3
"""profoundly uncomfortable when fully flat""",Boeing 787-900,Solo Leisure,Business Class,LHR to AUS,December 2016,2,4,3,3,4,2
"""had a good flight on the A380""",A380,Business,Business Class,LHR to HKG,December 2016,4,4,4,3,4,5
"""extremely rude and aggressive""",No Aircraft,Business,Premium Economy,MAN to PVG via LHR,December 2016,1,1,1,1,1,1
"""quite enjoyable flights both ways""",A380 and Boeing 777,Solo Leisure,Premium Economy,IAD to LHR,December 2016,5,5,5,No rating,5,5
"""poor facilities BA now provide""",Boeing 787,Business,Business Class,CTU to LHR,December 2016,2,3,1,2,2,1
"""disinterested and unhelpful""",No Aircraft,Couple Leisure,Economy Class,LGW to MCO,December 2016,3,2,1,2,3,1
"""service .. we don't really care""",Boeing 777,Solo Leisure,Premium Economy,LHR to SEA,December 2016,3,2,2,3,4,3
"""great little short hop""",No Aircraft,Solo Leisure,Economy Class,MAN to LHR,November 2016,4,5,4,No rating,3,4
"""manage a trolley service """,No Aircraft,Solo Leisure,Economy Class,LHR to MAN,November 2016,4,5,4,No rating,4,4
"""like some cut-rate budget airline""",No Aircraft,Business,Premium Economy,NBO to LHR,December 2016,2,3,1,3,2,1
"""meal left a little to be desired""",Boeing 777,Solo Leisure,Business Class,SEA to LHR,November 2016,4,3,3,4,2,2
"""another disappointing experience from BA""",Boeing 777-200,Couple Leisure,First Class,LGW to UVF,December 2016,3,2,1,1,1,1
"""not very friendly or helpful""",Boeing 777-300 / A380,Business,Economy Class,SYD to LHR via SIN,December 2016,3,2,2,3,4,4
"""paid to book 2 seats, both broken""",Boeing 747-400,Couple Leisure,Economy Class,LHR to CPT,November 2016,1,1,1,2,4,1
"""a little disappointed""",Boeing 787,Couple Leisure,Premium Economy,LHR to YYC,October 2016,5,5,3,4,5,4
"""nothing good to say about this trip""",A320,Business,Business Class,LHR to LIS,December 2016,1,2,1,1,1,1
"""I would not recommend BA""",A380 800,Couple Leisure,Economy Class,LHR to HKG,November 2016,1,2,1,4,3,2
"""aircraft are very old""",Boeing 777,Family Leisure,Economy Class,LHR to BKK,December 2016,2,2,2,1,4,2
"""the crew were pleasant and efficient""",A321,Couple Leisure,Business Class,LHR to MAD,December 2016,4,4,4,No rating,4,3
"""hit a new low for me""",Boeing 777,Couple Leisure,Business Class,SIN to  SYD,December 2016,2,1,2,2,1,1
"""one of the worst journeys""",No Aircraft,Couple Leisure,Economy Class,HKG to LHR,November 2016,1,1,1,1,1,1
"""relegating to a low cost airline""",No Aircraft,Couple Leisure,Economy Class,LHR to ARN,December 2016,2,4,1,No rating,4,3
"""closer to low-cost carriers""",A321,Business,Business Class,LHR to ZRH,November 2016,1,2,1,1,3,1
"""the service was merely adequate""",No Aircraft,Couple Leisure,Business Class,LGW to MRU,November 2016,2,1,2,2,4,1
"""absolute disgrace""",No Aircraft,Solo Leisure,Economy Class,LHR to IST,January 2016,3,3,3,3,1,1
"""it was not a pleasant flight""",A380,Family Leisure,Economy Class,LHR to HKG,November 2016,1,2,No rating,No rating,3,2
"""greatest assets is its cabin crew""",A380,Business,First Class,SIN to LHR,November 2016,5,5,5,4,3,4
"""friendly and attentive""",Boeing 777-200ER,Solo Leisure,Economy Class,JFK to LHR,November 2016,4,4,4,3,4,4
"""a really good flight""",No Aircraft,Couple Leisure,Economy Class,LHR to BHD,October 2016,3,4,4,No rating,3,5
"""crew on top of their game""",Boeing 777,Business,First Class,LHR to YYZ,November 2016,5,5,4,4,5,5
"""tinted windows was an issue""",Boeing 787-800,Couple Leisure,Business Class,MAA to LHR,November 2016,5,5,5,3,3,3
"""unobtrusive service provided""",A380,Business,Premium Economy,SIN to LHR,November 2016,5,5,5,4,5,5
"""tasty food served promptly""",Boeing 777,Couple Leisure,Economy Class,TLV to LHR,November 2016,3,5,5,4,3,4
"""service varies each time""",A320,Solo Leisure,Business Class,RAK to LGW,November 2016,4,5,3,No rating,2,3
"""was a horrible experience""",No Aircraft,Family Leisure,Economy Class,SYD to SIN,November 2016,4,2,1,3,1,1
"""BA is beneath contempt""",No Aircraft,Business,Economy Class,AMS to LHR,November 2016,1,1,1,1,1,1
"""always hit and mostly miss""",Boeing 747-400,Solo Leisure,First Class,LHR to SFO,April 2016,3,3,3,3,2,3
"""crew not overly friendly""",Boeing 777-200,Family Leisure,Economy Class,LHR to YYZ,October 2016,3,4,3,3,5,4
"""the value for money is no longer given""",Boeing 747-400,Business,Business Class,DUS to BOS via LHR,November 2016,3,5,2,5,3,2
"""could not fault anything""",A380,Business,First Class,LHR to SIN,November 2016,5,5,5,4,5,5
"""nightmare experience""",No Aircraft,Business,Premium Economy,LHR to DEL,August 2016,1,1,1,1,1,1
"""never be using BA again""",No Aircraft,Couple Leisure,Economy Class,RAK to LGW,November 2016,1,5,2,No rating,1,1
"""clean looking A320""",A320,Business,Economy Class,LHR to BHD,November 2016,4,5,4,No rating,5,3
"""staff were friendly""",Boeing 737,Solo Leisure,Economy Class,LHR to KBP,November 2016,3,4,3,2,4,4
"""a very comfortable flight""",Boeing 747-400,Solo Leisure,First Class,LHR to LAS,November 2016,5,5,5,2,4,4
"""a worn out and low cost discount carrier""",Various,Business,Economy Class,BKK to LHR via LAD & ABV,August 2016,1,1,2,1,2,1
"""food absolutely atrocious""",No Aircraft,Family Leisure,Economy Class,LHR to IAH,August 2016,1,2,2,4,2,2
"""cutting too many corners""",No Aircraft,Couple Leisure,Premium Economy,LGW to ANU,September 2016,3,1,1,2,3,1
"""staff service completely forgettable""",A321,Business,Economy Class,LHR to DME,November 2016,3,2,1,4,4,4
"""a total embarrassment""",Boeing 777,Business,Economy Class,LGW to BGI,October 2016,2,1,1,2,4,1
"""food not great and entertainment options poor""",A380,Couple Leisure,First Class,JNB to LHR,November 2016,5,3,1,3,2,1
"""service was the usual British Airways""",A380,Couple Leisure,Premium Economy,MIA to LHR,November 2016,5,4,4,5,3,4
"""the new seats are very comfortable""",Boeing 787-900,Couple Leisure,Premium Economy,LHR to BWI,November 2016,5,5,4,5,5,5
"""low-cost airline standard""",A320,Solo Leisure,Economy Class,SOF to LHR,November 2016,1,2,1,No rating,1,1
"""BA continue to cut service""",Boeing 787-800 / 777-200,Couple Leisure,First Class,YYZ to LHR,November 2016,4,4,1,4,1,2
"""BA have refused all responsibility""",No Aircraft,Business,Economy Class,LHR to KUL,October 2016,3,4,3,4,2,3
"""space provided for business class is just ludicrous""",No Aircraft,Business,Business Class,CPT to DUR,November 2016,1,2,1,No rating,3,1
"""cabin was immaculate""",A380,Couple Leisure,First Class,LHR to IAD,November 2016,5,5,4,4,5,4
"""it was beyond ridiculous""",No Aircraft,Family Leisure,Economy Class,BCN to LHR,November 2016,2,2,2,1,1,4
"""excellent service overall""",Boeing 747-400,Couple Leisure,First Class,DFW to LHR,November 2016,5,5,4,4,4,4
"""all we got was a small bag of crisps""",No Aircraft,Solo Leisure,Economy Class,LHR to TXL,September 2016,3,5,2,No rating,5,3
"""do not know if I will fly again""",A320,Business,Economy Class,LHR to LIS,November 2016,5,2,1,No rating,1,2
"""I will no longer fly with BA""",A380-800,Family Leisure,Economy Class,LHR to MIA,October 2016,3,3,1,1,2,2
"""special when the service is ok""",A320,Business,Economy Class,LIS to LHR,November 2016,5,5,5,No rating,5,5
"""another underwhelming experience""",Boeing 787,Family Leisure,First Class,LHR to DXB,November 2016,3,4,2,3,2,2
"""underwhelming due to bean counters""",Boeing 777,Couple Leisure,First Class,DXB to LHR,November 2016,3,4,1,3,2,2
"""bit amateur for business class """,A320,Solo Leisure,Business Class,LGW to ALC,November 2016,2,2,3,No rating,3,3
"""was one bad trip too many""",Boeing 777-200,Solo Leisure,Premium Economy,LHR to BKK,November 2016,2,2,1,1,2,2
"""plane very dated and dirty""",Boeing 777,Couple Leisure,Premium Economy,LGW to BGI,November 2016,1,1,1,3,1,1
"""cabin crew did a sterling job""",No Aircraft,Solo Leisure,Economy Class,DUB to LCY,October 2016,5,5,4,No rating,5,3
"""seat was very uncomfortable""",Boeing 747-400 / A380,Solo Leisure,Economy Class,JNB to CLT via LHR,November 2016,1,1,3,2,1,3
"""service was second to none""",A380,Couple Leisure,First Class,LHR to LAX,October 2016,5,5,5,5,4,5
"""Goodbye British Airways""",Boeing 777,Couple Leisure,Premium Economy,MRU to LGW,November 2016,2,1,1,1,3,1
"""getting worse and worse""",A320,Solo Leisure,Economy Class,ATH to LHR,November 2016,3,5,1,No rating,5,1
"""need to revaluate their offering""",Boeing 787-9,Couple Leisure,First Class,LHR to KUL,October 2016,3,4,3,3,4,3
"""budget service at a high price""",No Aircraft,Solo Leisure,Economy Class,LGW to LIM,August 2016,1,1,2,1,3,2
"""BA has gone downhill""",Boeing 767-300,Business,Economy Class,LCA to LHR,November 2016,2,2,1,1,2,1
"""nothing short of a joke""",Boeing 777-200,Family Leisure,Business Class,LGW to MCO,November 2016,1,1,1,1,1,1
"""Cabin looked worn and dated""",Boeing 777,Solo Leisure,Economy Class,LHR to BKK,November 2016,3,4,1,3,3,3
"""not worth a premium""",A319,Business,Business Class,LHR to GVA,November 2016,2,5,1,No rating,4,2
"""cabin crew were excellent in every way""",A380-800,Couple Leisure,Economy Class,LHR to LAX,October 2016,4,5,4,4,4,4
"""we had been downgraded""",Boeing 777,Couple Leisure,Premium Economy,UVF  to LGW,November 2016,2,2,1,2,5,1
"""Will not use BA again""",No Aircraft,Couple Leisure,Economy Class,LHR to BOS,October 2016,2,3,2,4,4,2
"""well worth the money""",A319,Family Leisure,Economy Class,LGW to VLC,October 2016,3,4,3,No rating,4,4
"""they started dropping the ball""",No Aircraft,Solo Leisure,Economy Class,LGW to SVQ via MAD,November 2016,3,4,2,1,3,1
"""leg room was poor""",Boeing 747-400,Couple Leisure,Economy Class,LHR to JFK,October 2016,2,3,2,3,1,3
"""to fly to disappoint""",A320,Business,Business Class,LHR to OTP,October 2016,2,4,1,No rating,2,1
"""stewardesses were very friendly and attentive""",Boeing 787,Solo Leisure,Economy Class,ICN to LHR,October 2016,4,5,5,5,4,4
"""good service levels""",A380 and Boeing 737-800,Solo Leisure,Economy Class,LHR to CPT via JNB,October 2016,4,5,4,4,3,5
"""no longer my airline of choice""",A380,Couple Leisure,Business Class,HKG to LHR,October 2016,3,3,2,1,3,2
"""BA crews are tremendous""",Boeing 747-400,Solo Leisure,Business Class,LHR to ORD,October 2016,5,5,5,5,5,5
"""standard slipped considerably""",Boeing 747-400,Solo Leisure,Economy Class,YVR to LHR,October 2016,3,2,1,2,2,2
"""smart and clean A321""",No Aircraft,Couple Leisure,Economy Class,LHR to AGP,October 2016,3,4,1,No rating,2,3
"""pleasantly surprised by the experience""",A380,Couple Leisure,Premium Economy,LHR to MIA,October 2016,4,5,4,1,5,4
"""cabin crew were professional and unobtrusive""","Boeing 747-400,  A320, A319",Solo Leisure,Economy Class,KWI to EDI via LHR,October 2016,5,5,4,5,5,5
"""cheaper than EasyJet""",No Aircraft,Business,Economy Class,EDI to LGW,October 2016,3,5,3,No rating,5,5
"""BA trying to save money""",No Aircraft,Business,Premium Economy,SIN to BCN via LHR,October 2016,3,1,2,2,2,3
"""don't make same mistake as me""",A319,Business,Business Class,LHR to BRU,October 2016,1,1,1,1,1,1
"""embarrass flight staff so much""",No Aircraft,Couple Leisure,Economy Class,ATH to LHR,October 2016,3,5,1,No rating,3,1
"""excellent and friendly cabin crew""",A320,Business,Business Class,MLA to LGW,October 2016,3,5,3,No rating,1,3
"""very friendly but not attentive""",Boeing 777-200,Couple Leisure,Business Class,BKK to LHR,October 2016,3,3,2,3,3,3
"""another less than satisfactory experience""",A319,Family Leisure,Business Class,LGW to Pisa,October 2016,1,4,2,No rating,1,1
"""the cabin appeared dated and untidy""",No Aircraft,Solo Leisure,Premium Economy,CNX  to LHR via BKK,September 2016,3,4,3,2,1,2
"""great welcome and service""",Boeing 747 400,Couple Leisure,Business Class,LHR to LAX,September 2016,5,3,4,2,5,4
"""cost cutting to extreme levels""",Boeing 777-300,Business,Premium Economy,HND to LHR,October 2016,2,2,1,3,3,2
"""had a perfectly satisfactory flight""",Boeing 747,Solo Leisure,First Class,LHR to BOS,October 2016,4,4,3,4,4,4
"""listening to cabin crew moaning""",A380,Couple Leisure,Economy Class,SFO to MAN via LHR,October 2016,2,1,1,1,1,1
"""never again British Airways""",Boeing 777-200,Couple Leisure,Economy Class,LHR to SFO,October 2016,1,1,2,1,2,1
"""lost my patience with BA""",A380,Business,First Class,LHR to SIN,October 2016,4,4,3,3,1,1
"""another abysmal flight from BA""",No Aircraft,Solo Leisure,Economy Class,BRI to LGW,October 2016,1,1,1,No rating,3,1
"""disappointed and expected so much more""","Boeing 747, A380",Business,First Class,JNB to ATH via LHR,June 2016,3,4,2,3,4,1
"""IFE poor to say the least""",No Aircraft,Solo Leisure,Economy Class,BKK to LHR,September 2016,2,2,3,1,3,2
"""service become far more erratic""",A320,Couple Leisure,Business Class,LGW to MLA,October 2016,1,1,3,No rating,1,1
"""not travel with them again""",No Aircraft,Solo Leisure,Premium Economy,SYD to LHR via SIN,October 2016,2,1,1,2,2,1
"""used to be such a class act""",No Aircraft,Solo Leisure,Business Class,JFK to LHR,October 2016,1,3,1,1,1,1
"""no longer the premier airline""",A319,Family Leisure,Economy Class,LGW to NCE,October 2016,3,3,2,No rating,3,3
"""Very poor service""",Boeing 787-9,Solo Leisure,First Class,LHR to KUL,August 2016,4,1,1,1,2,2
"""the crew make the difference""",A321-200,Solo Leisure,Economy Class,PMI to LHR,October 2016,5,5,5,No rating,5,5
"""lack of space ruined an otherwise flawless flight""",Boeing 787,Couple Leisure,Economy Class,LHR to ICN,October 2016,1,4,4,5,3,3
"""breakfast was a bad joke""",Boeing 777 / A320,Couple Leisure,Economy Class,SEA to PRG via LHR,September 2016,3,1,1,3,1,2
"""worst long-haul experience""",A380,Family Leisure,Economy Class,SIN to LHR,August 2016,1,2,1,1,2,2
"""yet another abysmal flight""",No Aircraft,Solo Leisure,Economy Class,LHR to BUD,October 2016,1,1,1,No rating,1,1
"""they are unreliable """,A380,Couple Leisure,First Class,IAD to NBO via LHR,September 2016,2,4,4,3,2,3
"""not customer focussed in any way whatsoever""",A320,Family Leisure,Economy Class,AGP to LGW,October 2016,2,4,1,No rating,4,1
"""how disappointed we were""",Boeing 777,Couple Leisure,Business Class,LGW to MRU,October 2016,3,4,2,No rating,4,2
"""the lowering of standards""",No Aircraft,Solo Leisure,Economy Class,DBV to LGW,October 2016,2,4,1,1,2,2
"""avoid British Airways at all costs""",Boeing 787-8 / A320,Couple Leisure,Business Class,YYC to FCO via LHR,October 2016,2,5,5,3,1,1
"""I dislike them so much""",No Aircraft,Couple Leisure,Economy Class,LHR to GVA,October 2016,4,2,3,3,2,3
"""terrible, uncaring airline""",No Aircraft,Family Leisure,Economy Class,LCY to AGP,September 2016,3,3,2,No rating,1,1
"""this is a humourless service""",Boeing 747-400,Solo Leisure,Economy Class,LHR to DEN,October 2016,3,2,1,1,3,3
"""the food is a disgrace""",Boeing 777,Business,First Class,DXB to DUB via LHR,July 2016,4,4,2,2,1,1
"""it was like being in a time warp""",Boeing 747-400,Couple Leisure,Economy Class,LAS to LHR,October 2016,2,2,2,1,4,1
"""plane was clearly dated""",Boeing 747,Solo Leisure,Economy Class,BOS to LHR,October 2016,4,5,4,4,2,4
"""crew were extremely nice""",A320,Solo Leisure,Economy Class,LHR to LIS,October 2016,5,5,4,No rating,4,5
"""thought BA couldn't stoop any lower""",Boeing 777 / 747,Business,Premium Economy,YYZ to LIS via LHR,May 2016,3,4,1,1,4,3
"""indifferent attitudes of cabin service""",Boeing 777,Couple Leisure,Premium Economy,LHR to ATL,October 2016,3,2,3,3,2,3
"""reduction in quality of food""",Boeing 777,Couple Leisure,Economy Class,BOS to LHR,September 2016,3,4,2,5,1,4
"""luggage misplaced in the plane""",No Aircraft,Business,Economy Class,JFK to DUS via LHR,October 2016,3,2,3,4,2,2
"""staff were just about acceptable""",A380,Couple Leisure,Business Class,JNB to LHR,September 2016,1,2,1,1,3,2
"""Seats hard but okay""",A319,Couple Leisure,Economy Class,LHR to BGO,September 2016,3,4,3,No rating,3,3
"""staff were rude and inattentive""",Boeing 777,Couple Leisure,Economy Class,LGW to MRU,September 2016,3,1,1,2,3,2
"""a mistake to choose BA""",No Aircraft,Couple Leisure,Business Class,CDG to BKK via LHR,September 2016,1,1,1,No rating,4,3
"""unlikely we will ever fly with them again""",No Aircraft,Couple Leisure,Economy Class,GLA to ZRH via LCY,July 2016,3,3,3,1,1,1
"""not fit for purpose""",Boeing 767,Family Leisure,Economy Class,LCA to LHR,September 2016,3,3,3,1,2,2
"""provided a high quality service""",A380,Couple Leisure,First Class,SIN to LHR,September 2016,4,5,4,No rating,4,4
"""trading on previous good reputation""",Boeing 777,Family Leisure,Economy Class,SJO to LGW,September 2016,1,3,1,1,3,3
"""expectations low and still disappointed""",Boeing 777-200,Couple Leisure,Business Class,LHR to BKK,September 2016,3,3,2,3,5,3
"""very helpful and attentive""",Boeing 777,Couple Leisure,First Class,MEL to SIN via SYD,September 2016,3,4,4,4,5,4
"""crew professional and efficient""",Boeing 767,Couple Leisure,Business Class,LHR to AMS,September 2016,3,4,3,No rating,5,4
"""I was unable to select a seat""",Boeing 787,Solo Leisure,Premium Economy,SJC to LHR,September 2016,4,3,3,4,1,4
"""start offering food for purchase?""",A319,Solo Leisure,Economy Class,LGW to OPO,September 2016,4,4,2,No rating,3,4
"""feel of a budget carrier""",Boeing 747-400 / 777,Solo Leisure,Business Class,BAH to BOS via LHR,September 2016,2,2,3,2,3,3
"""excellent cabin crew""",Boeing 777,Solo Leisure,Business Class,LGW to JFK,September 2016,2,5,4,4,3,4
"""cabin crew were polite, friendly and efficient""",A320,Couple Leisure,Economy Class,LHR to KGS,September 2016,3,5,3,No rating,4,4
"""staff were professional and helpful""",A380,Couple Leisure,Economy Class,LHR to JNB,September 2016,4,5,3,4,4,5
"""was a nightmare experience""",Boeing 777-300,Business,Premium Economy,ATL to GVA via LHR,September 2016,2,5,1,1,1,1
"""worst experience I have had flying""",Boeing 777-300,Couple Leisure,Economy Class,ATL to LHR,September 2016,1,2,1,4,1,1
"""need to pay for selecting seats,""",Boeing 787,Business,Premium Economy,AUH to LHR,September 2016,4,4,4,4,3,4
"""why would anyone fly BA""",Boeing 777-200,Family Leisure,Premium Economy,London to JFK,September 2016,2,2,1,1,3,2
"""race to complete dinner service """,A380,Business,Economy Class,LHR to JNB,September 2016,3,2,3,2,3,2
"""one of the worst flight/travel experiences""",Boeing 787,Family Leisure,Economy Class,AUH to LHR,September 2016,2,1,2,3,1,3
"""food just gets worse each trip""",A319,Family Leisure,Economy Class,LGW to AGP,September 2016,2,5,1,No rating,2,3
"""possibly cabin crew were embarrassed""",No Aircraft,Solo Leisure,Economy Class,BUD to LHR,September 2016,2,1,1,No rating,1,1
"""food tasty and staff friendly""",No Aircraft,Solo Leisure,Business Class,LHR to AMS,September 2016,4,5,4,No rating,5,4
"""cabin crew very apologetic""",Boeing 747,Family Leisure,Economy Class,LHR to SEA,August 2016,3,4,1,4,1,2
"""rude and uncaring""",No Aircraft,Solo Leisure,Economy Class,LHR to BUD,September 2016,2,1,1,No rating,1,1
"""by far the worst cabin crew""",Boeing 767,Solo Leisure,Business Class,LHR to ATH,September 2016,1,1,1,3,3,1
"""no one cares about anything""",No Aircraft,Couple Leisure,Economy Class,LGW to BIO,August 2016,3,4,3,1,2,2
"""crew very good, friendly and chatty""",Boeing 767,Business,Business Class,LHR to IST,September 2016,4,5,4,2,4,4
"""positioning as a budget airline""",No Aircraft,Solo Leisure,Economy Class,MAD to PER via SIN,August 2016,2,3,2,1,3,2
"""not worth paying for First Class""",Boeing 747-400,Couple Leisure,First Class,MIA to LHR,September 2016,1,1,1,1,1,1
"""BA on this route are a joke""",A320,Couple Leisure,Business Class,LHR to KRK,September 2016,1,2,1,No rating,1,1
"""better to find another airline""",Boeing 747,Business,Economy Class,LHR to DEN,September 2016,1,3,4,1,4,2
"""reasonable value for money""",Boeing 747-400,Solo Leisure,Economy Class,LHR to CPT,September 2016,3,4,4,2,5,4
"""more uncomfortable than many airlines""",No Aircraft,Solo Leisure,Economy Class,LHR to MIA,September 2016,2,3,3,2,2,4
"""unfair and bad business practice""",A380,Couple Leisure,Economy Class,LHR to JNB,August 2016,1,1,1,2,2,1
"""no warm food on recent flights""",No Aircraft,Solo Leisure,Economy Class,NAP to LGW,September 2016,2,3,1,No rating,2,2
"""only 4 seats available to choose from""",A320,Family Leisure,Economy Class,LHR to LCA,September 2016,3,4,1,1,3,3
"""look at alternatives next time""",A320,Couple Leisure,Business Class,DBV to LGW,September 2016,3,3,1,No rating,2,2
"""First Class is average at best""",Boeing 777,Business,First Class,ATL to LHR,August 2016,3,4,2,2,1,1
"""there are more cutbacks""",A319,Couple Leisure,Economy Class,LHR to DUB,September 2016,4,4,2,No rating,4,4
"""a bit disappointing really""",A320,Couple Leisure,Business Class,LGW to DBV,September 2016,3,5,3,No rating,3,3
"""very disappointed by gate agents""",A380-800,Solo Leisure,Business Class,LHR to HKG,September 2016,4,4,3,4,1,3
"""seat pitch on the small side""",A319,Solo Leisure,Business Class,AMS to LHR,September 2016,3,5,4,No rating,3,3
"""service does not meet standards""",No Aircraft,Couple Leisure,Economy Class,OPO to LGW,September 2016,4,3,1,1,3,4
"""gradually declined in quality""",No Aircraft,Couple Leisure,Economy Class,NAP to LGW,September 2016,1,1,1,No rating,3,1
"""crew were polite and helpful""",No Aircraft,Family Leisure,Economy Class,LGW to OPO,September 2016,4,5,2,1,4,4
"""in all a waste of money""",A320,Business,Business Class,LHR to TXL,August 2016,1,1,1,1,1,1
"""BA treats as a normal practice""",No Aircraft,Business,Business Class,LHR to SVO,September 2016,4,4,3,4,1,1
"""aircraft was very old, outdated""",No Aircraft,Couple Leisure,Economy Class,MUC to CPT via LHR,September 2016,2,4,2,3,3,3
"""cabin crew was professional""",A320,Solo Leisure,Economy Class,VIE to OPO via LGW,March 2016,4,4,4,No rating,2,3
"""cancelled due to technical issues""",E-170,Family Leisure,Economy Class,LCY to GVA,August 2016,4,3,3,2,3,2
"""comfortable and enough legroom""",A319,Family Leisure,Economy Class,LHR to MUC,July 2016,4,4,3,No rating,4,3
"""Club Europe seats are a joke""",A320,Family Leisure,Business Class,LGW to MLA,August 2016,3,5,2,No rating,5,1
"""cabin crew excellent""",Boeing 767,Family Leisure,Business Class,LHR to LCA,August 2016,1,5,5,1,3,2
"""the best thing was the crew""",Boeing 787-900,Business,Economy Class,LHR to PVG,August 2016,2,5,4,3,5,5
"""crew below average""",A380,Family Leisure,Economy Class,PRG to SIN via LHR,August 2016,3,1,1,1,1,3
"""breakfast was very tasty""",A320,Business,Economy Class,LHR to GLA,August 2016,5,5,5,No rating,4,5
"""seats are dirty and ripped""",Boeing 747-400,Family Leisure,Business Class,PHX to LHR,August 2016,1,2,2,1,2,1
"""charges for baggage are outrageous""",A320,Solo Leisure,Economy Class,LIS to LHR,August 2016,5,5,2,No rating,2,2
"""was like a no frills airline""",A320,Family Leisure,Economy Class,LGW to RAK,August 2016,4,3,2,No rating,3,3
"""service was good""",Boeing 767,Solo Leisure,Economy Class,BCN to LHR,August 2016,3,4,3,1,4,3
"""no longer lives up to expectations""",No Aircraft,Business,Economy Class,LHR to BHD,August 2016,4,2,1,No rating,3,2
"""doesn't cut the mustard any longer""",Boeing 747-400,Family Leisure,First Class,"LHR to BOS, SEA to LHR",July 2016,5,2,1,3,5,1
"""no longer competes on service""",A320,Business,Economy Class,TXL to LHR,August 2016,1,2,1,1,2,1
"""decline in the BA level of service""",A320,Solo Leisure,Economy Class,WAW to LHR,August 2016,3,4,1,1,2,2
"""aging BA B747 aircraft""",Boeing 747-400,Couple Leisure,Economy Class,MAN to JFK via LHR,August 2016,2,2,3,4,1,3
"""experience has really declined""",787,Family Leisure,Premium Economy,LHR to YYC,August 2016,5,2,3,5,1,1
"""BA has declined significantly""",A320,Family Leisure,First Class,MLA to LHR,July 2016,2,2,1,1,3,3
"""First Class is a total wate of money""",Boeing 777,Business,First Class,PHL to LHR,August 2016,4,4,1,No rating,5,1
"""every time I complain about the breakfast""",Boeing 747-400,Couple Leisure,Business Class,LHR to BOS,July 2016,5,4,3,4,5,4
"""customer services representatives were unhelpful""",No Aircraft,Couple Leisure,Business Class,NAP to LGW,August 2016,3,3,3,1,1,1
"""quick and hassle free""",A321/A319,Business,Economy Class,LHR to CDG,August 2016,4,5,2,No rating,4,4
"""choice between a mini Kitkat or a mini mars bar""",No Aircraft,Solo Leisure,Economy Class,ABV to LHR,August 2016,3,3,1,2,3,2
"""hope this experience is not repeated""",No Aircraft,Family Leisure,Economy Class,LHR to IST,August 2016,4,5,1,3,4,3
"""flight time should justify at least a sandwich""",A320,Solo Leisure,Economy Class,LHR to KRK,August 2016,3,3,2,No rating,4,5
"""bag did not arrive into Dublin""",A320,Solo Leisure,Economy Class,LHR to DUB,August 2016,3,2,2,No rating,1,2
"""friendly and professional""",A380,Business,Economy Class,LHR to YVR,August 2016,3,5,5,5,3,3
"""A380 is unconscionably crammed""",A380,Couple Leisure,Business Class,LHR to IAD,August 2016,1,3,3,4,3,3
"""no respect for economy travellers""",No Aircraft,Solo Leisure,Economy Class,LHR to YUL,August 2016,1,2,1,2,2,1
"""very friendly staff""",A321,Solo Leisure,Economy Class,ZRH to LHR,August 2016,5,5,5,No rating,5,5
"""crew were kind and unobtrusive""",Boeing 777-200,Solo Leisure,Economy Class,BOS to SXF via LHR,August 2016,3,4,3,5,4,3
"""superb service was provided""",Boeing 777-236 ER,Couple Leisure,Business Class,LGW to TPA,April 2016,5,5,5,3,3,4
"""why do they fly such wrecks?""",A319,Business,Business Class,FRA to LHR,August 2016,1,1,1,1,1,1
"""not provided the service or flight I paid for""",No Aircraft,Couple Leisure,Business Class,DUB to SFO via PHL,June 2016,1,3,3,1,4,2
"""experience with BA has been awful""",Boeing 747,Solo Leisure,Premium Economy,MEX to AMS via LHR,August 2016,3,3,3,1,1,1
"""cello seat needs to have an ESTA visa!""",No Aircraft,Solo Leisure,Economy Class,ZRH to BWI via LHR,June 2016,No rating,No rating,No rating,No rating,1,1
"""very satisfied with flight and service""",Boeing 777-300ER,Solo Leisure,Economy Class,SIN to SYD,August 2016,4,4,4,4,4,5
"""great cabin crew on both sectors""",Boeing 777,Couple Leisure,Business Class,LHR to NAS,June 2016,4,5,3,No rating,4,3
"""provided reasonable cabin service""",A380,Family Leisure,Business Class,MIA to LHR,July 2016,4,3,3,3,3,3
"""not direct but it was well worth it.""",Boeing 777,Business,Premium Economy,DOH to CDG via BAH / LHR,July 2016,4,4,4,4,4,4
"""main course was simply dreadful""",Boeing 747-400,Solo Leisure,First Class,GRU to LHR,July 2016,3,5,1,2,4,2
"""don't seem to be best at anything""",Boeing 787,Couple Leisure,Business Class,GLA to KUL via LHR,April 2016,4,5,3,3,3,3
"""overall, a reasonable flight""",A380,Family Leisure,Business Class,LHR to MIA,July 2016,5,3,4,4,3,4
"""lounge at T5 is large and busy""",A320 / Boeing 787,Business,Business Class,ATH to KUL via LHR,July 2016,4,4,4,4,4,4
"""plane was spotless""",No Aircraft,Solo Leisure,Economy Class,LCY to FLR,July 2016,3,4,3,No rating,3,4
"""aircraft hadn't been cleaned""",Boeing 767-300,Business,Economy Class,FRA to LHR,July 2016,3,3,3,No rating,4,4
"""cannot fault the airline""",A319,Couple Leisure,Economy Class,LBA to LHR,July 2016,5,5,5,4,5,5
"""service was variable""",Boeing 777-200,Business,Economy Class,BLR to LHR,July 2016,4,3,3,2,1,3
"""lack lustre flying experience""",No Aircraft,Business,Business Class,BKK to LHR,July 2016,3,3,3,1,2,2
"""they have just lost a customer""",No Aircraft,Couple Leisure,Premium Economy,MRU to LHR,July 2016,1,1,1,1,1,1
"""meal 3 sandwiches and a stodgy cake""",A321,Family Leisure,Business Class,GLA to LIS via LHR,July 2016,1,2,1,No rating,1,1
"""customer service advisor disinterested""",No Aircraft,Couple Leisure,Economy Class,EDI to PRG via LHR,July 2016,2,2,No rating,1,2,1
"""Shocking customer service""",No Aircraft,Couple Leisure,Economy Class,ABZ to SFO via LHR,July 2016,1,3,4,1,3,3
"""definitely not worth it""",Boeing 777,Couple Leisure,First Class,LHR to DFW,July 2016,3,1,2,No rating,5,2
"""a dedicated and professional crew""",Boeing 777-200,Solo Leisure,First Class,LHR to JFK,July 2016,5,5,5,5,5,5
"""no one climbing over you""",Boeing 747-400,Solo Leisure,Business Class,JFK to LHR,July 2016,5,5,4,5,5,5
"""not BA's finest hour""",No Aircraft,Solo Leisure,Business Class,BSL to LHR,July 2016,1,3,1,No rating,1,1
"""recent experiences have been good""",Boeing 787,Couple Leisure,Business Class,LHR to YYC,July 2016,4,5,3,5,4,3
"""never set foot in another BA flight""",Boeing 777,Business,First Class,LHR to BOS,July 2016,4,4,4,3,1,2
"""a matter-of-fact efficient trip""",No Aircraft,Business,Business Class,LHR to ZRH,July 2016,3,4,3,No rating,4,4
"""no longer worth any extra cost""",A320,Business,Business Class,LHR to GVA,July 2016,1,2,1,No rating,1,1
"""not value for money""",Boeing 777-200,Couple Leisure,Business Class,AMS to BKK via LHR,July 2016,3,2,1,3,1,1
"""extremely disappointed""",No Aircraft,Solo Leisure,Economy Class,MXP to MEX via LHR,July 2016,3,3,3,2,1,1
"""new club seating, no better than economy""",No Aircraft,Solo Leisure,Business Class,LHR to BUD,June 2016,1,3,1,No rating,1,1
"""not worth it on every level""",A320,Solo Leisure,Business Class,GVA to LHR,July 2016,1,4,2,No rating,3,1
"""standards have dropped dramatically""",Boeing 747-400,Business,Economy Class,LHR to JFK,July 2016,1,1,1,1,1,1
"""stop charging people extras""",Boeing 777 and Boeing 787,Solo Leisure,Business Class,LHR to BKK via KUL,June 2016,5,5,3,5,5,1
"""Business class beware""",Boeing 787,Business,Business Class,KUL to LHR,July 2016,5,5,5,5,5,1
"""business configuration is far from personal""",A380,Business,Business Class,JNB to LHR,March 2016,1,1,2,2,1,1
"""generous with the amount of food""",No Aircraft,Solo Leisure,Economy Class,YYZ to EBB via LHR,August 2015,4,5,5,5,4,3
"""appalling service received""",No Aircraft,Solo Leisure,Economy Class,AMS to LGW,October 2015,2,1,No rating,No rating,1,1
"""lost my business forever""",No Aircraft,Business,Premium Economy,KUL to LHR,July 2016,1,1,1,1,1,1
"""all in all not bad""",A320,Business,Business Class,ZRH to LHR,June 2016,1,5,1,1,2,3
"""perhaps BA are finally listening""",Boeing 777,Couple Leisure,First Class,LGW to UVF,June 2016,4,5,4,5,4,4
"""didn't really pay attention""",No Aircraft,Solo Leisure,Economy Class,LCY to TXL,June 2016,3,4,4,1,1,1
"""let us sit inside for 3 hours""",Boeing 747,Business,Economy Class,BWI to AMS via LHR,June 2016,4,2,1,No rating,1,1
"""well worth the money paid""",No Aircraft,Couple Leisure,Economy Class,MAN to JNB via LHR,April 2016,4,5,5,5,2,4
"""reasonable inflight service""",A320,Couple Leisure,Business Class,LGW to SVQ,June 2016,3,5,4,No rating,3,3
"""crew were superb and professional""",A380,Couple Leisure,Business Class,LHR to YVR,June 2016,4,5,4,4,3,4
"""not fly British Airways again""",No Aircraft,Solo Leisure,Premium Economy,LHR to ATL,June 2016,3,3,No rating,1,1,2
"""absolutely terrible service""",No Aircraft,Solo Leisure,Economy Class,MRS to LHR,June 2016,3,1,1,1,1,1
"""seats very narrow and close together""",A380,Couple Leisure,Economy Class,LAX to FCO via LHR,June 2016,1,2,2,4,2,1
"""could not check our luggage through""",A380 and Boeing 767,Couple Leisure,First Class,JNB to EDI via LHR,June 2016,4,5,4,3,1,1
"""British Airways is the worst""",Boeing 777,Solo Leisure,Economy Class,LHR to BKK,June 2016,4,1,4,3,2,3
"""seat was really comfortable""",Boeing 787,Couple Leisure,Premium Economy,LHR to EWR,June 2016,5,5,5,5,5,5
"""overall a pleasant flight""",A319,Couple Leisure,Economy Class,LGW to OPO,June 2016,4,4,3,No rating,5,4
"""handled a difficult situation professionally""",No Aircraft,Family Leisure,Economy Class,NCL to LAS via LHR,June 2016,2,5,4,3,4,4
"""passing off economy seats as business""",Boeing 767,Couple Leisure,Business Class,ATH to LHR,June 2016,1,4,2,No rating,1,2
"""service is simply terrible""",No Aircraft,Couple Leisure,Premium Economy,NAS to LHR,May 2016,2,1,1,2,3,1
"""customer service the worst going""",No Aircraft,Family Leisure,Economy Class,AGP to LGW,June 2016,2,2,2,No rating,3,3
"""staff friendly but professional""",Boeing 777-200ER,Solo Leisure,Economy Class,JFK to LGW,June 2016,5,5,5,5,5,5
"""not an uncommon occurrence""",No Aircraft,Family Leisure,First Class,LHR to MCI via ORD,June 2016,4,4,2,2,1,1
"""flight was late and chaotic""",A320,Couple Leisure,Economy Class,LGW to FAO,May 2016,1,1,1,No rating,1,3
"""book with anyone but BA""",A320,Business,Business Class,LHR to ATH,June 2016,No rating,No rating,No rating,No rating,1,1
"""there is no other choice""",A320/A319,Business,Economy Class,LHR to EDI,June 2016,4,3,1,No rating,3,3
"""did not have a good experience""",No Aircraft,Couple Leisure,Economy Class,LAS to LHR,June 2016,1,1,4,2,2,3
"""good selection of food and drinks""",A320,Couple Leisure,Business Class,LHR to DUB,April 2016,5,5,5,No rating,5,5
"""cabin crew were excellent""",Boeing 777,Solo Leisure,Business Class,BGI to LGW,May 2016,4,5,4,4,5,4
"""staff are extremely unhelpful""",Boeing 747,Couple Leisure,Economy Class,LHR to MIA,June 2016,1,1,1,1,1,1
"""every flight had huge problems""",No Aircraft,Couple Leisure,Premium Economy,LHR to SAN,June 2016,1,2,No rating,3,2,2
"""really does downgrade the experience""",Boeing 777-200,Solo Leisure,First Class,PHL to LHR,June 2016,5,2,1,3,4,1
"""attention to detail is lacking""",A380,Solo Leisure,Premium Economy,LHR to SIN,June 2016,4,3,2,4,4,3
"""food was just appalling""",Boeing 777-200,Couple Leisure,Business Class,LHR to BOS,June 2016,4,5,1,4,5,4
"""poorest seating arrangement""",Boeing 777,Couple Leisure,Business Class,SIN to SYD,May 2016,3,2,3,3,5,3
"""crew friendly and efficient""",A320,Couple Leisure,Business Class,LGW to PFO,June 2016,4,5,5,No rating,5,5
"""service was fine but underwhelming""","A320, A380",Solo Leisure,First Class,BCN to SFO via LHR,June 2016,5,4,3,5,1,3
"""excellent cabin crew""",Boeing 777,Couple Leisure,Business Class,UVF to LGW,June 2016,3,5,4,2,4,3
"""further delay was likely""",Boeing 777,Couple Leisure,Premium Economy,LGW to UVF,May 2016,4,3,3,2,1,3
"""a mediocre service""",A319,Business,Economy Class,LHR to STR,June 2016,1,3,2,No rating,4,3
"""good fare from their sale""",A320 / Boeing 777,Solo Leisure,First Class,MAN to PHL via LHR,June 2016,5,5,4,4,5,5
"""slowed down the process""",A320,Couple Leisure,Economy Class,LHR to OTP,April 2016,3,3,3,No rating,2,3
"""does what you would expect""",Boeing 747-400,Couple Leisure,First Class,JFK to LHR,June 2016,3,4,4,3,1,3
"""flight had been over booked""",No Aircraft,Couple Leisure,Economy Class,LGW to EDI,May 2016,2,2,1,No rating,1,2
"""have let their standards slip""",Boeing 747-400,Family Leisure,Economy Class,LHR to MIA,May 2016,2,2,2,1,2,3
"""little advantage using BA on this route""",No Aircraft,Couple Leisure,Business Class,LGW to LIM,May 2016,4,3,3,3,3,3
"""attendants were very polite""",Boeing 747,Solo Leisure,Economy Class,JFK to LHR,May 2016,5,5,1,5,5,4
"""not better service than EasyJet""",No Aircraft,Solo Leisure,Economy Class,GVA to INV via LHR,May 2016,3,4,1,No rating,1,2
"""very disappointing experience""",No Aircraft,Couple Leisure,Economy Class,DXB to LHR,May 2016,4,2,1,1,3,2
"""BA falls down on presentation""",Boeing 747-400,Solo Leisure,Economy Class,LHR to DXB,May 2016,3,4,4,3,4,4
"""seat was very comfortable""",A380,Solo Leisure,Premium Economy,LHR to SFO,May 2016,5,4,4,5,3,5
"""overall a negative experience""",Boeing 777-200,Couple Leisure,Economy Class,LGW to PUJ,May 2016,3,5,4,1,1,3
"""a thoroughly pleasant flight""",Boeing 777,Couple Leisure,Economy Class,LGW to BDA,May 2016,4,4,4,4,4,4
"""nice crew and good food""",Boeing 787,Solo Leisure,Business Class,LHR to YYZ,March 2016,5,5,5,5,5,4
"""wish I'd never upgraded""",No Aircraft,Business,Business Class,WAW to LHR,May 2016,3,3,2,2,1,1
"""no systems in place to cope""",No Aircraft,Couple Leisure,Economy Class,MXP to LHR,May 2016,4,5,3,No rating,1,3
"""just about adequate""",Boeing 777-300,Solo Leisure,Economy Class,BKK to LHR,May 2016,3,4,4,2,3,4
"""boarding was painfully slow""",No Aircraft,Couple Leisure,Economy Class,IBZ to LGW,May 2016,2,3,No rating,No rating,1,2
"""one of my favourite airlines""",A320,Family Leisure,Business Class,LHR to CDG,May 2016,4,5,4,No rating,2,3
"""exception is British Airways""",A380,Business,Business Class,SFO to LHR,May 2016,4,3,3,4,4,2
"""unexpectedly served breakfast""",Saab 2000,Solo Leisure,Economy Class,LCY to IOM,May 2016,5,5,5,No rating,5,5
"""crew professional and friendly""",A321 / Boeing 747-400,Couple Leisure,Economy Class,AMS to GRU via LHR,May 2016,4,4,4,2,4,5
"""outrageous red tape""",No Aircraft,Business,Economy Class,LCY to GLA,May 2016,1,1,No rating,No rating,1,1
"""poor customer service""",No Aircraft,Couple Leisure,Economy Class,LHR to BOM,March 2016,4,3,No rating,No rating,1,3
"""rude and obnoxious""",No Aircraft,Couple Leisure,Economy Class,LGW to UVF,May 2016,1,1,2,4,1,1
"""treated incredibly well""",No Aircraft,Couple Leisure,Economy Class,LHR to MIA,May 2016,5,5,5,5,4,5
"""service in a very discreet way""",Boeing 747-400,Couple Leisure,Economy Class,JFK to LHR,May 2016,4,4,3,2,5,3
"""let down by inferior product""",Boeing 747-400,Couple Leisure,Business Class,LHR to JFK,May 2016,4,4,3,2,4,3
"""boarding worked well""",A320,Couple Leisure,Economy Class,LGW to DBV,April 2016,4,4,3,No rating,4,4
"""no different than a budget airline""",A320,Couple Leisure,Economy Class,LHR to WAW,May 2016,2,4,3,No rating,3,2
"""Club World configuration is odd """,Boeing 777,Couple Leisure,Business Class,BGI to LGW,May 2016,4,4,4,2,4,4
"""cabin crew were faultless""",Boeing 777,Couple Leisure,Business Class,LGW to BGI,May 2016,4,5,4,3,4,4
"""food is minimal""",A320,Solo Leisure,Economy Class,MXP to LHR,May 2016,2,2,2,No rating,3,3
"""erosion of quality and services""",A320,Couple Leisure,Business Class,LHR to BCN,May 2016,1,3,1,No rating,3,1
"""journey was very cramped""",No Aircraft,Solo Leisure,Economy Class,LGW to CTA,May 2016,2,1,1,1,3,2
"""I would fly BA again""",Boeing 777,Family Leisure,Economy Class,LGW to MCO,May 2016,4,3,4,3,5,4
"""probably the worst food experienced""",Boeing 777-200,Family Leisure,Premium Economy,BKK to LHR,May 2016,3,4,1,1,4,2
"""cabin crew friendly""",Boeing 777,Solo Leisure,Economy Class,PVG to LHR,May 2016,4,5,4,3,4,5
"""not be flying BA again""",No Aircraft,Couple Leisure,Economy Class,LHR to EWR,May 2016,1,1,No rating,No rating,1,1
"""Total rip off BA""",No Aircraft,Couple Leisure,Business Class,LGW to FNC,May 2016,1,4,3,No rating,1,1
"""not a bad flight""",Boeing 747-400,Solo Leisure,Premium Economy,LHR to DEN,May 2016,4,4,3,2,4,4
"""going downhill BA""",A319,Solo Leisure,Premium Economy,LHR to BSL,May 2016,2,3,1,No rating,3,3
"""journey was chaotic and stressful""",No Aircraft,Couple Leisure,Economy Class,LYS to LHR,May 2016,3,2,1,1,2,1
"""operated by American Airlines""",A320 / Boeing 777,Solo Leisure,Economy Class,PSA to ORD via LHR,May 2016,2,2,2,1,4,3
"""not very accommodating""",No Aircraft,Solo Leisure,Premium Economy,NAS to CDG via LHR,May 2016,2,5,4,4,2,2
"""seats badly need up-dating""",Boeing 787,Business,Business Class,LHR to Seoul,May 2016,1,4,3,4,4,3
"""economy seats sold as business""",A320,Couple Leisure,Business Class,LHR to JTR,May 2016,1,3,3,No rating,1,1
"""I will no longer fly with BA""",No Aircraft,Couple Leisure,Economy Class,TXL to PHL via LHR,December 2015,2,3,1,2,2,3
"""unimpressed with British Airways""",No Aircraft,Solo Leisure,Economy Class,DUB to LHR,May 2016,3,2,3,No rating,1,1
"""Avianca not part of oneworld""",No Aircraft,Solo Leisure,Economy Class,CDG to LHR,April 2016,4,3,3,No rating,1,4
"""cabin crew service was lacklustre""",Boeing 787,Solo Leisure,Economy Class,KUL to LHR,May 2016,1,1,1,2,3,2
"""avoid business long haul""",No Aircraft,Couple Leisure,Business Class,LHR to NCE,May 2016,3,3,3,No rating,2,3
"""bumped off this BA flight""",A320,Solo Leisure,Economy Class,LGW to AMS,November 2015,3,3,No rating,No rating,1,3
"""reminded me of the old BA""",Boeing 777-200,Couple Leisure,First Class,YYZ to LHR,March 2016,3,4,5,4,5,5
"""BA has gone downhill""",No Aircraft,Solo Leisure,Economy Class,ACC to LHR,April 2016,2,4,1,2,4,4
"""delay outbound and back""",Boeing 747-400,Couple Leisure,Economy Class,LHR to MIA,April 2016,3,2,3,3,2,4
"""business class is a joke""",A319,Business,Business Class,OSL to LHR,April 2016,1,2,1,1,1,1
"""better than I've had for a while""",A319 / A320,Business,Business Class,LGW to IBZ,April 2016,4,4,5,No rating,4,3
"""a big improvement""",No Aircraft,Family Leisure,Business Class,ORD to LHR,April 2016,4,5,3,3,5,4
"""good job in economy""",Boeing 747-400,Business,Economy Class,DXB to LHR,April 2016,3,3,3,3,3,4
"""very pleasantly surprised""",Boeing 777-200,Solo Leisure,Economy Class,LHR to SFO,April 2016,3,4,4,3,4,4
"""flight was excellent""",Boeing 747-400 / A320,Family Leisure,Business Class,ORD to AMS via LHR,April 2016,5,5,5,5,4,5
"""I have not been impressed""",No Aircraft,Family Leisure,Economy Class,FCO to LHR,April 2016,4,3,2,No rating,1,3
"""was the worst flight""",No Aircraft,Solo Leisure,Economy Class,EDI to YYZ via LHR,April 2016,3,4,1,3,1,4
"""days of glory are long gone""",Boeing 747,Family Leisure,Economy Class,MAN to DXB via LHR,April 2016,1,2,1,1,2,2
"""cares nothing for its passengers""",No Aircraft,Business,Business Class,LHR to PHL,April 2016,4,4,2,No rating,1,1
"""change in attitude from staff""",Boeing 787,Couple Leisure,Premium Economy,LHR to YYC,March 2016,5,4,5,4,5,4
"""style and attention to detail""",Boeing 747,Couple Leisure,First Class,LHR to YYZ,April 2016,4,5,5,3,5,5
"""most exhausting trip""",A380,Business,Economy Class,AMS to HKG via LHR,April 2016,1,2,1,3,3,2
"""experience was fantastic""",A380,Solo Leisure,First Class,LHR to HKG,March 2016,5,5,5,5,5,4
"""FAs were brilliant""",Boeing 747-400,Couple Leisure,Business Class,LHR to GRU,April 2016,4,5,5,3,4,4
"""very quick and efficient""",Boeing 777,Business,Economy Class,LHR to NBO,April 2016,3,2,2,2,2,2
"""food was average""",Boeing 777,Business,Premium Economy,NBO to LHR,April 2016,3,2,2,3,3,2
"""a very uncomfortable flight""",No Aircraft,Couple Leisure,Economy Class,YVR to BCN via LHR,April 2016,1,3,1,1,3,2
"""would avoid again""",Boeing 777-200,Business,First Class,DOH to LHR via BAH,April 2016,5,2,2,4,1,2
"""better alternatives out there""",A380,Business,Business Class,LHR to JNB,February 2016,3,4,2,4,2,3
"""deeply distressing flight """,No Aircraft,Solo Leisure,Economy Class,LHR to CPT via JNB,April 2016,2,3,1,2,1,2
"""customer service non existent""",A320 / A380,Family Leisure,Economy Class,MAN to LAX via LHR,April 2016,1,3,1,3,2,1
"""worse than Ryanair or EasyJet""",No Aircraft,Couple Leisure,Economy Class,GIB to LHR,January 2016,1,1,2,No rating,1,1
"""very pleased with the experience""",Boeing 747,Couple Leisure,Economy Class,LHR to JFK,April 2016,3,5,5,4,5,3
"""journeys were uneventful""",Boeing 777 and Boeing 787,Solo Leisure,Business Class,LHR to IAH,April 2016,4,5,4,4,4,5
"""the service is good""",Boeing 777,Solo Leisure,Business Class,LHR to PEK,February 2016,4,4,4,3,3,4
"""food was above average""",Boeing 747,Solo Leisure,Economy Class,YVR to CDG via LHR,April 2016,2,5,5,2,5,5
"""happy that it was on time""",No Aircraft,Solo Leisure,Economy Class,LHR to CDG,March 2016,3,4,3,No rating,3,5
"""the flight was satisfactory""",A380,Solo Leisure,Premium Economy,HKG to LHR,March 2016,4,4,3,3,3,5
"""service and food were very good""",A380-800,Couple Leisure,Business Class,SFO to LHR,March 2016,5,5,5,5,5,5
"""treat myself to premium economy""",Boeing 747-400,Solo Leisure,Premium Economy,PEK to LHR,May 2015,5,5,4,2,4,5
"""A380 for the first time""",A380,Couple Leisure,Premium Economy,LHR to LAX,March 2016,5,5,4,5,4,4
"""better than easyjet or Ryanair""",A320,Family Leisure,Economy Class,LHR to ATH,April 2016,4,4,4,3,3,4
"""made me check in the trolley """,Boeing 747,Business,Business Class,RUH to DUS via LHR,April 2016,4,4,3,No rating,1,3
"""used to be better than this""",A320,Solo Leisure,Business Class,AMS to LGW,April 2016,1,3,1,No rating,2,2
"""pre-allocated me a middle seat""",A319,Solo Leisure,Economy Class,LGW to AMS,April 2016,3,1,1,No rating,1,3
"""not what you call a happy customer""",No Aircraft,Solo Leisure,Economy Class,MRS to YUL via LHR,April 2016,3,4,4,3,3,5
"""hit and miss at times""",Boeing 767-300,Family Leisure,Business Class,LHR to LCA,April 2016,3,4,5,1,2,3
"""BA got us all home""",SAAB 2000,Couple Leisure,Economy Class,LCY to IOM,April 2016,4,5,5,No rating,4,4
"""not up to BA standards""",Boeing 737,Solo Leisure,Economy Class,CPH to LHR,April 2016,3,1,1,No rating,5,4
"""felt a bit like catching a bus""",E-170,Business,Economy Class,LCY to RTM,March 2016,4,5,4,No rating,4,4
"""seat selection costs extra""",Boeing 787 / A320,Couple Leisure,Business Class,YYZ to TXL via LHR,March 2016,5,5,5,5,5,4
"""absolutely no complaints""",Boeing 777,Couple Leisure,Business Class,TLV to LHR,March 2016,5,5,5,5,5,5
"""same seat as economy class""",A319,Couple Leisure,Business Class,LGW to FCO,March 2016,3,5,3,No rating,3,2
"""absurd cost-cutting measure""",A380 / Boeing 747-400,Business,Business Class,IAD to DXB via LHR,March 2016,3,4,3,3,4,3
"""aircraft was very old and dated""",Boeing 747-400,Solo Leisure,Economy Class,MIA to MAN via LHR,March 2016,3,2,1,1,4,1
"""approaching a national tragedy""",A321,Couple Leisure,Business Class,LHR to PSA,March 2016,1,4,3,No rating,3,1
"""worst flight for some time""",Boeing 777,Couple Leisure,Premium Economy,UVF to LGW,March 2016,2,1,1,1,2,1
"""less comfortable than older style""",A320,Family Leisure,Economy Class,SVQ to LGW,March 2016,3,5,3,No rating,2,4
"""will fly again with BA""",No Aircraft,Family Leisure,Economy Class,OSL to LHR,March 2016,4,4,3,No rating,4,4
"""better than most shorthaul""",A319,Family Leisure,Economy Class,LGW to SVQ,March 2016,3,4,3,No rating,4,4
"""seat let down very good flight""",Boeing 787,Solo Leisure,Economy Class,BCN to SEL via LHR,March 2016,3,4,4,4,4,5
"""same leg room as in Economy""",No Aircraft,Couple Leisure,Business Class,IST to LHR,March 2016,1,3,3,No rating,4,2
"""friendly and efficient service""",Boeing 777-200,Couple Leisure,Economy Class,LHR to IAH,March 2016,3,5,4,4,4,4
"""BA.com been truly appalling""",Boeing 747-400,Couple Leisure,First Class,LHR to DEN,March 2016,3,4,3,3,4,2
"""overall experience was pleasant""",Boeing 747-400 /A380,Solo Leisure,Economy Class,SEA to JNB via LHR,March 2016,3,4,4,2,4,4
"""food served has declined""",Boeing 787,Solo Leisure,Economy Class,AUH to LHR,March 2016,2,5,1,4,4,4
"""the most uncomfortable flight""",A320,Solo Leisure,Business Class,LGW to AMS,March 2016,2,2,2,No rating,3,2
"""terrific in-flight service""",Boeing 747-400,Solo Leisure,First Class,ORD to LHR,March 2016,5,5,5,5,5,5
"""a drinks and meal service""",A320,Solo Leisure,Business Class,LHR to AMS,March 2016,5,5,5,No rating,5,5
"""degraded its economy product""",Boeing 777,Couple Leisure,Economy Class,PHL to LHR,March 2016,1,5,1,3,3,1
"""prefer the 767 on this route""",A320 / Boeing 767,Business,Economy Class,LHR to EDI,March 2016,4,4,2,No rating,4,4
"""degraded its economy product""",Boeing 777,Couple Leisure,Economy Class,PHL to LHR,March 2016,1,5,1,3,3,1
"""seat was truly dreadful""",Boeing 777-300,Solo Leisure,Premium Economy,SIN to LHR,January 2016,1,2,1,1,2,1
"""in my case worth the money""",Boeing 777,Couple Leisure,Premium Economy,LHR to NBO,March 2016,3,5,4,3,5,4
"""seats feel very cramped""","A320, A380",Solo Leisure,Economy Class,ATH to LAX via LHR,January 2016,2,4,4,5,4,3
"""staff are very professional""",No Aircraft,Solo Leisure,Business Class,LHR to PRG,February 2016,4,5,5,No rating,5,5
"""lunch was one of the best""",A320,Solo Leisure,Business Class,TRN to LGW,February 2016,4,5,5,No rating,4,5
"""turf you into cattle class""",No Aircraft,Couple Leisure,Economy Class,AUS to LHR,March 2016,1,1,1,1,2,2
"""staff energetic and motivated""","A320, Boeing 777",Couple Leisure,Economy Class,HEL to BOM via LHR,March 2016,5,5,5,5,5,5
"""crew polite but not friendly""",Boeing 777,Couple Leisure,Premium Economy,PUJ to LGW,March 2016,2,3,3,2,4,3
"""seats are very uncomfortable""",A321,Business,Economy Class,LHR to SVO,March 2016,1,2,1,3,5,2
"""rather typical BA attitude""",A320,Solo Leisure,Economy Class,LHR to ZRH,March 2016,4,3,3,No rating,3,4
"""friendly and attentive crew""",A321,Solo Leisure,Business Class,ZRH to LHR,February 2016,4,4,3,No rating,4,3
"""terrible customer service""",No Aircraft,Business,Economy Class,AMS to LHR,March 2016,No rating,No rating,No rating,No rating,1,1
"""not overly happy with experience""",A380,Couple Leisure,Premium Economy,MIA to LHR,November 2015,1,4,3,4,4,2
"""what a mistake""",Boeing 777,Business,Premium Economy,HKG to LHR,March 2016,3,3,3,3,1,1
"""polite and professional""",A319,Solo Leisure,Economy Class,LHR to EDI,March 2016,5,5,3,No rating,5,3
"""never to be repeated by us""",Boeing 777,Couple Leisure,Business Class,SYD to LHR via SIN,February 2016,1,2,No rating,3,2,1
"""Premium Economy recommended""",A380,Couple Leisure,Premium Economy,EDI to SFO via LHR,September 2015,5,4,5,5,4,5
"""IFE about 10 years out of date""",No Aircraft,Couple Leisure,Economy Class,LGW to PUJ,March 2016,1,2,4,2,4,3
"""cabin was comfortable""",Boeing 777,Couple Leisure,First Class,LHR to SIN,March 2016,5,4,3,5,3,5
"""lounge closed for some time""",No Aircraft,Business,Business Class,LGW to RAK,February 2016,2,4,4,No rating,1,1
"""not sure I'd pay for Premium Economy""",Boeing 777,Couple Leisure,Premium Economy,LHR to GIG,February 2016,4,4,3,4,4,3
"""end-to-end experience poor""",Boeing 747-400 / A380,Business,First Class,LHR to ORD,February 2016,1,1,1,1,1,1
"""product can be so variable""",Boeing 767,Solo Leisure,Economy Class,LHR to ATH,March 2016,4,5,4,4,5,5
"""a good experience flying BA""",Boeing 747-400,Business,Economy Class,CPH to ACC via LHR,February 2016,4,4,4,4,3,5
"""seat space same as economy""",A320,Solo Leisure,Business Class,LHR to MUC,February 2016,2,5,5,No rating,5,5
"""you're flying cattle class""",A320,Solo Leisure,Economy Class,ARN to LHR,September 2015,1,2,2,No rating,3,3
"""food offered was pretty basic""",A320,Business,Business Class,LHR to HEL,March 2016,3,4,2,No rating,4,2
"""excessive hand baggage""",Boeing 777-200,Couple Leisure,Economy Class,EDI to PHL via LHR,February 2016,4,5,4,4,4,4
"""Friendly staff""",A320,Solo Leisure,Economy Class,VCE to LGW,March 2016,4,5,5,No rating,4,5
"""seat was comfortable""",Boeing 787,Business,Business Class,LHR to MAA,February 2016,5,5,4,4,4,4
"""decided to upgrade""",Boeing 777-200,Solo Leisure,Business Class,JFK to LHR,March 2016,4,5,4,4,5,4
"""seat pitch only 31 inches""",Boeing 777-300ER,Solo Leisure,Economy Class,LHR to JFK,February 2016,4,4,3,4,4,4
"""on board service okay""","A320, Boeing 767-300",Business,Economy Class,LHR - EDI to LHR,March 2016,4,4,3,No rating,4,3
"""seats were uncomfortable""",Boeing 777,Solo Leisure,Economy Class,JFK to LHR,March 2016,2,5,2,2,3,3
"""cabin looks a bit shabby""",Boeing 747-400,Couple Leisure,Economy Class,ACC to ZRH via LHR,February 2016,3,5,4,4,4,5
"""do what they say they will do""",A320,Solo Leisure,Economy Class,OUL to LHR via HEL,February 2016,5,5,3,No rating,4,4
"""they have lost my business""",A319,Business,Business Class,LHR to AMS,February 2016,1,2,1,No rating,3,1
"""shocking lack of legroom""",A320,Solo Leisure,Business Class,OTP to LHR,February 2016,1,4,1,1,4,2
"""flight was amazing""",A380,Business,Economy Class,IAD to LHR,February 2016,5,5,3,3,1,4
"""no entertainment""",Boeing 747,Couple Leisure,Premium Economy,LHR to CPT,February 2016,3,2,2,1,4,1
"""BA has become so complacent""",Boeing 777,Couple Leisure,First Class,MAN to GIG via LHR,January 2016,1,1,3,2,1,2
"""customer service is abysmal""",No Aircraft,Family Leisure,Premium Economy,Amsterdam to Orlando,August 2015,No rating,No rating,No rating,No rating,1,1
"""Service top notch ""","Boeing 777, A320, A380",Couple Leisure,Business Class,LAX to AMS via LHR,February 2016,4,5,3,4,5,5
"""staff friendly and efficient""",Boeing 777,Couple Leisure,Economy Class,LGW to PUJ,January 2016,4,5,3,2,2,5
"""dingy and tired looking""",Boeing 777,Solo Leisure,Premium Economy,LGW to CUN,February 2016,4,1,3,3,3,3
"""like sleeping on a park bench""",Boeing 787-9,Couple Leisure,First Class,KUL to LHR,February 2016,1,4,3,3,4,1
"""paid extra for exit row seats""",Boeing 767,Couple Leisure,Economy Class,LHR to ATH,February 2016,5,5,5,No rating,5,5
"""flight just about adequate""",Boeing 747,Family Leisure,Economy Class,LHR to YVR,February 2016,1,1,1,1,2,1
"""unlikely I will fly BA again""",Boeing 787 / 777,Business,Business Class,SEA to TLV via LHR,February 2016,3,3,2,2,2,2
"""crew were welcoming""",A320,Couple Leisure,Business Class,LGW to NAP,February 2016,2,5,4,No rating,2,3
"""service was satisfactory""",A319,Solo Leisure,Economy Class,LHR to DUB,February 2016,5,3,3,No rating,3,4
"""never travel with BA again""",Boeing 777,Solo Leisure,Business Class,LHR to YYZ,February 2016,No rating,No rating,No rating,No rating,3,1
"""no storage around the seat""",Boeing 777,Solo Leisure,Business Class,YYZ to LHR,February 2016,2,2,2,No rating,4,1
"""adequate leg room""",A320,Couple Leisure,Economy Class,LGW to RAK,February 2016,3,4,2,No rating,4,4
"""not responsible for luggage""",Boeing 747,Family Leisure,Economy Class,YVR to LIS via LHR,January 2016,3,3,1,2,1,1
"""efficient check in""",A320,Solo Leisure,Business Class,LGW to GVA,January 2016,5,5,4,No rating,2,5
"""food was outstanding""",A380,Couple Leisure,First Class,LHR to MIa,December 2015,5,5,5,4,4,4
"""seating configuration is odd""",Boeing 747 400,Family Leisure,Business Class,EDI to LAS via LHR,February 2016,4,5,5,3,3,4
"""being second rate""",Boeing 777,Family Leisure,Business Class,LHR to DXB,February 2016,3,3,3,2,2,3
"""clean new leather seats""",A320,Solo Leisure,Economy Class,MXP to LHR,December 2015,4,4,4,No rating,3,4
"""crew were upbeat and attentive""",A320,Solo Leisure,Economy Class,BCN to LHR,January 2016,3,5,4,No rating,4,3
"""definitely fly them again""",Boeing 747-400,Business,Business Class,LHR to BOM,February 2016,4,5,4,3,4,5
"""good food and drink""",Boeing 777,Solo Leisure,First Class,ATL to LHR,November 2015,5,5,5,5,4,4
"""cost-cutting being evident""",Boeing 777-200,Business,Business Class,DOH to LHR via BAH,December 2015,4,4,4,3,3,4
"""incompetent staff at check in""",No Aircraft,Family Leisure,Economy Class,ZRH to LCY,February 2016,3,3,2,1,1,1
"""in need of urgent update""",Boeing 747-400,Business,Business Class,LHR to GRU,January 2016,3,4,2,2,4,3
"""good hand baggage only deal""",A320,Solo Leisure,Economy Class,KBP to LHR,February 2016,4,4,5,No rating,1,5
"""first and last time""",Boeing 747-400,Family Leisure,Economy Class,YVR to LHR,February 2016,2,1,2,3,3,2
"""very nice welcome""",A320,Couple Leisure,Economy Class,GLA to LHR,January 2016,4,5,5,No rating,5,5
"""service was excellent""","A380, Boeing 747 and Boeing 777",Solo Leisure,Economy Class,JNB to JFK via LHR,January 2016,4,5,4,3,5,4
"""not a first class experience""",Boeing 777-200,Couple Leisure,First Class,GIG to LHR,February 2016,3,4,3,4,3,3
"""shockingly poor""",No Aircraft,Couple Leisure,Premium Economy,LHR to YYC,February 2016,1,1,No rating,No rating,1,1
"""not overwhelming First Class""",A380,Couple Leisure,First Class,LHR to SIN,January 2016,3,4,4,3,3,3
"""crew were fine but nothing special""","A320, A380, Boeing 777-300",Couple Leisure,Economy Class,WAW to HKG via LHR,January 2016,3,3,4,4,4,4
British Airways customer review,Boeing 777,Business,First Class,LHR to EWR,January 2016,5,5,5,5,4,4
"""very little seat privacy""",A318,Solo Leisure,Business Class,LCY to JFK,October 2015,3,5,1,2,5,5
"""staff were loud and abrupt""",Boeing 777-200,Solo Leisure,Economy Class,LHR to BOS,January 2016,2,2,1,2,1,2
"""another dreadful experience""",No Aircraft,Solo Leisure,Economy Class,YVR to NBO via LHR,December 2015,2,2,2,2,1,3
"""extremely moody check in""",No Aircraft,Couple Leisure,Economy Class,EDI to LGW,January 2016,4,4,4,No rating,1,4
"""an excellent service""",Boeing 777,Couple Leisure,Business Class,LHR to GIG,January 2016,4,5,4,3,4,4
"""last time with BA ever""",Boeing 777,Couple Leisure,Business Class,LGW to MLE,January 2016,1,1,1,1,1,1
"""great at helping us""",No Aircraft,Family Leisure,Economy Class,GLA to CDG via LHR,January 2016,4,5,4,No rating,4,4
"""think twice about booking""",No Aircraft,Couple Leisure,Economy Class,LHR to CPT,January 2016,3,3,2,2,5,2
"""zero customer service skills""",A380,Couple Leisure,Business Class,JNB to LHR,January 2016,3,2,2,2,1,1
"""very pleasant flights""",Boeing 747-400,Couple Leisure,Economy Class,GLA to JFK via LHR,December 2015,4,5,5,5,4,5
"""best sets of flights""",Boeing 747-400,Solo Leisure,Premium Economy,KWI to EDI via LHR,December 2015,5,5,5,5,5,5
"""extra fare not justified""",Boeing 747-400,Solo Leisure,Premium Economy,YVR to LHR,January 2016,3,3,1,1,4,2
"""my bags haven't arrived""",A380,Solo Leisure,Premium Economy,LHR to SFO via EDI,January 2016,1,1,No rating,No rating,1,1
"""nice cabin attendants""",Embraer 190,Solo Leisure,Economy Class,FRA to LCY,October 2015,5,5,4,No rating,2,3
"""check in was efficient""",A320,Solo Leisure,Economy Class,LGW to SZG,September 2015,4,4,3,No rating,3,4
"""the lack of service""",A380,Family Leisure,Premium Economy,MIA to MAN via LHR,January 2016,2,1,1,1,1,1
"""won't be using BA again""",Boeing 777,Couple Leisure,Economy Class,BKK to LHR,December 2015,2,2,1,1,3,2
"""good value for money""",A380,Solo Leisure,Economy Class,HKG to LHR,September 2015,4,5,3,3,4,4
"""needs to up its game""",No Aircraft,Business,Economy Class,LBA to LHR,January 2016,1,5,3,No rating,5,3
"""old but comfortable Boeing 767""",Boeing 767,Solo Leisure,Economy Class,AMS to LHR,January 2016,4,4,4,No rating,5,4
"""champagne almost as warm as cup of tea""",Boeing 777-300ER,Solo Leisure,First Class,HKG to LHR,December 2015,5,4,2,No rating,3,2
"""time to upgrade the cabin""",Boeing 747,Solo Leisure,Business Class,CPT to LHR,February 2015,4,3,4,4,4,4
"""they really do not care""",No Aircraft,Family Leisure,Economy Class,MCO to LHR via MIA,January 2016,4,3,2,3,1,1
"""would fly them again""",A380,Solo Leisure,Economy Class,LHR to SFO,January 2016,4,5,5,5,4,4
"""where have standards gone?""",No Aircraft,Business,Economy Class,CPH to LHR,December 2015,2,1,1,1,3,3
"""not sure I'd fly British Airways """,No Aircraft,Couple Leisure,Economy Class,LHR to LAS,September 2015,2,1,1,1,3,2
"""really slipping down""",Boeing 777,Couple Leisure,Business Class,BKK to LHR,January 2016,2,3,2,3,3,3
"""seats generally okay""",Boeing 777-300,Solo Leisure,Economy Class,LHR to JED,January 2016,3,4,4,4,3,4
"""standards are slipping""",A320,Couple Leisure,Business Class,FNC to LGW,December 2015,1,2,1,No rating,2,1
"""abyssal customer service""",No Aircraft,Business,Business Class,LHR to JFK,October 2015,3,1,1,1,1,2
"""it's disappointing""",Boeing 777-200,Family Leisure,Premium Economy,iAH to LHR,December 2015,3,3,3,2,3,2
"""service was good""",A320/A321,Family Leisure,Economy Class,OTP to LHR,December 2015,4,4,4,No rating,3,5
"""questioning my loyalty """,Boeing 777-200,Couple Leisure,Business Class,YYZ to LHR,December 2015,2,2,2,4,4,4
"""better than Club World""",Boeing 747,Couple Leisure,First Class,LHR to MEX,January 2016,4,5,4,4,4,5
"""they are old planes""",No Aircraft,Family Leisure,First Class,LAS to LHR,December 2015,1,2,3,1,2,1
"""seat was comfortable""",Boeing 777,Couple Leisure,Premium Economy,MUC to JFK via LHR,January 2016,3,3,4,4,5,4
"""BA should have done more""",A320,Couple Leisure,Economy Class,LHR to PSA,December 2015,4,2,1,No rating,1,1
"""another shabby experience""",Boeing 767,Couple Leisure,Economy Class,LHR to GLA,January 2016,3,3,2,No rating,2,1
"""seats quite comfortable""",A320,Couple Leisure,Economy Class,MLA to LGW,January 2016,4,4,4,No rating,4,5
"""service was terrible""",A380,Couple Leisure,Economy Class,JNB to DUB via LHR,December 2015,3,5,4,1,3,4
"""food was pretty good""",A320 / Boeing 787,Solo Leisure,Economy Class,TLV to PHL via LHR,November 2015,3,4,4,5,4,1
"""staff was very helpful""",Boeing 787,Family Leisure,Economy Class,NCE to YUL via LHR,January 2016,5,5,4,4,5,5
"""most unpleasant experience""",Boeing 777,Solo Leisure,Economy Class,BKK to LHR,January 2016,1,1,1,1,2,1
"""gave their friends first class champagne""",No Aircraft,Couple Leisure,Premium Economy,LGW to PUJ,December 2015,1,1,1,1,1,1
"""a very poor experience""",No Aircraft,Family Leisure,Economy Class,LHR to JNB,December 2015,1,4,1,3,3,1
"""experience was adequate""",Boeing 747,Solo Leisure,Economy Class,YVR-LIS via LHR,June 2015,3,3,3,2,4,3
"""was a good flight""",Boeing 777,Family Leisure,Business Class,LHR to DEL,December 2015,4,4,4,4,5,4
"""professional attentive cabin crew""",B767 / A380,Business,Business Class,MAD to LAX via LHR,November 2015,4,5,5,5,5,4
"""the worst business class""",Boeing 777,Couple Leisure,Business Class,CPH to ORD via LHR,December 2015,2,3,1,1,1,1
"""only book BA if lowest fare""",A320,Solo Leisure,Economy Class,VIE to NCL via LHR,November 2015,3,3,3,No rating,4,2
"""cost no more than Ryanair""",A320,Solo Leisure,Economy Class,LHR to BCN,December 2015,3,3,3,No rating,4,4
"""sad to see the same old planes """,A319,Solo Leisure,Economy Class,LHR to NCL,December 2015,2,3,1,No rating,4,1
"""clean and efficient""",Boeing 777,Solo Leisure,Economy Class,JED to LHR,December 2015,4,5,5,4,4,5
"""service onboard was dreadful""",A320,Couple Leisure,Economy Class,LIS to LHR,December 2015,3,1,3,1,3,3
"""entirely unsympathetic""",No Aircraft,Business,Economy Class,New York to London,December 2015,4,4,3,3,1,1
"""Air Canada next time""",Boeing 747-400,Solo Leisure,Business Class,LHR to YVR,December 2015,4,4,3,1,3,2
"""last time I will fly British Airways""",No Aircraft,Couple Leisure,Premium Economy,Gatwick to Las Vegas,October 2015,4,2,1,1,3,2
"""I was disappointed""",No Aircraft,Family Leisure,Premium Economy,CPT to GVA via LHR,December 2015,1,3,3,1,2,2
"""I am left disappointed""",Boeing 747-400,Business,Economy Class,London to Vancouver,December 2015,2,4,3,2,1,2
"""tired and jaded aircraft""",Boeing 747-400,Family Leisure,Economy Class,LHR to BOM,December 2015,1,1,2,1,3,1
"""upped their game with food""",Boeing 777-200,Couple Leisure,Business Class,LGW to MCO,December 2015,5,5,5,4,4,5
"""excellent flights""",No Aircraft,Couple Leisure,Economy Class,GLA to MUC via LHR,December 2015,4,5,4,No rating,5,5
"""tired, overpriced airline""",No Aircraft,Couple Leisure,Economy Class,LHR to BKK,September 2015,1,4,3,1,2,1
"""don't bother with British Airways""",No Aircraft,Couple Leisure,Economy Class,LGW to SSH,December 2015,No rating,No rating,No rating,No rating,1,1
"""we are disappointed""",No Aircraft,Couple Leisure,First Class,PHX to LHR,December 2015,4,2,2,1,1,2
"""satisfactory and recommended""",Embraer170,Family Leisure,Economy Class,LCY to GVA,December 2015,4,5,4,No rating,4,4
"""seat very comfortable""",Boeing 747-400,Couple Leisure,Business Class,GRU to LHR,December 2015,5,5,5,3,5,5
"""good experience for the price""",No Aircraft,Family Leisure,Economy Class,Prague to New York via London,December 2015,5,5,2,5,4,4
"""food was decent""",Boeing 777-300,Solo Leisure,Economy Class,Madrid to Sydney via LHR,December 2015,4,1,3,4,4,4
"""service very good and friendly""",A380,Couple Leisure,Business Class,Heathrow to Johannesburg,October 2015,2,4,3,2,2,3
"""recommend British Airways""",A320,Couple Leisure,Business Class,LGW to BCN,November 2015,4,5,5,No rating,5,5
"""absolutely chaotic boarding process""",No Aircraft,Solo Leisure,Economy Class,Salzburg to London Gatwick,December 2015,2,1,1,No rating,2,1
"""would not pay the asking price""",A320,Couple Leisure,Business Class,LHR to AMS,December 2015,5,5,5,No rating,5,5
"""staff seem preoccupied""",A380,Solo Leisure,Business Class,London to Los Angeles,December 2015,3,3,2,2,3,1
"""definitely to be avoided""",Boeing 777,Couple Leisure,Premium Economy,GIG to LHR,November 2015,3,2,2,1,2,1
British Airways customer review,Boeing 747,Couple Leisure,Business Class,LHR to YVR,December 2015,5,5,5,5,5,5
"""adequate inflight service""",A319,Business,Economy Class,Newcastle to Heathrow,December 2015,4,5,No rating,No rating,5,5
"""thoroughly enjoyed the food""",Boeing 777-200,Couple Leisure,Business Class,MAN to JFK via LHR,December 2015,4,5,5,4,5,5
"""layout of seating poor""",No Aircraft,Business,Business Class,BKK to LHR,August 2015,2,5,5,3,1,4
"""enough legroom for a tall man""",No Aircraft,Family Leisure,Economy Class,GIG to LHR,December 2015,4,5,4,5,5,5
"""consistent erosion in quality""",Boeing 777,Business,Premium Economy,LHR to AUS,November 2015,3,3,2,3,1,1
"""service was lacking in finesse""",No Aircraft,Solo Leisure,Economy Class,London Gatwick to Salzburg,December 2015,2,1,1,No rating,1,1
"""not a pleasant experience""",Boeing 777,Couple Leisure,Economy Class,Punta Cana to London,December 2015,3,1,1,1,3,2
"""continues to set high standards""",Boeing 777-300,Couple Leisure,Economy Class,LHR to SIN,December 2015,5,5,5,5,5,5
"""impressive all round""",No Aircraft,Solo Leisure,Economy Class,LHR to MAN,December 2015,5,5,5,No rating,5,5
"""efficient and friendly service""",Boeing 777,Solo Leisure,Premium Economy,SEA to LHR,November 2015,4,3,3,4,2,4
"""suffered with seat A by the window""",Boeing 747,Solo Leisure,Economy Class,LHR to SEA,December 2015,2,3,5,2,5,3
"""a very enjoyable flight""",Boeing 777,Couple Leisure,Business Class,BKK to LHR,December 2015,5,5,5,4,5,5
"""definitely fly again""",A320,Solo Leisure,Business Class,TXL to LHR,December 2015,5,5,5,No rating,4,4
"""BA really did not care""",No Aircraft,Solo Leisure,First Class,JFK to London,August 2015,5,4,2,2,2,1
"""relaxing and luxurious""",Boeing 777-200,Couple Leisure,Business Class,London Gatwick to Punta Cana,December 2015,5,5,5,4,5,5
"""very friendly crew""",Boeing 777-200,Solo Leisure,Economy Class,LGW to TPA,December 2015,3,4,4,4,4,4
"""unlimited legroom and a speedy exit""",Boeing 747-400,Solo Leisure,Economy Class,Heathrow to Cape Town,December 2015,4,5,5,4,5,4
"""Very little leg room""",No Aircraft,Couple Leisure,Economy Class,Gatwick to Funchal,December 2015,1,4,1,No rating,3,1
"""wasn't as unpleasant as I had expected""",Boeing 747-400,Solo Leisure,Economy Class,London to Chicago,November 2015,3,3,2,No rating,3,3
"""cabin now feels outdated""",Boeing 777,Couple Leisure,Premium Economy,Gatwick to Las Vegas,December 2015,4,4,3,3,4,3
"""get your act together""",Boeing 777 / A319,Solo Leisure,First Class,HND to BRU via LHR,November 2015,3,4,2,2,4,3
"""never been so disappointed""",Boeing 747-400,Business,First Class,LAS to LHR,November 2015,3,5,2,1,1,1
"""comfortable, if narrow, seats""",Boeing 777,Couple Leisure,Business Class,Tampa to Gatwick,November 2015,4,4,3,2,3,4
"""crummy Boeing 747s""",Boeing 747-400,Couple Leisure,Premium Economy,LHR to MIA,November 2015,4,3,3,2,3,3
"""never going to fly them again """,No Aircraft,Couple Leisure,Economy Class,LHR to LAS,July 2015,1,4,1,No rating,1,1
"""disappointed by lack of care""",Boeing 747-400,Couple Leisure,Economy Class,JFK to LHR,November 2015,2,3,3,4,4,3
"""horrid excuse for customer service""",Boeing 777,Couple Leisure,Economy Class,YUL to FCO via LHR,October 2015,4,3,1,1,1,1
"""staff bordering on rude""",Boeing 777-200,Couple Leisure,Premium Economy,LHR to KUL,November 2015,3,2,2,2,3,3
"""flights therefore very uncomfortable""",Boeing 777,Family Leisure,Economy Class,IAD to DXB via LHR,November 2015,1,4,4,4,3,4
"""pleasantly surprised""",Boeing 747-400,Solo Leisure,Economy Class,EDI to LAS via LHR,November 2015,3,5,5,4,5,5
"""vegetarian salad was welcome""",A320,Solo Leisure,Economy Class,MAD to LHR,November 2015,5,5,4,No rating,4,4
"""miserable Business Class experience""",A320,Couple Leisure,Business Class,LHR to IST,October 2015,1,4,1,No rating,2,1
"""British Airways have lost the plot""",No Aircraft,Couple Leisure,Economy Class,London to Barbados,November 2015,2,2,1,2,3,2
"""aircraft are old and shabby""",Boeing 777-200,Couple Leisure,Premium Economy,GLA to BKK via LHR,October 2015,2,1,3,1,2,2
"""the food was shocking""",No Aircraft,Solo Leisure,Premium Economy,LHR to BNE via SIN,October 2015,2,4,2,2,3,3
"""treat passengers poorly""",Boeing 777-300ER,Business,Economy Class,MAN to BOM via LHR,January 2015,3,1,1,2,4,4
"""made me check my carry-on bag""",No Aircraft,Couple Leisure,Economy Class,Rome to London,November 2015,3,5,4,No rating,1,2
"""service very mediocre at best""",Boeing 777,Couple Leisure,Business Class,Bangkok to London,November 2015,4,2,2,No rating,3,2
"""disgusted by such treatment""",A319,Business,Economy Class,LGW to AMS,November 2015,1,2,1,No rating,1,3
"""large and very private seating""",A380,Couple Leisure,First Class,Heathrow to Singapore,November 2015,5,5,5,5,5,5
"""just about okay overall""",A320/321,Couple Leisure,Business Class,LHR to Krakow,November 2015,2,5,4,No rating,2,3
"""excellent flight on A380""",A380,Solo Leisure,Premium Economy,BSL to JNB via LHR,November 2015,4,5,4,5,4,4
"""pleased with my flight""",Boeing 747-400,Solo Leisure,Economy Class,London to Vancouver,August 2015,3,4,5,5,2,3
"""is well worth the extra""",A380 / Boeing 747-400,Couple Leisure,Premium Economy,LHR to SFO,November 2015,4,5,5,4,3,5
"""sunk to new depths""",No Aircraft,Couple Leisure,Economy Class,Vienna to London,November 2015,3,3,2,No rating,2,1
"""uncomfortable business class flight""",Boeing 747-400,Business,Business Class,LHR to GRU,November 2015,1,2,1,1,3,1
"""Not great, not bad, just OK""",Boeing 777,Couple Leisure,Premium Economy,LGW to Grenada,November 2015,3,3,3,2,3,3
"""service pretty good""",Boeing 767 / A320,Business,Economy Class,LHR to EDI,November 2015,4,4,4,No rating,4,4
"""crew competent and approachable""",No Aircraft,Couple Leisure,Business Class,LHR to DXB,November 2015,3,4,3,3,3,3
"""this policy is ridiculous""",No Aircraft,Business,Economy Class,LHR to MUC,November 2015,No rating,No rating,No rating,No rating,1,1
"""comfortable, if narrow, seats""",Boeing 777,Couple Leisure,Business Class,Tampa to Gatwick,November 2015,4,4,3,2,3,4
"""inconsistency with cabin crew""",A319,Solo Leisure,Business Class,FCO to LGW,November 2015,3,2,4,No rating,2,4
"""crummy Boeing 747s""",Boeing 747-400,Couple Leisure,Premium Economy,LHR to MIA,November 2015,4,3,3,2,3,3
"""return trip not worth it""",A320,Business,Business Class,Hannover to LHR,November 2015,2,4,1,No rating,1,1
"""not received a refund""",No Aircraft,Business,Economy Class,DUB to LCY,November 2015,3,4,No rating,No rating,1,1
"""dried up sandwich""",A320,Business,Business Class,LHR to Hannover,November 2015,2,4,1,No rating,3,2
"""out of date with modern standards""",Boeing 777,Solo Leisure,Business Class,LHR to DXB,November 2015,2,4,3,3,4,4
"""not a First Class experience """,Boeing 777,Solo Leisure,First Class,Heathrow to Houston,November 2015,5,5,3,4,5,4
"""uninterested and unfriendly""",A319,Business,Economy Class,Kiev to Dublin via LHR,November 2015,2,2,1,No rating,2,1
"""pleasant ambience onboard""",Boeing 777-300,Business,Premium Economy,Sydney to Singapore,October 2015,4,5,4,4,4,4
"""paying for seat selection""",A320,Solo Leisure,Economy Class,ATH to LHR,September 2015,4,5,4,No rating,3,4
"""costs double the average""",No Aircraft,Business,Economy Class,LCY to ZRH,November 2015,2,2,2,1,1,1
"""Four excellent flights""",No Aircraft,Solo Leisure,Economy Class,GLA to FCO via LHR,November 2015,5,5,4,No rating,5,5
"""First class was underwhelming""",Boeing 747-400,Couple Leisure,First Class,CPT to LHR,November 2015,5,2,2,1,4,3
"""not the brand they were""",Boeing 777-200,Couple Leisure,Business Class,LHR to LAX,November 2015,3,3,2,4,5,3
"""service was lousy on both flights""",Boeing 777-300,Business,Business Class,LHR to EZE,November 2015,1,1,3,1,3,3
"""loyalty may have come to an end""",No Aircraft,Couple Leisure,Economy Class,Mauritius to London,November 2015,2,2,3,3,3,3
"""just did not care at all""",Boeing 777,Family Leisure,Economy Class,Gatwick to Orlando,October 2015,3,5,2,3,1,3
"""farcical flight to be honest""",No Aircraft,Family Leisure,Economy Class,Heathrow to Las Vegas,November 2015,2,1,1,4,3,1
"""meal was past terrible""",A320,Solo Leisure,Economy Class,Rome to Heathrow,October 2015,5,4,2,No rating,5,2
"""so much cabin baggage""",A320/319,Solo Leisure,Economy Class,Gatwick to Venice,November 2015,4,5,4,No rating,5,5
"""really below average""",Boeing 777,Couple Leisure,Business Class,London to Luanda,November 2015,1,4,3,3,4,3
"""interior very old and dirty""",Boeing 747-400,Family Leisure,Economy Class,Denver to Heathrow,November 2015,4,2,1,1,2,2
"""Business seats are horrid""",Boeing 777-200,Business,Business Class,BKK to LHR,November 2015,1,2,2,1,4,3
"""awful customer service""",No Aircraft,Couple Leisure,Business Class,London to Tampa,September 2015,No rating,No rating,No rating,No rating,1,1
"""would fly them again""",Boeing 777-300,Couple Leisure,First Class,London to Sydney,November 2015,4,5,4,4,5,5
"""isn't as good as Singapore and Emirates""",Boeing 747-400,Couple Leisure,First Class,LHR to CPT,October 2015,5,5,4,4,4,4
"""not at all impressed""",No Aircraft,Business,Economy Class,BLR to LHR,November 2015,3,1,1,1,4,1
"""food was very poor""",Boeing 777,Couple Leisure,Business Class,London to Kuala Lumpur,October 2015,4,4,2,3,5,3
"""a good experience""",Boeing 747-400,Business,Premium Economy,NCE to LAS via LHR,November 2015,4,3,2,2,4,4
"""they are so greedy""",No Aircraft,Business,Economy Class,Washington to London,November 2015,No rating,No rating,No rating,No rating,1,1
"""a great experience""",Boeing 777,Solo Leisure,First Class,Singapore to Sydney,May 2015,4,5,4,4,4,5
"""not flying British Airways again""",No Aircraft,Solo Leisure,Economy Class,Gatwick to Cancun,November 2015,2,1,1,1,1,1
"""way British Airways handled this was atrocious""",No Aircraft,Solo Leisure,Economy Class,DFW to DEL via LHR,November 2015,1,1,No rating,No rating,1,1
"""recommend the A380""",A320 / A380,Family Leisure,Economy Class,GOT to LAX via LHR,October 2015,4,5,No rating,4,4,5
"""try to avoid BA in the future""",No Aircraft,Solo Leisure,Economy Class,London to Delhi,October 2015,3,1,1,3,2,2
"""treatment was appalling""",No Aircraft,Solo Leisure,Economy Class,Heathrow to Moscow,September 2015,No rating,No rating,No rating,No rating,1,1
"""no space to work""",A320,Business,Business Class,Istanbul to London,November 2015,1,3,1,1,1,1
"""courteous and professional""",A319 / Boeing 777-300,Solo Leisure,Economy Class,GVA to PEK via LHR,October 2015,4,5,5,5,2,5
"""exemplary in every way""",Boeing 777,Couple Leisure,Business Class,LHR to NBO,November 2015,5,5,4,4,5,5
"""snottiest crew I ever came across""",Boeing 777,Business,First Class,SEA to AUH via LHR,October 2015,3,2,3,2,3,3
"""going back to Virgin Atlantic """,Boeing 787,Solo Leisure,Premium Economy,Newark to Heathrow,November 2015,1,3,4,No rating,2,2
"""dismayed by the BA agent""",No Aircraft,Family Leisure,Economy Class,Venice to Gatwick,November 2015,3,4,3,No rating,1,4
"""seats are very tired""",Boeing 747-400,Family Leisure,Economy Class,Heathrow to Las Vegas,October 2015,3,5,4,3,4,3
"""cabin crew did a great job""",A320,Solo Leisure,Economy Class,Lisbon to London,November 2015,4,5,5,No rating,4,5
"""lack of service amazed me""",Boeing 777,Solo Leisure,Business Class,PHL to ATH via LHR,October 2015,3,1,1,No rating,4,2
"""you will get value for money""",No Aircraft,Solo Leisure,Economy Class,Vienna to London,September 2015,4,5,4,No rating,5,5
"""indifferent cabin crew""",Boeing 777,Business,Business Class,SIN to LHR,November 2015,3,1,1,3,1,3
"""prefer the 747 upper deck""",A380,Couple Leisure,Business Class,MIA to LHR,October 2015,4,5,3,4,2,3
"""FA's showed no enthusiasm""",Boeing 747-400,Solo Leisure,Economy Class,SFO to LHR,September 2015,3,3,3,2,5,5
"""BA really need to address this""",No Aircraft,Family Leisure,Economy Class,SSH to LGW,October 2015,4,3,1,No rating,4,3
"""once a great airline is going downhill""",Boeing 777-200,Couple Leisure,Premium Economy,London Heathrow to Bangkok,October 2015,2,2,3,1,2,1
"""flight attendants seemed friendly""",A380,Solo Leisure,Premium Economy,SFO to LHR,October 2015,4,4,4,4,4,4
"""extremely friendly and competent""",A321,Business,Economy Class,London Heathrow to Milan Malpensa,October 2015,4,5,5,No rating,4,3
"""a mediocre performance from BA""",Boeing 787-800,Solo Leisure,Business Class,LHR to Chengdu,March 2015,4,1,2,4,2,3
"""personal space is rather limited""",Boeing 777-300ER,Business,Business Class,Tokyo Narita to LHR,January 2015,4,3,2,3,4,4
"""very spacious suite""",Boeing 777-300ER,Business,First Class,LHR to Tokyo Narita,January 2015,5,5,5,5,4,5
"""will use other carriers""",Boeing 747- 400,Couple Leisure,Economy Class,MAN to LAS via LHR,October 2015,1,4,3,2,1,2
"""the seat was roomy""",Boeing 777,Solo Leisure,Premium Economy,Heathrow (London) to JFK (New York City),October 2015,4,3,4,3,3,4
"""FA's were happy to assist""",A380,Solo Leisure,Economy Class,LHR to SFO,September 2015,5,4,4,4,5,4
"""very high standard of service""",Boeing 787,Couple Leisure,Economy Class,London to Chennai,October 2015,5,5,5,5,4,5
"""very good flying experience""",No Aircraft,Couple Leisure,Business Class,LHR to Venice,October 2015,4,4,5,No rating,4,4
"""not helped by customer service""",No Aircraft,Solo Leisure,Economy Class,SFO to EDI via LHR,September 2015,2,3,3,4,1,2
"""keep expectations in check""",Boeing 747-400,Business,Premium Economy,London to Phoenix,October 2015,4,5,4,3,3,4
"""nothing was offered to help""",No Aircraft,Solo Leisure,Economy Class,Antigua to St Kitts,September 2015,1,1,No rating,No rating,1,1
"""lot of money for little in return""",Boeing 747-400,Couple Leisure,Premium Economy,SFO to LHR,October 2015,2,4,2,2,2,1
"""complain about the way we were treated """,No Aircraft,Couple Leisure,Economy Class,LHR to JNB,January 2015,3,4,No rating,No rating,1,2
"""service however lacked shine""",Boeing 777,Couple Leisure,Economy Class,Orlando to London,October 2015,2,1,2,2,4,3
"""horrible return flights""",B0eing 747-400,Business,Economy Class,London to Cape Town,October 2015,1,2,3,2,4,1
"""lounge more like a refugee centre""",Boeing 777-200,Business,Business Class,Heathrow to Haneda,October 2015,2,5,4,2,2,3
"""cracks are starting to appear""",A319,Solo Leisure,Economy Class,LHR to GVA,October 2015,4,4,2,No rating,1,4
"""seats are just the same""",A320,Solo Leisure,Business Class,LHR to AMS,October 2015,3,4,2,2,4,2
"""advise not to waste your money""",No Aircraft,Couple Leisure,Economy Class,Heathrow to Cancun via Madrid,August 2015,1,2,1,1,1,1
"""plenty of legroom""",Boeing 777,Couple Leisure,Premium Economy,LHR to SYD via SIN,October 2015,4,4,4,4,3,4
"""premium economy pathetic""",No Aircraft,Solo Leisure,Premium Economy,LHR to BKK,September 2015,2,4,2,2,2,1
"""last time using British Airways """,Boeing 777-200,Couple Leisure,Business Class,SYD to LHR via SIN,October 2015,1,4,3,4,4,2
"""a huge improvement""",A380,Couple Leisure,Premium Economy,LHR to JNB,October 2015,5,5,4,5,4,3
"""British Airways really don't care """,A319,Couple Leisure,Business Class,Pisa to London Gatwick,October 2015,2,4,2,No rating,2,2
"""how underwhelmed we were""",A380 / Boeing 777,Family Leisure,Business Class,LHR to SYD via SIN,October 2015,4,2,2,2,1,1
"""my seat was broken""",Boeing 777-200,Business,Economy Class,Antigua to Gatwick,October 2015,1,2,1,2,4,2
"""food and wine excellent""",A380,Couple Leisure,Business Class,London to Los Angeles,October 2015,4,5,5,4,4,4
"""lot of catching up to do""",Boeing 747-400,Business,Business Class,LHR to SIN,October 2015,3,2,2,1,1,1
"""minimized the leg space""",A320,Business,Business Class,Athens to London,October 2015,1,2,2,No rating,1,1
"""cabin crew efficient""",Boeing 777,Couple Leisure,Business Class,SAN to LHR,October 2015,4,5,3,4,4,4
British Airways customer review,Boeing 777-200,Family Leisure,Premium Economy,Gatwick to Las Vegas,October 2015,4,3,3,4,3,3
"""food was indifferent""",Boeing 747,Business,Premium Economy,Vancouver to London,September 2015,3,1,2,1,4,2
"""leg room was good""",A320,Couple Leisure,Economy Class,LHR to MAD,October 2015,4,3,3,No rating,5,5
"""clearly cost cutting now""",A319,Solo Leisure,Economy Class,Bologna to Heathrow,October 2015,2,3,2,No rating,3,4
"""TV did not work entire flight""",Boeing 747 400,Couple Leisure,Economy Class,LAS to LHR,October 2015,3,3,2,No rating,3,3
"""obvious cost cutting""",A320,Couple Leisure,Business Class,Gatwick to Pisa,October 2015,2,2,3,No rating,4,3
"""a total rip off""",No Aircraft,Solo Leisure,Economy Class,Heathrow to Belfast,August 2015,1,1,No rating,No rating,1,1
"""service was efficient and friendly""",A319,Couple Leisure,Business Class,Gatwick to Bari,September 2015,4,5,4,No rating,5,5
"""never fly British Airways again""",No Aircraft,Solo Leisure,Business Class,Rome to London,October 2015,1,1,1,No rating,1,2
"""one of the worst experiences""",No Aircraft,Business,Business Class,SIN to BOS via LHR,September 2015,1,2,1,1,1,1
"""cabin crew was not the friendliest""",Boeing 777,Solo Leisure,Business Class,LHR to SAN,September 2015,4,2,1,2,2,1
"""pay to choose seats""",A319,Solo Leisure,Economy Class,London to Rome,October 2015,3,4,3,No rating,3,3
"""behind their competitors""",767-300,Family Leisure,First Class,LHR to ARN,October 2015,4,4,3,No rating,3,3
"""great choice of films""",No Aircraft,Solo Leisure,Economy Class,MAN to SVO via LHR,September 2015,5,5,5,5,4,5
"""disgraceful attitude""",Boeing 777-200,Couple Leisure,Economy Class,TLV to SAN via LHR,October 2015,3,3,4,2,1,1
"""decent service for a short flight""",A319/A321,Couple Leisure,Economy Class,LHR to AMS,October 2015,4,5,2,No rating,4,4
"""a disgrace and inedible""",Boeing 777-200,Business,Economy Class,Heathrow to Bahrain,October 2015,2,3,1,2,3,3
"""service was good""",A380,Business,Business Class,LHR to SIN,August 2015,4,4,4,4,4,5
"""cabin the biggest disappointment""",Boeing 777-200,Family Leisure,Economy Class,LHR to KUL,August 2015,2,4,3,3,5,4
"""failed to provide information""",A320,Solo Leisure,Economy Class,HEL to JNB via LHR,October 2015,1,4,No rating,No rating,1,1
"""a pleasant flight""",Boeing 777-200,Solo Leisure,Economy Class,London to Bangkok,April 2015,4,4,3,3,3,3
"""plane was really scruffy""",Boeing 777-200,Couple Leisure,Premium Economy,GLA to BKK via LHR,October 2015,3,4,4,2,4,3
"""legroom could be better""",A320,Couple Leisure,Business Class,Fuereventura to LGW,October 2015,4,5,5,No rating,4,5
"""will now be considering other airlines""",Boeing 747-400,Couple Leisure,Economy Class,DUB to LAS via LHR,October 2015,1,2,2,2,3,3
"""inflight entertainment is rubbish""",Boeing 747,Family Leisure,Economy Class,Jersey to MIA via London,April 2015,1,4,1,1,3,3
"""no passenger baggage arrived""",No Aircraft,Couple Leisure,Economy Class,YYZ to FCO via LHR,September 2015,4,4,4,4,1,2
"""need help to get the service right""",Boeing 777-300,Business,First Class,LHR to SYD via SIN,September 2015,5,4,5,5,5,5
"""you could care less""",Boeing 777-300,Couple Leisure,Premium Economy,DFW to LHR,September 2015,3,4,4,3,3,2
"""Fawlty Towers of customer service""",No Aircraft,Family Leisure,Economy Class,No Route,February 2015,1,1,1,1,1,1
"""seamless and effortless""",Boeing 747-400,Couple Leisure,Economy Class,Cape Town to London,October 2015,4,4,4,4,5,4
"""new plane, tired old seat design""",A380,Business,Business Class,HKG to LHR,September 2015,3,3,4,4,4,3
"""airline with very mixed quality""",A320 / Boeing 787,Business,Premium Economy,DUS to PHL via LHR,September 2015,5,3,5,5,3,4
"""food choice was great""",Boeing 747-400,Solo Leisure,Business Class,LAS to LHR,September 2015,3,5,5,2,4,3
"""brusque drinks service""",A320,Solo Leisure,Economy Class,Heathrow to Manchester,October 2015,3,1,1,No rating,3,1
"""our luggage left at Heathrow""",No Aircraft,Couple Leisure,Economy Class,London to Toronto,September 2015,4,3,2,4,3,2
"""Boeing 747 horribly outdated""",Boeing 747-400,Business,Economy Class,LHR to SFO,September 2015,1,3,3,1,1,1
"""very disappointed in British Airways""",No Aircraft,Family Leisure,Business Class,LHR to Chicago O'Hare,December 2014,4,2,1,1,4,4
"""disgraceful level of cleanliness""",No Aircraft,Business,Business Class,Nairobi to London,September 2015,3,4,4,3,4,3
"""staff were great""",A320 and A319,Solo Leisure,Economy Class,lgw to alicante,September 2015,4,5,4,No rating,3,5
"""seats are far too cramped""",Boeing 747-400,Solo Leisure,Economy Class,Phoenix to Heathrow,September 2015,1,4,1,2,3,2
"""crew were friendly and attentive""",A319,Family Leisure,Economy Class,LGW to ALC,August 2015,4,4,4,No rating,4,4
"""clapped-out aircraft""",Boeing 747-400,Couple Leisure,Economy Class,London to Johannesburg,September 2015,1,3,1,2,1,1
"""pretty much a low-cost airline""",A320,Business,Economy Class,VIE to LHR,September 2015,4,4,4,No rating,5,4
"""seats were extremely small""",No Aircraft,Couple Leisure,Economy Class,No Route,September 2015,1,3,1,1,4,2
"""a smile would go a long way""",No Aircraft,Couple Leisure,Economy Class,Denver to London,August 2015,1,2,3,2,3,2
"""made to feel a huge inconvenience""",No Aircraft,Solo Leisure,Business Class,Heathrow to Munich,September 2015,4,1,3,No rating,4,1
"""never fly British Airways again""",Boeing 747-400,Family Leisure,Economy Class,Phoenix to Heathrow,September 2015,1,2,1,1,2,1
"""fare paid very similar to easyJet""",A320,Solo Leisure,Business Class,LGW to SSH,September 2015,3,5,4,No rating,5,3
"""pre-boarding not a premium product""",A320,Solo Leisure,Business Class,SSH to LGW,September 2015,1,5,4,No rating,1,3
"""we were pleasantly surprised""",A320,Family Leisure,Economy Class,LHR to GIB,September 2015,4,5,1,No rating,3,4
"""cabin crew tend to forget you""",Boeing 747-400,Business,Business Class,LHR to DXB,September 2015,4,3,5,3,4,3
"""compared with old seats, not very comfortable""",A320,Business,Business Class,Stockholm to London,September 2015,2,3,4,No rating,5,3
"""they did not have my vegetarian meal""",No Aircraft,Family Leisure,Economy Class,London to Seattle,August 2015,4,3,1,3,4,4
British Airways customer review,Boeing 777,Couple Leisure,Business Class,SYD to SIN,May 2015,4,4,4,4,4,5
"""lose some of their arrogant approach""",Boeing 777,Business,Business Class,HND to LHR,September 2015,2,2,1,2,3,2
"""product and service is so old and tired""",Boeing 747-400,Solo Leisure,Business Class,Vancouver to London,September 2015,3,4,3,1,4,2
"""for just £39 was a bargain""",A320,Solo Leisure,Economy Class,Barcelona to London Heathrow,September 2015,4,4,3,No rating,4,5
"""British Airways could not care less""",No Aircraft,Couple Leisure,Economy Class,St Kitts to Gatwick via Antigua,September 2015,1,1,No rating,No rating,1,1
"""British Airways a cut above US carriers""",Boeing 777,Solo Leisure,Premium Economy,LHR to IAD,September 2015,5,5,5,5,5,5
"""not recommend flying long haul with BA""",No Aircraft,Couple Leisure,Economy Class,London Gatwick to Cancun,September 2015,3,2,1,3,2,2
"""wouldn't recommend spending extra for Club Europe""",A320,Couple Leisure,Business Class,LHR to Bologna,September 2015,1,5,3,No rating,3,1
"""my wife and I were seated 4 rows apart""",Boeing 767,Couple Leisure,Economy Class,LCA to LHR,September 2015,1,4,2,1,1,2
"""flight experience was great""",A320,Couple Leisure,Economy Class,AMS to LHR,September 2015,5,3,3,No rating,4,5
"""cabin interior looked old and worn""",Boeing 747-400,Couple Leisure,Economy Class,LHR to MIA,September 2015,3,5,5,4,4,4
"""customer service was poor""",A320,Solo Leisure,Economy Class,LHR to CPH,August 2015,1,2,1,No rating,4,2
"""best pasta dish I have had on a plane""",A318,Business,Business Class,LCY to JFK via SNN,September 2015,5,5,5,3,5,4
"""efficient, punctual and comfortable""",A320,Couple Leisure,Economy Class,LHR to BUD,September 2015,5,5,3,No rating,5,5
"""look at competitors. otherwise book economy""",Boeing 737,Business,Business Class,Gatwick to Naples,September 2015,1,5,2,1,3,1
"""Club Europe is poor value""",A320,Couple Leisure,Business Class,LHR to KGS,September 2015,2,2,2,No rating,2,2
"""British Airways service getting worse and worse""",Boeing 747-400,Couple Leisure,First Class,Boston to London,September 2015,2,5,2,1,2,1
"""British Airways service slipping rapidly""",A320,Solo Leisure,Economy Class,LHR to OSL,August 2015,4,3,4,No rating,5,4
"""Seats in Club Europe identical to Economy""",Embraer E190,Family Leisure,Business Class,LCY to Granada,July 2015,1,4,1,No rating,1,1
"""what has happened to British Airways""",No Aircraft,Couple Leisure,Economy Class,Glasgow to Paris via LHR,September 2015,3,3,2,No rating,1,3
"""enjoyed the flight in Club World""",Boeing 777-200ER,Solo Leisure,Business Class,St Lucia to LGW,September 2015,5,5,5,5,5,4
"""I will still avoid British Airways if I can""",Boeing 747-400,Couple Leisure,Premium Economy,LHR to PHX,September 2015,4,5,3,2,4,5
"""greedy company who are in decline""",No Aircraft,Couple Leisure,Economy Class,Gatwick to Barcelona,September 2015,1,1,1,1,1,1
"""British Airways has fallen prey to greed""",No Aircraft,Business,Business Class,LHR to BRU,September 2015,1,2,1,1,3,1
"""British Airways have gradually deteriorated""",Boeing 747-400,Couple Leisure,Economy Class,Heathrow to Vancouver,July 2015,2,2,1,1,3,3
"""Boeing 747-400 well past a major refurbishment""",Boeing 747-400,Couple Leisure,Economy Class,Glasgow to Cape Town via LHR,September 2015,1,3,2,1,3,3
"will never fly British Airways again """,Boeing 747 / 777 / A380,Solo Leisure,Business Class,DXB to IAD via LHR,September 2015,1,2,1,1,3,2
"""Overall a pleasant experience""",Boeing 777,Solo Leisure,Premium Economy,YYZ to LHR,September 2015,3,5,5,3,4,5
"""British Airways customer service is laughable""",No Aircraft,Couple Leisure,Economy Class,Heathrow to Amsterdam,August 2015,2,2,No rating,No rating,1,1
"""seat comfortable in World Traveller Plus""",Boeing 747-400,Solo Leisure,Premium Economy,LHR to MIA,September 2015,5,5,5,3,5,5
"""I will avoid British Airways in the future""",No Aircraft,Solo Leisure,Business Class,Istanbul to Denver via LHR,September 2015,1,1,No rating,No rating,1,1
"""very nice seats and comfortable""",Boeing 767,Couple Leisure,Economy Class,Madrid to Heathrow,September 2015,5,5,4,No rating,5,5
"""I was very disappointed with British Airways""",Boeing 777-200,Couple Leisure,Economy Class,Gatwick to Mauritius,September 2015,1,4,2,2,3,2
"""Boeing 777-200 needs replacing soon""",Boeing 777-200,Couple Leisure,Economy Class,Moscow to Heathrow,August 2015,3,4,3,3,3,3
"""overall a comfortable short flight""",A319,Couple Leisure,Economy Class,London to St Petersburgh,August 2015,3,4,4,No rating,3,4
"""even US carriers offer superior seating""",A380,Couple Leisure,Business Class,Los Angeles to London,September 2015,3,4,4,4,4,3
"""customer service gone out of the window""",A319,Couple Leisure,Business Class,London Heathrow to Basel,August 2015,1,4,2,No rating,1,2
"""not recommend British Airways to worst enemy""",A320,Business,Business Class,London Heathrow to Rome FCO,September 2015,5,5,5,No rating,1,1
"""never recommend British Airways to anyone""",No Aircraft,Couple Leisure,Economy Class,JFK to Heathrow,September 2015,1,3,2,1,1,1
"""seat was not fit for purpose""",Boeing 777,Solo Leisure,Economy Class,LHR to BKK,April 2015,1,1,1,1,1,1
"""never fly British Airways First class again""",Boeing 777,Couple Leisure,First Class,London to Tokyo,March 2015,4,2,1,2,1,1
"""space for improvement at British Airways""",No Aircraft,Solo Leisure,Economy Class,Vancouver to Milan via LHR,September 2015,1,3,2,No rating,2,2
"""British Airways is simply terrible""",Boeing 777-300,Family Leisure,Economy Class,GIG to LHR,September 2015,1,1,3,2,1,1
"""seats comfortable for a short flight""",A319,Solo Leisure,Business Class,London Heathrow to Venice,August 2015,4,4,4,No rating,4,5
"""Problem is how inconsistent British Airways is""",A321,Solo Leisure,Economy Class,London to Paris,August 2015,3,3,3,No rating,2,3
"""plane was freezing both there and back""",Boeing 777-200,Couple Leisure,Economy Class,Heathrow to Bangkok,August 2015,2,3,4,1,4,3
"""space in economy is abysmal""",Boeing 747-400,Family Leisure,Economy Class,Las Vegas to London Heathrow,August 2015,1,1,1,2,3,1
"""Club Europe seats not fit for purpose """,A320,Business,Business Class,Athens to London,September 2015,1,3,2,2,2,1
"""never use British Airways again",Boeing 777,Solo Leisure,Economy Class,JFK to Manchester via LHR,September 2015,1,1,1,1,1,2
"""other budget airlines better wake up""",A319,Couple Leisure,Economy Class,Gatwick to Barcelona,August 2015,4,5,5,No rating,4,5
"""the worst lounge experience ever""",Boeing 777,Business,First Class,Dubai to LHR,September 2015,3,5,4,3,4,3
"""what is there to like about BA""",Boeing 747-400,Business,Business Class,LHR to PEK,August 2015,1,1,1,1,1,1
"""dirt between seats that is disgusting""",No Aircraft,Family Leisure,Economy Class,Cape Town to London Heathrow,August 2015,1,2,1,1,3,1
"""too much money for such mediocre service",Boeing 747-400,Business,Business Class,London to New York JFK,September 2015,2,3,2,2,3,2
"""simply not worth the premium prices""",Boeing 777-200,Couple Leisure,Business Class,Glasgow to New York via LHR,August 2015,3,4,4,4,4,2
"""BA have improved both service""",A380,Couple Leisure,Business Class,Heathrow to Johannesburg,August 2015,5,4,5,3,4,3
"""service ok""",A320,Couple Leisure,Business Class,LHR to ARN,August 2015,3,4,3,No rating,3,3
"""I would struggle to get comfortable""",Boeing 747-400,Business,First Class,London to Dubai,August 2015,1,5,4,3,2,2
"""strange new Club Europe seats""",A321,Business,Business Class,London to Brussels,August 2015,2,4,3,1,3,3
"""need to up their game""",A380,Couple Leisure,Business Class,LAX to LHR,August 2015,3,1,No rating,2,2,2
"""our last flight with British Airways""",Boeing 747-400,Family Leisure,Economy Class,Denver to London,August 2015,1,1,1,1,1,1
"""supposed legacy airline""",Boeing 747-400,Family Leisure,Economy Class,LHR to JFK,September 2015,1,2,No rating,1,3,2
"""staff amiable and present""",Boeing 767,Couple Leisure,Economy Class,Calgary to London,August 2015,5,5,2,2,4,4
"""cannot fault the service""",No Aircraft,Family Leisure,Economy Class,Amsterdam to London,August 2015,5,5,5,No rating,4,5
British Airways customer review,A320,Solo Leisure,Economy Class,MXP to LHR,August 2015,5,5,5,4,5,5
British Airways customer review,Boeing 777,Couple Leisure,Business Class,Toronto to London Heathrow,July 2015,3,2,2,2,3,2
British Airways customer review,A320,Solo Leisure,Economy Class,Lyon to London Heathrow,July 2015,2,1,2,No rating,1,3
British Airways customer review,A320,Family Leisure,Economy Class,Gatwick to Marrakech,August 2015,4,2,3,No rating,5,5
British Airways customer review,No Aircraft,Family Leisure,Economy Class,Miami to London Heathrow,August 2015,4,5,4,1,1,2
British Airways customer review,A319,Business,Economy Class,London to Geneva,June 2015,2,4,3,No rating,3,3
British Airways customer review,Boeing 747-400,Business,Economy Class,LHR to PHX,August 2015,1,2,1,1,3,1
British Airways customer review,Boeing 747,Family Leisure,Economy Class,Manchester to Boston via Heathrow,August 2015,1,4,1,1,1,1
British Airways customer review,Boeing 767,Business,Business Class,LCA to LHR,August 2015,3,5,4,No rating,4,4
British Airways customer review,A319,Business,Economy Class,Heathrow to Aberdeen,August 2015,2,2,2,No rating,1,1
British Airways customer review,Boeing 777-300,Couple Leisure,Business Class,London to Kuala lumpur,August 2015,3,2,2,1,2,3
British Airways customer review,No Aircraft,Solo Leisure,Business Class,London to Berlin,August 2015,3,4,3,3,4,2
British Airways customer review,No Aircraft,Family Leisure,Economy Class,Denver to Heathrow,August 2015,3,1,3,1,5,3
British Airways customer review,A321,Couple Leisure,Business Class,LHR to CPH,August 2015,4,3,3,No rating,3,4
British Airways customer review,A319/A320,Solo Leisure,Economy Class,GLA to PRG via LHR,August 2015,4,3,3,No rating,5,5
British Airways customer review,Boeing 737-400,Couple Leisure,Economy Class,Gatwick to Genoa,August 2015,1,2,1,No rating,3,1
British Airways customer review,A319,Couple Leisure,Economy Class,London Heathrow to Toulouse,August 2015,1,4,2,No rating,4,2
British Airways customer review,No Aircraft,Couple Leisure,Economy Class,London to Copenhagen,August 2015,2,2,2,1,1,1
British Airways customer review,A319,Couple Leisure,Economy Class,LHR to DUB,August 2015,5,5,5,No rating,5,5
British Airways customer review,A320,Solo Leisure,Economy Class,Berlin to London Heathrow,August 2015,3,1,2,No rating,1,2
British Airways customer review,A380,Business,First Class,LHR to IAD,August 2015,4,5,4,4,3,5
British Airways customer review,Boeing 777-236,Business,Business Class,DOH to LHR via BAH,August 2015,4,4,2,3,1,3
British Airways customer review,Boeing 747-400,Family Leisure,Economy Class,LHR to CPT,August 2015,3,4,4,4,5,4
British Airways customer review,No Aircraft,Couple Leisure,Economy Class,St Lucia to Gatwick,August 2015,1,2,2,2,3,1
British Airways customer review,A319,Solo Leisure,Business Class,Bari to London Gatwick,August 2015,4,5,5,No rating,3,4
British Airways customer review,No Aircraft,Family Leisure,Economy Class,London to Toronto,August 2015,5,5,4,4,5,5
British Airways customer review,A319,Couple Leisure,Economy Class,London Heathrow to Düsseldorf,August 2015,4,4,3,No rating,4,4
British Airways customer review,No Aircraft,Family Leisure,Business Class,London to Jeddah,August 2015,4,1,2,3,1,1
British Airways customer review,No Aircraft,Family Leisure,Business Class,London to Jeddah,August 2015,4,1,2,3,1,1
British Airways customer review,No Aircraft,Family Leisure,Business Class,LHR to BCN,August 2015,5,5,5,No rating,5,5
British Airways customer review,A380,Business,Business Class,Johannesburg to London Heathrow,August 2015,1,1,No rating,No rating,1,1
British Airways customer review,A380,Family Leisure,Economy Class,SFO to LHR,August 2015,2,1,1,4,3,1
British Airways customer review,A320,Family Leisure,Economy Class,Amsterdam to London Heathrow,August 2015,4,5,5,No rating,4,5
British Airways customer review,No Aircraft,Couple Leisure,Economy Class,Edinburgh to London City,August 2015,4,3,4,No rating,1,3
British Airways customer review,A320,Family Leisure,Business Class,Marseille to London Heathrow,August 2015,5,5,5,No rating,5,5
British Airways customer review,Boeing 777 / A320,Couple Leisure,Business Class,MIA to BRU via LHR,July 2015,4,5,5,5,5,5
British Airways customer review,No Aircraft,Business,Economy Class,Gatwick to Bridgetown,May 2015,3,3,3,3,1,2
British Airways customer review,Boeing 747-300,Couple Leisure,Economy Class,RUH to NCL via LHR,August 2015,2,3,2,No rating,1,1
British Airways customer review,Boeing 777,Couple Leisure,First Class,PHL to TXL via LHR,July 2015,2,3,1,2,1,1
British Airways customer review,No Aircraft,Family Leisure,Economy Class,London Gatwick to Rome Fiumicino,August 2015,1,1,No rating,No rating,1,1
British Airways customer review,Boeing 747,Family Leisure,Economy Class,Hyderabad to Phoenix via LHR,August 2015,1,3,3,1,1,1
British Airways customer review,Boeing 777,Couple Leisure,Business Class,Washington Dulles to Heathrow,August 2015,3,5,3,3,3,3
British Airways customer review,Boeing 767,Couple Leisure,Business Class,London to Nassau,August 2015,1,3,2,3,3,1
British Airways customer review,No Aircraft,Couple Leisure,Economy Class,Dublin to Vancouver via London Heathrow,August 2015,5,5,4,1,5,4
British Airways customer review,Boeing 747,Family Leisure,Business Class,LHR to LAS,July 2015,5,5,5,5,5,5
British Airways customer review,Boeing 747-400,Family Leisure,Economy Class,Boston to London,April 2015,5,5,5,5,5,4
British Airways customer review,No Aircraft,Family Leisure,Economy Class,Sydney to London via Singapore,June 2015,1,1,2,1,1,1
British Airways customer review,No Aircraft,Business,Business Class,Bologna to Montreal via London,September 2014,5,5,2,5,4,4
British Airways customer review,Boeing 777,Solo Leisure,Business Class,London to Sydney via Singapore,July 2015,1,4,2,3,3,2
British Airways customer review,Boeing 777,Solo Leisure,First Class,Sydney to London via Singapore,June 2015,1,1,No rating,No rating,1,1
British Airways customer review,A319,Solo Leisure,Economy Class,Glasgow to London Gatwick,August 2015,4,5,4,No rating,5,5
British Airways customer review,Boeing 767,Couple Leisure,Business Class,LHR to IST,August 2015,4,5,5,4,5,5
British Airways customer review,A319/A321,Solo Leisure,Economy Class,GLA to DME via LGW / LHR,July 2015,4,3,2,2,2,5
British Airways customer review,Boeing 747-400 / A321,Solo Leisure,Economy Class,DME to GLA via LHR,August 2015,4,3,5,3,3,5
British Airways customer review,No Aircraft,Family Leisure,Economy Class,London to Orlando via Miami,August 2015,3,2,4,4,2,3
British Airways customer review,Boeing 747-400,Business,Business Class,Beijing to London Heathrow,August 2015,2,2,2,3,2,1
British Airways customer review,Boeing 767,Solo Leisure,Economy Class,London to Larnaca,August 2015,4,4,4,2,4,3
British Airways customer review,No Aircraft,Solo Leisure,Economy Class,London to Pisa,August 2015,1,1,1,No rating,1,2
British Airways customer review,A319,Solo Leisure,Economy Class,Dublin to LHR,August 2015,4,5,4,3,4,4
British Airways customer review,No Aircraft,Solo Leisure,Economy Class,Lebanon to Calgary,May 2015,3,2,No rating,No rating,3,3
British Airways customer review,Boeing 777,Couple Leisure,Economy Class,Sydney to Lisbon via LHR,August 2015,1,1,1,2,1,1
British Airways customer review,Boeing 747-400,Business,Economy Class,LHR to DXB,July 2015,1,2,2,1,2,1
British Airways customer review,Boeing 747 400,Couple Leisure,Economy Class,Cape Town to London,June 2015,2,3,2,3,3,3
British Airways customer review,Boeing 747 400,Couple Leisure,Economy Class,London to Cape Town,July 2015,2,4,3,2,3,3
British Airways customer review,Boeing 777,Business,First Class,Chicago to London,August 2015,2,4,No rating,No rating,1,1
British Airways customer review,Boeing 777,Family Leisure,Economy Class,Washington Dulles to LHR,August 2015,1,2,1,1,2,1
British Airways customer review,A319,Solo Leisure,Business Class,LHR to ZRH,June 2015,1,3,2,1,3,1
British Airways customer review,Boeing 777,Business,Business Class,Tokyo Narita to London,July 2015,2,1,1,3,2,2
British Airways customer review,No Aircraft,Family Leisure,Premium Economy,Manchester to San Fran via London,July 2015,3,5,3,3,4,1
British Airways customer review,No Aircraft,Couple Leisure,Premium Economy,Los Angeles to Milan via LHR,July 2015,2,5,4,4,5,3
British Airways customer review,No Aircraft,Business,Economy Class,London to Vienna,July 2015,3,1,1,1,4,2
British Airways customer review,Boeing 777-300,Couple Leisure,Economy Class,London to Sydney via Singapore,July 2015,1,4,4,3,2,1
British Airways customer review,A319 / A320,Business,Economy Class,Heathrow to Vienna,July 2015,4,2,2,No rating,3,2
British Airways customer review,Boeing 747-400,Business,Business Class,Cape Town to London,July 2015,2,1,2,2,5,1
British Airways customer review,No Aircraft,Family Leisure,Premium Economy,Seoul to London,July 2015,2,1,2,No rating,2,3
British Airways customer review,Boeing 747 and A320,Family Leisure,Economy Class,San Francisco to Zurich via LHR,July 2015,4,3,3,4,4,4
British Airways customer review,Boeing 747-400,Solo Leisure,First Class,Vancouver to Heathrow,June 2015,4,1,3,1,2,1
British Airways customer review,Boeing 747,Business,First Class,New York to Dublin via Heathrow,July 2015,2,3,2,1,1,1
British Airways customer review,A321,Business,Economy Class,MAN-LHR,July 2015,4,5,5,No rating,4,5
British Airways customer review,Boeing 777,Business,Business Class,London Heathrow to Tokyo,July 2015,1,2,4,4,3,4
British Airways customer review,No Aircraft,Couple Leisure,Economy Class,London to Entebbe,July 2015,1,1,No rating,No rating,1,1
British Airways customer review,Boeing 767,Business,Business Class,Istambul to London Heathrow,July 2015,5,5,5,3,5,5
British Airways customer review,Boeing 767,Business,Business Class,London Heathrow to Istanbul,July 2015,5,5,5,3,5,5
British Airways customer review,A318,Business,Business Class,London to Faro,July 2015,1,1,2,1,2,1
British Airways customer review,No Aircraft,Couple Leisure,Business Class,Verona to LGW,July 2015,1,4,2,No rating,2,1
British Airways customer review,A319,Solo Leisure,Economy Class,Bari to Gatwick,July 2015,4,1,4,No rating,3,3
British Airways customer review,Boeing 777,Couple Leisure,Business Class,Orlando to London,May 2015,5,5,4,4,5,5
British Airways customer review,A319,Business,Economy Class,London to Newcastle,July 2015,1,3,2,No rating,4,2
British Airways customer review,A320,Business,Economy Class,LHR to VIE return,No Date Flown,3,2,2,No rating,2,3
British Airways customer review,No Aircraft,Solo Leisure,Economy Class,London Gatwick to Tampa International,July 2015,1,3,2,4,1,1
British Airways customer review,Boeing 777-200,Couple Leisure,Economy Class,LHR-BOM,July 2015,4,1,1,5,3,3
British Airways customer review,Boeing 777-300,Solo Leisure,Economy Class,London to Singapire,July 2015,2,3,3,4,4,4
British Airways customer review,Boeing 777-200,Family Leisure,Economy Class,London to Kuala Lumpur,July 2015,4,4,4,3,4,4
British Airways customer review,Boeing 777-200,Solo Leisure,Economy Class,ATL to LHR,July 2015,4,2,3,4,3,3
British Airways customer review,Boeing 767/Airbus A320,Solo Leisure,Premium Economy,London Heathrow to Athens,July 2015,4,2,4,3,3,3
British Airways customer review,Boeing 777,Couple Leisure,Business Class,Orlando to London,May 2015,5,5,4,4,5,5
British Airways customer review,Boeing 777,Business,Business Class,Singapore to Sydney,July 2015,2,1,1,2,3,2
British Airways customer review,No Aircraft,Couple Leisure,First Class,LHR to IAD,July 2015,4,5,3,4,4,2
British Airways customer review,Boeing 777-200,Couple Leisure,Business Class,LHR to KUL,July 2015,4,5,3,4,4,5
British Airways customer review,Boeing 747-400,Solo Leisure,Economy Class,London Heathrow to Bangkok,July 2015,1,2,3,1,1,1
British Airways customer review,No Aircraft,Couple Leisure,Economy Class,LHR to NCL,July 2015,2,3,3,No rating,4,3
British Airways customer review,Boeing 747-400,Solo Leisure,Business Class,London Heathrow to Chicago O'Hare,June 2015,5,5,5,3,5,5
British Airways customer review,Boeing 747-400,Solo Leisure,First Class,ORD to LHR,July 2015,5,5,5,3,5,5
British Airways customer review,Boeing 747,Solo Leisure,Business Class,Vancouver Canada to London,July 2015,2,3,1,1,3,2
British Airways customer review,A321 / Boeing 747-400,Solo Leisure,Economy Class,CAI to JFK via LHR,September 2014,1,5,3,4,5,2
British Airways customer review,Boeing 747- 400,Family Leisure,Economy Class,LHR to JNB,June 2015,3,5,4,3,4,5
British Airways customer review,A321,Business,Economy Class,Heathrow to Brussels,July 2015,3,3,4,No rating,1,2
British Airways customer review,A320,Solo Leisure,Business Class,Tel Aviv to London LHR,December 2014,5,5,5,4,5,4
British Airways customer review,A380,Couple Leisure,Economy Class,LHR to LAX,May 2015,4,5,4,5,5,3
British Airways customer review,Boeing 747-400,Business,Business Class,London to Singapore,July 2015,1,5,4,1,1,3
British Airways customer review,A320,Solo Leisure,Economy Class,LHR to EDI,July 2015,2,4,1,No rating,1,3
British Airways customer review,A319/A320,Couple Leisure,Business Class,Gatwick to Dubrovnik,June 2015,4,4,5,No rating,4,4
British Airways customer review,A321,Family Leisure,Economy Class,LHR to Hamburg,May 2015,5,5,4,1,4,5
British Airways customer review,No Aircraft,Business,Economy Class,Shanghai to London Heathrow,June 2015,1,1,1,3,1,1
British Airways customer review,A320,Family Leisure,Business Class,Helsinki to London,June 2015,1,5,5,No rating,5,4
British Airways customer review,Boeing 747-400,Couple Leisure,Premium Economy,Chicago to Paris via London,May 2015,4,5,4,5,3,4
British Airways customer review,Boeing 767,Business,Business Class,Istanbul to London,July 2015,1,4,1,1,3,1
British Airways customer review,Boeing 777,Business,Business Class,Bangkok to London,July 2015,2,4,3,2,4,3
British Airways customer review,E170,Business,First Class,Dublin to London City,July 2015,2,1,1,No rating,2,1
British Airways customer review,Boeing 777,Business,Business Class,Sydney to Singapore,June 2015,2,2,2,3,2,2
British Airways customer review,Boeing 767,Business,Business Class,London to Istanbul,July 2015,1,3,2,No rating,1,1
British Airways customer review,Boeing 747-400,Business,Business Class,Singapore to London,July 2015,1,3,2,No rating,2,2
British Airways customer review,No Aircraft,Family Leisure,Economy Class,London Gatwick to Orlando MCO,June 2015,3,2,1,5,1,1
British Airways customer review,A318,Solo Leisure,Business Class,LCY to JFK via Shannon,August 2014,5,5,5,5,5,3
British Airways customer review,No Aircraft,Business,Economy Class,London Heathrow to Dubai,June 2015,1,1,1,1,2,1
British Airways customer review,Boeing 777,Family Leisure,Economy Class,Gatwick to Orlando,June 2015,1,2,1,1,1,2
British Airways customer review,A320,Solo Leisure,Economy Class,Heathrow to Warsaw,July 2015,3,5,4,No rating,5,5
British Airways customer review,No Aircraft,Family Leisure,Economy Class,JFK to TAV via LHR,July 2015,2,1,2,2,3,2
British Airways customer review,No Aircraft,Family Leisure,Economy Class,Toronto to Rome via London,July 2015,2,3,1,2,1,1
British Airways customer review,No Aircraft,Family Leisure,Economy Class,Rotterdam to London,June 2015,1,1,No rating,No rating,3,1
British Airways customer review,B777-300 / A319,Solo Leisure,Economy Class,Chicago to Berlin via London Heathrow,June 2015,1,2,1,3,1,1
British Airways customer review,No Aircraft,Solo Leisure,Business Class,LHR to JFK,July 2015,3,3,4,2,4,4
British Airways customer review,No Aircraft,Couple Leisure,Economy Class,Heathrow to Ibiza,June 2015,4,3,1,No rating,1,1
British Airways customer review,A380,Solo Leisure,Economy Class,London to Los Angesles,June 2015,4,5,3,5,4,5
British Airways customer review,Boeing 777-200,Family Leisure,Economy Class,YUL to FCO via LHR,October 2014,4,4,3,3,4,5
British Airways customer review,No Aircraft,Couple Leisure,Premium Economy,Washington DC to Heathrow,June 2015,3,2,2,3,3,1
British Airways customer review,A320 / Boeing 777-300,Solo Leisure,Economy Class,Berlin to Chicago via LHR,June 2015,1,3,2,3,1,1
British Airways customer review,No Aircraft,Couple Leisure,Economy Class,Vienna to London,November 2014,2,1,1,No rating,2,2
British Airways customer review,No Aircraft,Couple Leisure,Economy Class,London to Vienna,November 2014,2,3,3,No rating,3,2
British Airways customer review,A321 and B767,Solo Leisure,Business Class,LHR to FCO,June 2015,4,5,5,No rating,4,4
British Airways customer review,Boeing 767,Couple Leisure,Business Class,LHR to Grand Cayman via Nassau,June 2015,2,5,2,2,2,2
British Airways customer review,A320,Couple Leisure,Business Class,Santorini to LHR,June 2015,3,4,5,No rating,1,4
British Airways customer review,A319,Solo Leisure,Economy Class,London Gatwick to Glasgow,June 2015,5,5,3,No rating,5,4
British Airways customer review,Airbus A380,Couple Leisure,Business Class,London to Johannesburg,May 2015,3,2,2,4,3,2
British Airways customer review,Boeing 737,Couple Leisure,Economy Class,Naples to London Gatwick,June 2015,3,4,3,No rating,1,1
British Airways customer review,A320,Business,Business Class,Geneva to London,May 2015,2,5,4,4,4,4
British Airways customer review,B747-400 / A319,Solo Leisure,Economy Class,Vancouver to Berlin via London,April 2015,1,4,3,3,4,2
British Airways customer review,No Aircraft,Business,Business Class,LHR to LUX,June 2015,3,5,5,No rating,4,4
British Airways customer review,A320,Solo Leisure,First Class,LHR to NCL,June 2015,3,3,3,No rating,1,3
British Airways customer review,A320,Couple Leisure,Business Class,LHR to Santorini,June 2015,2,4,5,No rating,4,4
British Airways customer review,B747 400,Solo Leisure,First Class,LHR to MIA,June 2015,4,5,5,4,5,5
British Airways customer review,777-200,Couple Leisure,Economy Class,Bangkok to Heathrow,May 2015,1,1,1,1,1,1
British Airways customer review,777,Business,Business Class,Buenos Aires to Heathrow,July 2014,5,5,4,5,4,3
British Airways customer review,No Aircraft,Solo Leisure,No Seat Type,Los Angeles to London to Paris to Rome,May 2015,1,4,3,2,1,1
British Airways customer review,No Aircraft,Couple Leisure,Business Class,LHR to BKK,June 2015,3,5,4,3,4,3
British Airways customer review,A320,Solo Leisure,Economy Class,LHR to Milan Malpensa,June 2015,4,5,4,No rating,4,4
British Airways customer review,boeing 787,Solo Leisure,Business Class,Seoul to London,June 2015,4,3,3,4,3,3
British Airways customer review,No Aircraft,Couple Leisure,Economy Class,London to Turkey,June 2015,5,5,5,No rating,5,5
British Airways customer review,No Aircraft,Solo Leisure,Economy Class,Abu Dhabi to Muscat,June 2015,5,5,3,No rating,4,5
British Airways customer review,B747-400,Solo Leisure,Economy Class,LHR to YYZ,May 2015,3,4,4,4,4,4
British Airways customer review,A320,Couple Leisure,Economy Class,LGW to VCE,June 2015,3,5,3,No rating,4,4
British Airways customer review,A321,Business,Business Class,LHR to SOF,May 2015,1,3,2,1,3,1
British Airways customer review,B747,Solo Leisure,Economy Class,LHR-DEN,May 2015,3,5,4,2,No rating,4
British Airways customer review,777-300,Solo Leisure,Business Class,ORD-LHR,June 2015,4,5,2,4,No rating,5
British Airways customer review,A321,Solo Leisure,Economy Class,LHR-GLA,June 2015,4,5,3,No rating,No rating,4
British Airways customer review,A321,Solo Leisure,Economy Class,GLA-LHR,May 2015,4,5,4,No rating,No rating,4
British Airways customer review,A319,Business,Business Class,FRA-LHR,No Date Flown,5,2,2,1,No rating,1
British Airways customer review,Boeing 777,Couple Leisure,Business Class,Gatwick to Barbados,No Date Flown,3,4,3,4,No rating,3
British Airways customer review,Airbus 319,Business,Business Class,Kiev to London,No Date Flown,3,5,No rating,4,No rating,4
British Airways customer review,No Aircraft,Family Leisure,Economy Class,No Route,No Date Flown,3,5,5,5,No rating,4
British Airways customer review,Boeing 747-400,Business,Business Class,London-Vancouver return,No Date Flown,4,5,4,3,No rating,5
British Airways customer review,Boeing 747-400,Business,Business Class,LHR-ORD,No Date Flown,4,2,3,4,No rating,3
British Airways customer review,No Aircraft,Business,Premium Economy,BOM-LHR,No Date Flown,4,1,1,3,No rating,3
British Airways customer review,No Aircraft,Business,Business Class,LHR-BOM,No Date Flown,2,5,2,3,No rating,3
British Airways customer review,Boeing 747 / 777,Family Leisure,Business Class,No Route,No Date Flown,4,5,5,2,No rating,5
British Airways customer review,No Aircraft,No Type Of Traveller,Business Class,No Route,No Date Flown,3,3,4,1,No rating,3
British Airways customer review,No Aircraft,No Type Of Traveller,First Class,No Route,No Date Flown,4,3,1,4,No rating,3
British Airways customer review,No Aircraft,No Type Of Traveller,Business Class,No Route,No Date Flown,1,1,1,1,No rating,1
British Airways customer review,No Aircraft,No Type Of Traveller,Economy Class,No Route,No Date Flown,1,1,2,2,No rating,1
British Airways customer review,No Aircraft,No Type Of Traveller,Economy Class,No Route,No Date Flown,1,4,1,2,No rating,1
British Airways customer review,No Aircraft,No Type Of Traveller,Business Class,No Route,No Date Flown,3,3,2,1,No rating,2
British Airways customer review,No Aircraft,No Type Of Traveller,Economy Class,No Route,No Date Flown,4,3,2,1,No rating,2
British Airways customer review,No Aircraft,No Type Of Traveller,Premium Economy,No Route,No Date Flown,1,4,2,1,No rating,1
British Airways customer review,No Aircraft,No Type Of Traveller,Premium Economy,No Route,No Date Flown,3,3,2,1,No rating,3
British Airways customer review,No Aircraft,No Type Of Traveller,Economy Class,No Route,No Date Flown,4,4,4,3,No rating,5
British Airways customer review,No Aircraft,No Type Of Traveller,Economy Class,No Route,No Date Flown,2,1,1,3,No rating,2
British Airways customer review,No Aircraft,No Type Of Traveller,Premium Economy,No Route,No Date Flown,5,5,4,3,No rating,4
British Airways customer review,No Aircraft,No Type Of Traveller,Economy Class,No Route,No Date Flown,4,4,4,1,No rating,4
British Airways customer review,No Aircraft,No Type Of Traveller,Business Class,No Route,No Date Flown,1,4,1,1,No rating,1
British Airways customer review,No Aircraft,No Type Of Traveller,First Class,No Route,No Date Flown,5,5,4,5,No rating,3
British Airways customer review,No Aircraft,No Type Of Traveller,No Seat Type,No Route,No Date Flown,1,2,1,3,No rating,1
British Airways customer review,No Aircraft,No Type Of Traveller,Economy Class,No Route,No Date Flown,3,2,3,3,No rating,2
British Airways customer review,No Aircraft,No Type Of Traveller,Premium Economy,No Route,No Date Flown,4,2,2,3,No rating,3
British Airways customer review,No Aircraft,No Type Of Traveller,Economy Class,No Route,No Date Flown,1,1,1,2,No rating,1
British Airways customer review,No Aircraft,No Type Of Traveller,Economy Class,No Route,No Date Flown,3,2,1,1,No rating,2
British Airways customer review,No Aircraft,No Type Of Traveller,Economy Class,No Route,No Date Flown,4,4,4,3,No rating,4
British Airways customer review,No Aircraft,No Type Of Traveller,Premium Economy,No Route,No Date Flown,4,5,3,4,No rating,5
British Airways customer review,No Aircraft,No Type Of Traveller,Economy Class,No Route,No Date Flown,5,5,5,4,No rating,5
British Airways customer review,No Aircraft,No Type Of Traveller,Premium Economy,No Route,No Date Flown,2,1,1,1,No rating,1
British Airways customer review,No Aircraft,No Type Of Traveller,Business Class,No Route,No Date Flown,1,4,1,1,No rating,1
British Airways customer review,No Aircraft,No Type Of Traveller,First Class,No Route,No Date Flown,5,5,5,5,No rating,5
British Airways customer review,No Aircraft,No Type Of Traveller,Economy Class,No Route,No Date Flown,4,5,3,4,No rating,5
British Airways customer review,No Aircraft,No Type Of Traveller,Business Class,No Route,No Date Flown,1,3,1,1,No rating,1
British Airways customer review,No Aircraft,No Type Of Traveller,Economy Class,No Route,No Date Flown,2,3,2,2,No rating,3
British Airways customer review,No Aircraft,No Type Of Traveller,Business Class,No Route,No Date Flown,4,4,4,3,No rating,4
British Airways customer review,No Aircraft,No Type Of Traveller,Business Class,No Route,No Date Flown,4,5,5,4,No rating,4
British Airways customer review,No Aircraft,No Type Of Traveller,First Class,No Route,No Date Flown,5,5,5,5,No rating,5
British Airways customer review,No Aircraft,No Type Of Traveller,Premium Economy,No Route,No Date Flown,3,4,4,5,No rating,4
British Airways customer review,No Aircraft,No Type Of Traveller,Business Class,No Route,No Date Flown,4,4,4,3,No rating,4
British Airways customer review,No Aircraft,No Type Of Traveller,Business Class,No Route,No Date Flown,4,5,5,4,No rating,5
British Airways customer review,No Aircraft,No Type Of Traveller,Economy Class,No Route,No Date Flown,4,5,3,1,No rating,5
British Airways customer review,No Aircraft,No Type Of Traveller,Economy Class,No Route,No Date Flown,4,4,2,2,No rating,3
British Airways customer review,No Aircraft,No Type Of Traveller,Business Class,No Route,No Date Flown,5,5,5,5,No rating,5
British Airways customer review,No Aircraft,No Type Of Traveller,First Class,No Route,No Date Flown,5,5,5,5,No rating,5
British Airways customer review,No Aircraft,No Type Of Traveller,Premium Economy,No Route,No Date Flown,4,4,4,3,No rating,4
British Airways customer review,No Aircraft,No Type Of Traveller,Business Class,No Route,No Date Flown,5,5,5,5,No rating,4
British Airways customer review,No Aircraft,No Type Of Traveller,Economy Class,No Route,No Date Flown,5,5,4,5,No rating,4
British Airways customer review,No Aircraft,No Type Of Traveller,Business Class,No Route,No Date Flown,4,4,4,2,No rating,4
British Airways customer review,No Aircraft,No Type Of Traveller,Business Class,No Route,No Date Flown,4,5,5,1,No rating,3
British Airways customer review,No Aircraft,No Type Of Traveller,Business Class,No Route,No Date Flown,4,5,5,3,No rating,4
British Airways customer review,No Aircraft,No Type Of Traveller,Premium Economy,No Route,No Date Flown,4,5,4,2,No rating,5
British Airways customer review,No Aircraft,No Type Of Traveller,Business Class,No Route,No Date Flown,5,5,5,3,No rating,5
British Airways customer review,No Aircraft,No Type Of Traveller,Economy Class,No Route,No Date Flown,1,4,1,4,No rating,1
British Airways customer review,No Aircraft,No Type Of Traveller,Business Class,No Route,No Date Flown,1,1,2,1,No rating,1
British Airways customer review,No Aircraft,No Type Of Traveller,Premium Economy,No Route,No Date Flown,2,4,2,1,No rating,3
British Airways customer review,No Aircraft,No Type Of Traveller,Business Class,No Route,No Date Flown,1,1,1,2,No rating,2
British Airways customer review,No Aircraft,No Type Of Traveller,Premium Economy,No Route,No Date Flown,5,5,5,5,No rating,5
British Airways customer review,No Aircraft,No Type Of Traveller,Business Class,No Route,No Date Flown,5,5,4,5,No rating,5
British Airways customer review,No Aircraft,No Type Of Traveller,Business Class,No Route,No Date Flown,1,5,5,5,No rating,5
British Airways customer review,No Aircraft,No Type Of Traveller,Premium Economy,No Route,No Date Flown,3,1,2,5,No rating,3
British Airways customer review,No Aircraft,No Type Of Traveller,Economy Class,No Route,No Date Flown,5,5,5,2,No rating,5
British Airways customer review,No Aircraft,No Type Of Traveller,First Class,No Route,No Date Flown,5,5,4,4,No rating,5
British Airways customer review,No Aircraft,No Type Of Traveller,Business Class,No Route,No Date Flown,5,5,5,3,No rating,5
British Airways customer review,No Aircraft,No Type Of Traveller,Premium Economy,No Route,No Date Flown,4,5,5,5,No rating,4
British Airways customer review,No Aircraft,No Type Of Traveller,Economy Class,No Route,No Date Flown,4,5,4,4,No rating,4
British Airways customer review,No Aircraft,No Type Of Traveller,Business Class,No Route,No Date Flown,4,5,5,5,No rating,5
British Airways customer review,No Aircraft,No Type Of Traveller,Business Class,No Route,No Date Flown,2,5,5,2,No rating,3
British Airways customer review,No Aircraft,No Type Of Traveller,Business Class,No Route,No Date Flown,2,5,3,1,No rating,4
British Airways customer review,No Aircraft,No Type Of Traveller,Business Class,No Route,No Date Flown,5,5,5,5,No rating,5
British Airways customer review,No Aircraft,No Type Of Traveller,First Class,No Route,No Date Flown,5,5,5,5,No rating,5
British Airways customer review,No Aircraft,No Type Of Traveller,Business Class,No Route,No Date Flown,5,5,5,5,No rating,5
British Airways customer review,No Aircraft,No Type Of Traveller,Premium Economy,No Route,No Date Flown,4,5,5,5,No rating,5
British Airways customer review,No Aircraft,No Type Of Traveller,Premium Economy,No Route,No Date Flown,4,3,3,3,No rating,4
British Airways customer review,No Aircraft,No Type Of Traveller,First Class,No Route,No Date Flown,5,5,4,4,No rating,5
British Airways customer review,No Aircraft,No Type Of Traveller,Economy Class,No Route,No Date Flown,5,5,5,5,No rating,4
British Airways customer review,No Aircraft,No Type Of Traveller,Business Class,No Route,No Date Flown,1,1,2,1,No rating,2
British Airways customer review,No Aircraft,No Type Of Traveller,Economy Class,No Route,No Date Flown,5,3,4,2,No rating,5
British Airways customer review,No Aircraft,No Type Of Traveller,First Class,No Route,No Date Flown,5,5,5,5,No rating,5
British Airways customer review,No Aircraft,No Type Of Traveller,Business Class,No Route,No Date Flown,3,5,5,1,No rating,4
British Airways customer review,No Aircraft,No Type Of Traveller,Economy Class,No Route,No Date Flown,5,5,5,5,No rating,4
British Airways customer review,No Aircraft,No Type Of Traveller,Premium Economy,No Route,No Date Flown,1,1,3,1,No rating,1
British Airways customer review,No Aircraft,No Type Of Traveller,Business Class,No Route,No Date Flown,4,5,5,4,No rating,5
British Airways customer review,No Aircraft,No Type Of Traveller,Economy Class,No Route,No Date Flown,5,4,5,5,No rating,4
British Airways customer review,No Aircraft,No Type Of Traveller,Economy Class,No Route,No Date Flown,3,3,2,4,No rating,3
British Airways customer review,No Aircraft,No Type Of Traveller,Economy Class,No Route,No Date Flown,4,5,4,1,No rating,5
British Airways customer review,No Aircraft,No Type Of Traveller,Economy Class,No Route,No Date Flown,5,5,4,3,No rating,4
British Airways customer review,No Aircraft,No Type Of Traveller,Economy Class,No Route,No Date Flown,5,5,5,3,No rating,5
British Airways customer review,No Aircraft,No Type Of Traveller,Premium Economy,No Route,No Date Flown,3,3,4,5,No rating,4
British Airways customer review,No Aircraft,No Type Of Traveller,Economy Class,No Route,No Date Flown,3,4,4,1,No rating,5
British Airways customer review,No Aircraft,No Type Of Traveller,Business Class,No Route,No Date Flown,1,5,1,1,No rating,3
British Airways customer review,No Aircraft,No Type Of Traveller,Economy Class,No Route,No Date Flown,2,3,4,3,No rating,3
British Airways customer review,No Aircraft,No Type Of Traveller,Business Class,No Route,No Date Flown,1,1,1,3,No rating,1
British Airways customer review,No Aircraft,No Type Of Traveller,Economy Class,No Route,No Date Flown,2,1,2,2,No rating,3
British Airways customer review,No Aircraft,No Type Of Traveller,Business Class,No Route,No Date Flown,5,5,4,5,No rating,4
British Airways customer review,No Aircraft,No Type Of Traveller,Business Class,No Route,No Date Flown,1,4,3,3,No rating,4
British Airways customer review,No Aircraft,No Type Of Traveller,Economy Class,No Route,No Date Flown,4,3,3,1,No rating,1
British Airways customer review,No Aircraft,No Type Of Traveller,First Class,No Route,No Date Flown,5,2,5,3,No rating,4
British Airways customer review,No Aircraft,No Type Of Traveller,Economy Class,No Route,No Date Flown,4,3,1,3,No rating,3
British Airways customer review,No Aircraft,No Type Of Traveller,Business Class,No Route,No Date Flown,1,3,3,1,No rating,1
British Airways customer review,No Aircraft,No Type Of Traveller,Economy Class,No Route,No Date Flown,2,2,3,2,No rating,3
British Airways customer review,No Aircraft,No Type Of Traveller,Business Class,No Route,No Date Flown,2,3,2,1,No rating,3
British Airways customer review,No Aircraft,No Type Of Traveller,Business Class,No Route,No Date Flown,2,4,3,1,No rating,4
British Airways customer review,No Aircraft,No Type Of Traveller,Economy Class,No Route,No Date Flown,1,4,1,3,No rating,2
British Airways customer review,No Aircraft,No Type Of Traveller,Economy Class,No Route,No Date Flown,4,4,4,4,No rating,4
British Airways customer review,No Aircraft,No Type Of Traveller,Business Class,No Route,No Date Flown,1,2,1,1,No rating,1
British Airways customer review,No Aircraft,No Type Of Traveller,Premium Economy,No Route,No Date Flown,4,3,4,5,No rating,4
British Airways customer review,No Aircraft,No Type Of Traveller,Business Class,No Route,No Date Flown,4,1,2,2,No rating,1
British Airways customer review,No Aircraft,No Type Of Traveller,Economy Class,No Route,No Date Flown,3,4,3,1,No rating,4
British Airways customer review,No Aircraft,No Type Of Traveller,Economy Class,No Route,No Date Flown,4,5,4,1,No rating,2
British Airways customer review,No Aircraft,No Type Of Traveller,Business Class,No Route,No Date Flown,3,4,4,2,No rating,3
British Airways customer review,No Aircraft,No Type Of Traveller,Business Class,No Route,No Date Flown,1,2,1,1,No rating,1
British Airways customer review,No Aircraft,No Type Of Traveller,First Class,No Route,No Date Flown,3,3,1,3,No rating,2
British Airways customer review,No Aircraft,No Type Of Traveller,Business Class,No Route,No Date Flown,3,3,3,5,No rating,3
British Airways customer review,No Aircraft,No Type Of Traveller,Premium Economy,No Route,No Date Flown,2,1,2,1,No rating,2
British Airways customer review,No Aircraft,No Type Of Traveller,Business Class,No Route,No Date Flown,3,3,1,2,No rating,3
British Airways customer review,No Aircraft,No Type Of Traveller,Business Class,No Route,No Date Flown,2,5,5,5,No rating,4
British Airways customer review,No Aircraft,No Type Of Traveller,Economy Class,No Route,No Date Flown,4,4,5,1,No rating,4
British Airways customer review,No Aircraft,No Type Of Traveller,Economy Class,No Route,No Date Flown,1,1,1,1,No rating,1
British Airways customer review,No Aircraft,No Type Of Traveller,Business Class,No Route,No Date Flown,1,3,1,1,No rating,1
British Airways customer review,No Aircraft,No Type Of Traveller,Economy Class,No Route,No Date Flown,3,2,2,1,No rating,4
British Airways customer review,No Aircraft,No Type Of Traveller,Economy Class,No Route,No Date Flown,2,3,1,1,No rating,3
British Airways customer review,No Aircraft,No Type Of Traveller,Premium Economy,No Route,No Date Flown,5,5,5,4,No rating,5
British Airways customer review,No Aircraft,No Type Of Traveller,Business Class,No Route,No Date Flown,4,3,3,1,No rating,3
British Airways customer review,No Aircraft,No Type Of Traveller,Business Class,No Route,No Date Flown,2,4,4,1,No rating,3
British Airways customer review,No Aircraft,No Type Of Traveller,Premium Economy,No Route,No Date Flown,4,4,4,4,No rating,4
British Airways customer review,No Aircraft,No Type Of Traveller,Economy Class,No Route,No Date Flown,4,5,5,4,No rating,5
British Airways customer review,No Aircraft,No Type Of Traveller,Economy Class,No Route,No Date Flown,4,4,4,2,No rating,3
British Airways customer review,No Aircraft,No Type Of Traveller,Business Class,No Route,No Date Flown,2,4,3,1,No rating,2
British Airways customer review,No Aircraft,No Type Of Traveller,First Class,No Route,No Date Flown,4,4,5,4,No rating,4
British Airways customer review,No Aircraft,No Type Of Traveller,Economy Class,No Route,No Date Flown,2,5,4,1,No rating,4
British Airways customer review,No Aircraft,No Type Of Traveller,Business Class,No Route,No Date Flown,1,5,3,4,No rating,1
British Airways customer review,No Aircraft,No Type Of Traveller,Economy Class,No Route,No Date Flown,5,4,4,4,No rating,5
British Airways customer review,No Aircraft,No Type Of Traveller,Economy Class,No Route,No Date Flown,3,2,3,1,No rating,4
British Airways customer review,No Aircraft,No Type Of Traveller,Economy Class,No Route,No Date Flown,5,1,1,1,No rating,5
British Airways customer review,No Aircraft,No Type Of Traveller,Economy Class,No Route,No Date Flown,4,5,4,1,No rating,5
British Airways customer review,No Aircraft,No Type Of Traveller,Economy Class,No Route,No Date Flown,5,1,1,1,No rating,5
British Airways customer review,No Aircraft,No Type Of Traveller,Economy Class,No Route,No Date Flown,4,5,4,1,No rating,5
British Airways customer review,No Aircraft,No Type Of Traveller,Economy Class,No Route,No Date Flown,3,3,4,1,No rating,4
British Airways customer review,No Aircraft,No Type Of Traveller,Premium Economy,No Route,No Date Flown,4,5,4,5,No rating,5
British Airways customer review,No Aircraft,No Type Of Traveller,Business Class,No Route,No Date Flown,4,5,4,4,No rating,5
British Airways customer review,No Aircraft,No Type Of Traveller,Economy Class,No Route,No Date Flown,1,1,2,1,No rating,2
British Airways customer review,No Aircraft,No Type Of Traveller,Economy Class,No Route,No Date Flown,3,4,4,3,No rating,3
British Airways customer review,No Aircraft,No Type Of Traveller,First Class,No Route,No Date Flown,3,1,1,1,No rating,1
British Airways customer review,No Aircraft,No Type Of Traveller,First Class,No Route,No Date Flown,4,4,2,4,No rating,3
British Airways customer review,No Aircraft,No Type Of Traveller,Economy Class,No Route,No Date Flown,4,4,4,2,No rating,4
British Airways customer review,No Aircraft,No Type Of Traveller,Economy Class,No Route,No Date Flown,1,2,1,1,No rating,2
British Airways customer review,No Aircraft,No Type Of Traveller,Business Class,No Route,No Date Flown,2,3,3,2,No rating,4
British Airways customer review,No Aircraft,No Type Of Traveller,Economy Class,No Route,No Date Flown,5,5,5,3,No rating,5
British Airways customer review,No Aircraft,No Type Of Traveller,Business Class,No Route,No Date Flown,5,5,4,4,No rating,5
British Airways customer review,No Aircraft,No Type Of Traveller,Business Class,No Route,No Date Flown,5,5,5,2,No rating,5
British Airways customer review,No Aircraft,No Type Of Traveller,Economy Class,No Route,No Date Flown,3,4,3,3,No rating,4
British Airways customer review,No Aircraft,No Type Of Traveller,Economy Class,No Route,No Date Flown,4,4,3,2,No rating,4
British Airways customer review,No Aircraft,No Type Of Traveller,Business Class,No Route,No Date Flown,1,3,2,1,No rating,2
British Airways customer review,No Aircraft,No Type Of Traveller,Business Class,No Route,No Date Flown,4,5,4,5,No rating,4
British Airways customer review,No Aircraft,No Type Of Traveller,Economy Class,No Route,No Date Flown,3,3,5,1,No rating,4
British Airways customer review,No Aircraft,No Type Of Traveller,Economy Class,No Route,No Date Flown,4,3,2,1,No rating,3
British Airways customer review,No Aircraft,No Type Of Traveller,Economy Class,No Route,No Date Flown,2,5,3,1,No rating,4
British Airways customer review,No Aircraft,No Type Of Traveller,Business Class,No Route,No Date Flown,3,2,1,3,No rating,3
British Airways customer review,No Aircraft,No Type Of Traveller,Business Class,No Route,No Date Flown,5,3,2,5,No rating,2
British Airways customer review,No Aircraft,No Type Of Traveller,Economy Class,No Route,No Date Flown,3,4,3,5,No rating,5
British Airways customer review,No Aircraft,No Type Of Traveller,Business Class,No Route,No Date Flown,4,2,1,1,No rating,2
British Airways customer review,No Aircraft,No Type Of Traveller,Business Class,No Route,No Date Flown,2,2,1,1,No rating,1
British Airways customer review,No Aircraft,No Type Of Traveller,Business Class,No Route,No Date Flown,3,5,5,1,No rating,5
British Airways customer review,No Aircraft,No Type Of Traveller,Economy Class,No Route,No Date Flown,1,2,1,1,No rating,2
British Airways customer review,No Aircraft,No Type Of Traveller,Business Class,No Route,No Date Flown,1,4,3,1,No rating,2
British Airways customer review,No Aircraft,No Type Of Traveller,Economy Class,No Route,No Date Flown,2,3,3,4,No rating,3
British Airways customer review,No Aircraft,No Type Of Traveller,Business Class,No Route,No Date Flown,1,4,3,1,No rating,2
British Airways customer review,No Aircraft,No Type Of Traveller,Economy Class,No Route,No Date Flown,4,5,4,1,No rating,4
British Airways customer review,No Aircraft,No Type Of Traveller,Economy Class,No Route,No Date Flown,1,3,1,2,No rating,1
British Airways customer review,No Aircraft,No Type Of Traveller,Economy Class,No Route,No Date Flown,3,1,1,3,No rating,5
British Airways customer review,No Aircraft,No Type Of Traveller,Economy Class,No Route,No Date Flown,4,2,2,1,No rating,3
British Airways customer review,No Aircraft,No Type Of Traveller,Business Class,No Route,No Date Flown,1,5,4,1,No rating,1
British Airways customer review,No Aircraft,No Type Of Traveller,Business Class,No Route,No Date Flown,4,5,4,1,No rating,4
British Airways customer review,No Aircraft,No Type Of Traveller,Business Class,No Route,No Date Flown,1,2,1,2,No rating,2
British Airways customer review,No Aircraft,No Type Of Traveller,Business Class,No Route,No Date Flown,3,5,5,2,No rating,5
British Airways customer review,No Aircraft,No Type Of Traveller,Economy Class,No Route,No Date Flown,3,4,2,1,No rating,4
British Airways customer review,No Aircraft,No Type Of Traveller,Business Class,No Route,No Date Flown,1,2,1,2,No rating,2
British Airways customer review,No Aircraft,No Type Of Traveller,Economy Class,No Route,No Date Flown,4,5,4,5,No rating,5
British Airways customer review,No Aircraft,No Type Of Traveller,Economy Class,No Route,No Date Flown,3,4,4,5,No rating,4
British Airways customer review,No Aircraft,No Type Of Traveller,Premium Economy,No Route,No Date Flown,5,5,5,4,No rating,5
British Airways customer review,No Aircraft,No Type Of Traveller,Business Class,No Route,No Date Flown,4,5,4,3,No rating,4
British Airways customer review,No Aircraft,No Type Of Traveller,Business Class,No Route,No Date Flown,1,4,2,2,No rating,1
British Airways customer review,No Aircraft,No Type Of Traveller,Premium Economy,No Route,No Date Flown,2,1,1,2,No rating,1
British Airways customer review,No Aircraft,No Type Of Traveller,Economy Class,No Route,No Date Flown,2,4,3,1,No rating,1
British Airways customer review,No Aircraft,No Type Of Traveller,Economy Class,No Route,No Date Flown,1,2,3,1,No rating,3
British Airways customer review,No Aircraft,No Type Of Traveller,First Class,No Route,No Date Flown,2,4,4,3,No rating,3
British Airways customer review,No Aircraft,No Type Of Traveller,Premium Economy,No Route,No Date Flown,3,3,2,2,No rating,3
British Airways customer review,No Aircraft,No Type Of Traveller,Economy Class,No Route,No Date Flown,4,4,4,1,No rating,4
British Airways customer review,No Aircraft,No Type Of Traveller,Economy Class,No Route,No Date Flown,1,1,2,1,No rating,3
British Airways customer review,No Aircraft,No Type Of Traveller,Economy Class,No Route,No Date Flown,3,1,2,3,No rating,1
British Airways customer review,No Aircraft,No Type Of Traveller,Economy Class,No Route,No Date Flown,2,3,2,1,No rating,2
British Airways customer review,No Aircraft,No Type Of Traveller,Business Class,No Route,No Date Flown,3,4,2,3,No rating,3
British Airways customer review,No Aircraft,No Type Of Traveller,Economy Class,No Route,No Date Flown,1,1,1,2,No rating,1
British Airways customer review,No Aircraft,No Type Of Traveller,Economy Class,No Route,No Date Flown,3,1,2,2,No rating,3
British Airways customer review,No Aircraft,No Type Of Traveller,Business Class,No Route,No Date Flown,5,5,5,4,No rating,5
British Airways customer review,No Aircraft,No Type Of Traveller,Business Class,No Route,No Date Flown,4,2,2,4,No rating,4
British Airways customer review,No Aircraft,No Type Of Traveller,First Class,No Route,No Date Flown,2,5,0,3,No rating,3
British Airways customer review,No Aircraft,No Type Of Traveller,Economy Class,No Route,No Date Flown,3,5,1,1,No rating,2
British Airways customer review,No Aircraft,No Type Of Traveller,First Class,No Route,No Date Flown,5,5,5,4,No rating,5
British Airways customer review,No Aircraft,No Type Of Traveller,First Class,No Route,No Date Flown,5,4,4,3,No rating,5
British Airways customer review,No Aircraft,No Type Of Traveller,Economy Class,No Route,No Date Flown,1,3,3,3,No rating,1
British Airways customer review,No Aircraft,No Type Of Traveller,Premium Economy,No Route,No Date Flown,1,4,2,1,No rating,1
British Airways customer review,No Aircraft,No Type Of Traveller,Economy Class,No Route,No Date Flown,1,1,1,2,No rating,1
British Airways customer review,No Aircraft,No Type Of Traveller,Economy Class,No Route,No Date Flown,3,1,2,2,No rating,3
British Airways customer review,No Aircraft,No Type Of Traveller,Business Class,No Route,No Date Flown,1,4,4,1,No rating,3
British Airways customer review,No Aircraft,No Type Of Traveller,Business Class,No Route,No Date Flown,3,5,2,2,No rating,3
British Airways customer review,No Aircraft,No Type Of Traveller,Business Class,No Route,No Date Flown,2,1,1,3,No rating,1
British Airways customer review,No Aircraft,No Type Of Traveller,Economy Class,No Route,No Date Flown,3,4,3,1,No rating,4
British Airways customer review,No Aircraft,No Type Of Traveller,Premium Economy,No Route,No Date Flown,2,4,4,4,No rating,4
British Airways customer review,No Aircraft,No Type Of Traveller,Business Class,No Route,No Date Flown,5,5,5,5,No rating,5
British Airways customer review,No Aircraft,No Type Of Traveller,Economy Class,No Route,No Date Flown,5,5,5,5,No rating,5
British Airways customer review,No Aircraft,No Type Of Traveller,Economy Class,No Route,No Date Flown,3,5,4,4,No rating,4
British Airways customer review,No Aircraft,No Type Of Traveller,Business Class,No Route,No Date Flown,3,5,4,2,No rating,2
British Airways customer review,No Aircraft,No Type Of Traveller,Business Class,No Route,No Date Flown,4,5,5,5,No rating,3
British Airways customer review,No Aircraft,No Type Of Traveller,Economy Class,No Route,No Date Flown,3,3,1,3,No rating,1
British Airways customer review,No Aircraft,No Type Of Traveller,First Class,No Route,No Date Flown,5,5,5,3,No rating,4
British Airways customer review,No Aircraft,No Type Of Traveller,Business Class,No Route,No Date Flown,3,5,5,1,No rating,4
British Airways customer review,No Aircraft,No Type Of Traveller,Economy Class,No Route,No Date Flown,2,4,4,1,No rating,4
British Airways customer review,No Aircraft,No Type Of Traveller,Business Class,No Route,No Date Flown,3,4,3,2,No rating,3
British Airways customer review,No Aircraft,No Type Of Traveller,Business Class,No Route,No Date Flown,4,5,5,5,No rating,3
British Airways customer review,No Aircraft,No Type Of Traveller,Economy Class,No Route,No Date Flown,3,3,1,3,No rating,1
British Airways customer review,No Aircraft,No Type Of Traveller,Premium Economy,No Route,No Date Flown,4,5,5,3,No rating,5
British Airways customer review,No Aircraft,No Type Of Traveller,Business Class,No Route,No Date Flown,3,3,3,2,No rating,3
British Airways customer review,No Aircraft,No Type Of Traveller,Business Class,No Route,No Date Flown,5,4,4,5,No rating,4
British Airways customer review,No Aircraft,No Type Of Traveller,Economy Class,No Route,No Date Flown,1,1,2,1,No rating,1
British Airways customer review,No Aircraft,No Type Of Traveller,Business Class,No Route,No Date Flown,4,4,4,4,No rating,4
British Airways customer review,No Aircraft,No Type Of Traveller,Economy Class,No Route,No Date Flown,4,5,5,1,No rating,5
British Airways customer review,No Aircraft,No Type Of Traveller,Economy Class,No Route,No Date Flown,2,1,1,3,No rating,2
British Airways customer review,No Aircraft,No Type Of Traveller,Business Class,No Route,No Date Flown,4,4,3,3,No rating,5
British Airways customer review,No Aircraft,No Type Of Traveller,First Class,No Route,No Date Flown,2,1,4,1,No rating,1
British Airways customer review,No Aircraft,No Type Of Traveller,Economy Class,No Route,No Date Flown,1,2,2,2,No rating,1
British Airways customer review,No Aircraft,No Type Of Traveller,Economy Class,No Route,No Date Flown,4,4,1,1,No rating,2
British Airways customer review,No Aircraft,No Type Of Traveller,Economy Class,No Route,No Date Flown,2,3,2,4,No rating,3
British Airways customer review,No Aircraft,No Type Of Traveller,Economy Class,No Route,No Date Flown,2,2,1,2,No rating,3
British Airways customer review,No Aircraft,No Type Of Traveller,Business Class,No Route,No Date Flown,3,3,3,3,No rating,3
British Airways customer review,No Aircraft,No Type Of Traveller,Business Class,No Route,No Date Flown,3,4,4,3,No rating,4
British Airways customer review,No Aircraft,No Type Of Traveller,First Class,No Route,No Date Flown,4,3,2,2,No rating,4
British Airways customer review,No Aircraft,No Type Of Traveller,Business Class,No Route,No Date Flown,3,3,3,3,No rating,3
British Airways customer review,No Aircraft,No Type Of Traveller,Business Class,No Route,No Date Flown,2,4,4,4,No rating,3
British Airways customer review,No Aircraft,No Type Of Traveller,Business Class,No Route,No Date Flown,1,3,2,1,No rating,1
British Airways customer review,No Aircraft,No Type Of Traveller,First Class,No Route,No Date Flown,3,5,2,3,No rating,3
British Airways customer review,No Aircraft,No Type Of Traveller,First Class,No Route,No Date Flown,4,5,4,4,No rating,5
British Airways customer review,No Aircraft,No Type Of Traveller,Business Class,No Route,No Date Flown,5,5,5,3,No rating,5
British Airways customer review,No Aircraft,No Type Of Traveller,Business Class,No Route,No Date Flown,4,5,4,3,No rating,4
British Airways customer review,No Aircraft,No Type Of Traveller,Business Class,No Route,No Date Flown,3,4,4,5,No rating,4
British Airways customer review,No Aircraft,No Type Of Traveller,Economy Class,No Route,No Date Flown,5,5,4,4,No rating,5
British Airways customer review,No Aircraft,No Type Of Traveller,Economy Class,No Route,No Date Flown,2,1,3,4,No rating,2
British Airways customer review,No Aircraft,No Type Of Traveller,Business Class,No Route,No Date Flown,2,4,2,1,No rating,1
British Airways customer review,No Aircraft,No Type Of Traveller,Business Class,No Route,No Date Flown,5,2,4,5,No rating,3
British Airways customer review,No Aircraft,No Type Of Traveller,Economy Class,No Route,No Date Flown,2,2,2,1,No rating,1
British Airways customer review,No Aircraft,No Type Of Traveller,Economy Class,No Route,No Date Flown,1,1,1,3,No rating,2
British Airways customer review,No Aircraft,No Type Of Traveller,Economy Class,No Route,No Date Flown,3,4,4,2,No rating,5
British Airways customer review,No Aircraft,No Type Of Traveller,First Class,No Route,No Date Flown,4,5,4,4,No rating,5
British Airways customer review,No Aircraft,No Type Of Traveller,Business Class,No Route,No Date Flown,5,5,5,4,No rating,5
British Airways customer review,No Aircraft,No Type Of Traveller,Economy Class,No Route,No Date Flown,1,5,5,4,No rating,3
British Airways customer review,No Aircraft,No Type Of Traveller,Economy Class,No Route,No Date Flown,3,4,4,2,No rating,5
British Airways customer review,No Aircraft,No Type Of Traveller,First Class,No Route,No Date Flown,4,5,4,4,No rating,5
British Airways customer review,No Aircraft,No Type Of Traveller,Business Class,No Route,No Date Flown,5,5,5,4,No rating,5
British Airways customer review,No Aircraft,No Type Of Traveller,Economy Class,No Route,No Date Flown,1,5,5,4,No rating,3
British Airways customer review,No Aircraft,No Type Of Traveller,Business Class,No Route,No Date Flown,5,5,5,4,No rating,5
British Airways customer review,No Aircraft,No Type Of Traveller,Premium Economy,No Route,No Date Flown,2,4,3,1,No rating,3
British Airways customer review,No Aircraft,No Type Of Traveller,First Class,No Route,No Date Flown,5,4,4,4,No rating,4
British Airways customer review,No Aircraft,No Type Of Traveller,Economy Class,No Route,No Date Flown,4,3,2,2,No rating,4
British Airways customer review,No Aircraft,No Type Of Traveller,Economy Class,No Route,No Date Flown,5,4,4,5,No rating,5
British Airways customer review,No Aircraft,No Type Of Traveller,Economy Class,No Route,No Date Flown,1,1,2,3,No rating,1
British Airways customer review,No Aircraft,No Type Of Traveller,Premium Economy,No Route,No Date Flown,4,4,4,4,No rating,3
British Airways customer review,No Aircraft,No Type Of Traveller,Economy Class,No Route,No Date Flown,4,2,1,4,No rating,3
British Airways customer review,No Aircraft,No Type Of Traveller,Business Class,No Route,No Date Flown,4,4,3,5,No rating,4
British Airways customer review,No Aircraft,No Type Of Traveller,Economy Class,No Route,No Date Flown,2,3,3,3,No rating,2
British Airways customer review,No Aircraft,No Type Of Traveller,First Class,No Route,No Date Flown,5,5,5,3,No rating,4
British Airways customer review,No Aircraft,No Type Of Traveller,Business Class,No Route,No Date Flown,4,2,4,4,No rating,5
British Airways customer review,No Aircraft,No Type Of Traveller,Economy Class,No Route,No Date Flown,1,2,1,1,No rating,1
British Airways customer review,No Aircraft,No Type Of Traveller,Business Class,No Route,No Date Flown,5,5,3,3,No rating,5
British Airways customer review,No Aircraft,No Type Of Traveller,Business Class,No Route,No Date Flown,4,1,2,1,No rating,2
British Airways customer review,No Aircraft,No Type Of Traveller,Economy Class,No Route,No Date Flown,3,1,1,1,No rating,1
British Airways customer review,No Aircraft,No Type Of Traveller,Business Class,No Route,No Date Flown,1,2,1,1,No rating,2
British Airways customer review,No Aircraft,No Type Of Traveller,Premium Economy,No Route,No Date Flown,4,1,3,4,No rating,4
British Airways customer review,No Aircraft,No Type Of Traveller,First Class,No Route,No Date Flown,4,5,3,4,No rating,4
British Airways customer review,No Aircraft,No Type Of Traveller,Economy Class,No Route,No Date Flown,2,3,2,5,No rating,2
British Airways customer review,No Aircraft,No Type Of Traveller,Economy Class,No Route,No Date Flown,5,5,4,5,No rating,5
British Airways customer review,No Aircraft,No Type Of Traveller,Economy Class,No Route,No Date Flown,1,2,4,2,No rating,3
British Airways customer review,No Aircraft,No Type Of Traveller,Business Class,No Route,No Date Flown,4,4,4,4,No rating,4
British Airways customer review,No Aircraft,No Type Of Traveller,Business Class,No Route,No Date Flown,4,5,4,4,No rating,5
British Airways customer review,No Aircraft,No Type Of Traveller,Business Class,No Route,No Date Flown,1,3,2,3,No rating,2
British Airways customer review,No Aircraft,No Type Of Traveller,Economy Class,No Route,No Date Flown,3,3,4,1,No rating,3
British Airways customer review,No Aircraft,No Type Of Traveller,Business Class,No Route,No Date Flown,2,3,1,1,No rating,1
British Airways customer review,No Aircraft,No Type Of Traveller,Economy Class,No Route,No Date Flown,2,2,1,1,No rating,2
British Airways customer review,No Aircraft,No Type Of Traveller,Business Class,No Route,No Date Flown,3,2,2,3,No rating,2
British Airways customer review,No Aircraft,No Type Of Traveller,Business Class,No Route,No Date Flown,1,4,1,1,No rating,1
British Airways customer review,No Aircraft,No Type Of Traveller,Economy Class,No Route,No Date Flown,4,5,3,1,No rating,5
British Airways customer review,No Aircraft,No Type Of Traveller,Premium Economy,No Route,No Date Flown,3,3,4,2,No rating,4
British Airways customer review,No Aircraft,No Type Of Traveller,Business Class,No Route,No Date Flown,5,5,3,5,No rating,5
British Airways customer review,No Aircraft,No Type Of Traveller,Premium Economy,No Route,No Date Flown,3,3,3,3,No rating,2
British Airways customer review,No Aircraft,No Type Of Traveller,Business Class,No Route,No Date Flown,5,5,5,5,No rating,5
British Airways customer review,No Aircraft,No Type Of Traveller,First Class,No Route,No Date Flown,5,5,3,2,No rating,4
British Airways customer review,No Aircraft,No Type Of Traveller,Business Class,No Route,No Date Flown,3,3,1,2,No rating,1
British Airways customer review,No Aircraft,No Type Of Traveller,Business Class,No Route,No Date Flown,4,5,5,3,No rating,5
British Airways customer review,No Aircraft,No Type Of Traveller,Business Class,No Route,No Date Flown,4,2,4,4,No rating,3
British Airways customer review,No Aircraft,No Type Of Traveller,Premium Economy,No Route,No Date Flown,2,1,1,1,No rating,3
British Airways customer review,No Aircraft,No Type Of Traveller,Business Class,No Route,No Date Flown,5,5,5,5,No rating,4
British Airways customer review,No Aircraft,No Type Of Traveller,Business Class,No Route,No Date Flown,1,3,1,3,No rating,1
British Airways customer review,No Aircraft,No Type Of Traveller,Business Class,No Route,No Date Flown,2,2,2,1,No rating,1
British Airways customer review,No Aircraft,No Type Of Traveller,Economy Class,No Route,No Date Flown,3,4,3,2,No rating,2
British Airways customer review,No Aircraft,No Type Of Traveller,First Class,No Route,No Date Flown,3,4,1,1,No rating,1
British Airways customer review,No Aircraft,No Type Of Traveller,Premium Economy,No Route,No Date Flown,3,3,4,3,No rating,3
British Airways customer review,No Aircraft,No Type Of Traveller,Premium Economy,No Route,No Date Flown,1,1,1,1,No rating,1
British Airways customer review,No Aircraft,No Type Of Traveller,First Class,No Route,No Date Flown,3,4,1,1,No rating,1
British Airways customer review,No Aircraft,No Type Of Traveller,Premium Economy,No Route,No Date Flown,3,3,4,3,No rating,3
British Airways customer review,No Aircraft,No Type Of Traveller,First Class,No Route,No Date Flown,1,4,4,2,No rating,3
British Airways customer review,No Aircraft,No Type Of Traveller,Economy Class,No Route,No Date Flown,4,5,4,5,No rating,5
British Airways customer review,No Aircraft,No Type Of Traveller,Business Class,No Route,No Date Flown,4,5,4,3,No rating,5
British Airways customer review,No Aircraft,No Type Of Traveller,Business Class,No Route,No Date Flown,2,1,1,1,No rating,1
British Airways customer review,No Aircraft,No Type Of Traveller,Business Class,No Route,No Date Flown,1,5,3,1,No rating,1
British Airways customer review,No Aircraft,No Type Of Traveller,Economy Class,No Route,No Date Flown,2,1,1,1,No rating,3
British Airways customer review,No Aircraft,No Type Of Traveller,Economy Class,No Route,No Date Flown,4,2,5,3,No rating,5
British Airways customer review,No Aircraft,No Type Of Traveller,Economy Class,No Route,No Date Flown,3,3,3,2,No rating,3
British Airways customer review,No Aircraft,No Type Of Traveller,Premium Economy,No Route,No Date Flown,4,4,5,3,No rating,4
British Airways customer review,No Aircraft,No Type Of Traveller,Business Class,No Route,No Date Flown,1,1,1,2,No rating,1
British Airways customer review,No Aircraft,No Type Of Traveller,Business Class,No Route,No Date Flown,5,2,1,3,No rating,5
British Airways customer review,No Aircraft,No Type Of Traveller,First Class,No Route,No Date Flown,4,5,5,5,No rating,5
British Airways customer review,No Aircraft,No Type Of Traveller,Business Class,No Route,No Date Flown,1,5,3,1,No rating,1
British Airways customer review,No Aircraft,No Type Of Traveller,Economy Class,No Route,No Date Flown,2,1,1,1,No rating,3
British Airways customer review,No Aircraft,No Type Of Traveller,Premium Economy,No Route,No Date Flown,3,1,1,3,No rating,1
British Airways customer review,No Aircraft,No Type Of Traveller,Economy Class,No Route,No Date Flown,5,5,4,3,No rating,5
British Airways customer review,No Aircraft,No Type Of Traveller,Premium Economy,No Route,No Date Flown,5,5,4,4,No rating,5
British Airways customer review,No Aircraft,No Type Of Traveller,First Class,No Route,No Date Flown,1,5,4,2,No rating,2
British Airways customer review,No Aircraft,No Type Of Traveller,Economy Class,No Route,No Date Flown,5,5,5,2,No rating,4
British Airways customer review,No Aircraft,No Type Of Traveller,Business Class,No Route,No Date Flown,2,5,2,1,No rating,3
British Airways customer review,No Aircraft,No Type Of Traveller,Premium Economy,No Route,No Date Flown,3,1,1,3,No rating,1
British Airways customer review,No Aircraft,No Type Of Traveller,Premium Economy,No Route,No Date Flown,5,5,4,1,No rating,5
British Airways customer review,No Aircraft,No Type Of Traveller,Economy Class,No Route,No Date Flown,5,5,5,1,No rating,5
British Airways customer review,No Aircraft,No Type Of Traveller,Premium Economy,No Route,No Date Flown,4,4,3,3,No rating,4
British Airways customer review,No Aircraft,No Type Of Traveller,Economy Class,No Route,No Date Flown,1,5,5,5,No rating,4
British Airways customer review,No Aircraft,No Type Of Traveller,Business Class,No Route,No Date Flown,3,2,1,1,No rating,3
British Airways customer review,No Aircraft,No Type Of Traveller,Economy Class,No Route,No Date Flown,2,3,3,2,No rating,4
British Airways customer review,No Aircraft,No Type Of Traveller,Economy Class,No Route,No Date Flown,4,5,4,5,No rating,4
British Airways customer review,No Aircraft,No Type Of Traveller,Economy Class,No Route,No Date Flown,2,2,3,4,No rating,1
British Airways customer review,No Aircraft,No Type Of Traveller,First Class,No Route,No Date Flown,5,5,5,5,No rating,5
British Airways customer review,No Aircraft,No Type Of Traveller,Business Class,No Route,No Date Flown,4,4,3,5,No rating,4
British Airways customer review,No Aircraft,No Type Of Traveller,Economy Class,No Route,No Date Flown,4,4,5,2,No rating,3
British Airways customer review,No Aircraft,No Type Of Traveller,Business Class,No Route,No Date Flown,3,3,3,1,No rating,4
British Airways customer review,No Aircraft,No Type Of Traveller,Business Class,No Route,No Date Flown,1,1,1,3,No rating,2
British Airways customer review,No Aircraft,No Type Of Traveller,Economy Class,No Route,No Date Flown,4,5,5,1,No rating,5
British Airways customer review,No Aircraft,No Type Of Traveller,Business Class,No Route,No Date Flown,4,3,2,4,No rating,3
British Airways customer review,No Aircraft,No Type Of Traveller,Business Class,No Route,No Date Flown,4,5,4,4,No rating,5
British Airways customer review,No Aircraft,No Type Of Traveller,Economy Class,No Route,No Date Flown,4,4,4,3,No rating,5
British Airways customer review,No Aircraft,No Type Of Traveller,Economy Class,No Route,No Date Flown,2,3,2,4,No rating,4
British Airways customer review,No Aircraft,No Type Of Traveller,Economy Class,No Route,No Date Flown,3,1,1,1,No rating,3
British Airways customer review,No Aircraft,No Type Of Traveller,Business Class,No Route,No Date Flown,4,4,3,1,No rating,4
British Airways customer review,No Aircraft,No Type Of Traveller,Economy Class,No Route,No Date Flown,3,3,2,1,No rating,3
British Airways customer review,No Aircraft,No Type Of Traveller,Business Class,No Route,No Date Flown,3,4,2,2,No rating,3
British Airways customer review,No Aircraft,No Type Of Traveller,Business Class,No Route,No Date Flown,3,4,3,3,No rating,4
British Airways customer review,No Aircraft,No Type Of Traveller,Business Class,No Route,No Date Flown,1,5,2,1,No rating,1
British Airways customer review,No Aircraft,No Type Of Traveller,Business Class,No Route,No Date Flown,4,4,3,3,No rating,3
British Airways customer review,No Aircraft,No Type Of Traveller,Economy Class,No Route,No Date Flown,1,1,2,3,No rating,2
British Airways customer review,No Aircraft,No Type Of Traveller,Economy Class,No Route,No Date Flown,5,5,5,5,No rating,5
British Airways customer review,No Aircraft,No Type Of Traveller,Business Class,No Route,No Date Flown,3,3,2,3,No rating,3
British Airways customer review,No Aircraft,No Type Of Traveller,Business Class,No Route,No Date Flown,4,5,5,5,No rating,5
British Airways customer review,No Aircraft,No Type Of Traveller,Business Class,No Route,No Date Flown,4,4,3,3,No rating,4
British Airways customer review,No Aircraft,No Type Of Traveller,Economy Class,No Route,No Date Flown,1,1,2,1,No rating,2
British Airways customer review,No Aircraft,No Type Of Traveller,Economy Class,No Route,No Date Flown,1,4,4,4,No rating,5
British Airways customer review,No Aircraft,No Type Of Traveller,Business Class,No Route,No Date Flown,4,3,1,4,No rating,3
British Airways customer review,No Aircraft,No Type Of Traveller,Business Class,No Route,No Date Flown,1,4,4,4,No rating,1
British Airways customer review,No Aircraft,No Type Of Traveller,Economy Class,No Route,No Date Flown,5,5,4,3,No rating,4
British Airways customer review,No Aircraft,No Type Of Traveller,Economy Class,No Route,No Date Flown,4,5,5,4,No rating,5
British Airways customer review,No Aircraft,No Type Of Traveller,Economy Class,No Route,No Date Flown,5,5,4,3,No rating,4
British Airways customer review,No Aircraft,No Type Of Traveller,Economy Class,No Route,No Date Flown,4,5,5,4,No rating,5
British Airways customer review,No Aircraft,No Type Of Traveller,Business Class,No Route,No Date Flown,4,5,4,2,No rating,4
British Airways customer review,No Aircraft,No Type Of Traveller,First Class,No Route,No Date Flown,1,4,2,2,No rating,2
British Airways customer review,No Aircraft,No Type Of Traveller,Economy Class,No Route,No Date Flown,2,2,3,2,No rating,3
British Airways customer review,No Aircraft,No Type Of Traveller,Economy Class,No Route,No Date Flown,3,3,3,4,No rating,2
British Airways customer review,No Aircraft,No Type Of Traveller,Economy Class,No Route,No Date Flown,3,2,1,5,No rating,2
British Airways customer review,No Aircraft,No Type Of Traveller,Business Class,No Route,No Date Flown,5,5,4,4,No rating,5
British Airways customer review,No Aircraft,No Type Of Traveller,Business Class,No Route,No Date Flown,3,3,3,3,No rating,4
British Airways customer review,No Aircraft,No Type Of Traveller,Economy Class,No Route,No Date Flown,4,5,4,1,No rating,4
British Airways customer review,No Aircraft,No Type Of Traveller,Premium Economy,No Route,No Date Flown,1,1,1,1,No rating,1
British Airways customer review,No Aircraft,No Type Of Traveller,Economy Class,No Route,No Date Flown,5,5,5,5,No rating,5
British Airways customer review,No Aircraft,No Type Of Traveller,Economy Class,No Route,No Date Flown,5,5,5,1,No rating,5
British Airways customer review,No Aircraft,No Type Of Traveller,Premium Economy,No Route,No Date Flown,4,5,4,4,No rating,5
British Airways customer review,No Aircraft,No Type Of Traveller,Economy Class,No Route,No Date Flown,5,5,3,1,No rating,5
British Airways customer review,No Aircraft,No Type Of Traveller,Business Class,No Route,No Date Flown,3,1,2,2,No rating,2
British Airways customer review,No Aircraft,No Type Of Traveller,Economy Class,No Route,No Date Flown,3,1,1,1,No rating,3
British Airways customer review,No Aircraft,No Type Of Traveller,Business Class,No Route,No Date Flown,5,5,5,3,No rating,4
British Airways customer review,No Aircraft,No Type Of Traveller,Economy Class,No Route,No Date Flown,2,3,1,1,No rating,2
British Airways customer review,No Aircraft,No Type Of Traveller,Business Class,No Route,No Date Flown,2,5,4,2,No rating,4
British Airways customer review,No Aircraft,No Type Of Traveller,Economy Class,No Route,No Date Flown,3,3,1,3,No rating,2
British Airways customer review,No Aircraft,No Type Of Traveller,Business Class,No Route,No Date Flown,2,1,1,4,No rating,3
British Airways customer review,No Aircraft,No Type Of Traveller,Economy Class,No Route,No Date Flown,3,1,1,1,No rating,3
British Airways customer review,No Aircraft,No Type Of Traveller,Business Class,No Route,No Date Flown,5,5,5,3,No rating,4
British Airways customer review,No Aircraft,No Type Of Traveller,First Class,No Route,No Date Flown,2,3,1,1,No rating,3
British Airways customer review,No Aircraft,No Type Of Traveller,Premium Economy,No Route,No Date Flown,1,1,1,1,No rating,1
British Airways customer review,No Aircraft,No Type Of Traveller,Economy Class,No Route,No Date Flown,4,2,2,2,No rating,4
British Airways customer review,No Aircraft,No Type Of Traveller,Business Class,No Route,No Date Flown,1,2,2,1,No rating,1
British Airways customer review,No Aircraft,No Type Of Traveller,Business Class,No Route,No Date Flown,4,5,4,3,No rating,5
British Airways customer review,No Aircraft,No Type Of Traveller,Economy Class,No Route,No Date Flown,3,2,1,1,No rating,2
British Airways customer review,No Aircraft,No Type Of Traveller,Economy Class,No Route,No Date Flown,3,3,3,1,No rating,3
British Airways customer review,No Aircraft,No Type Of Traveller,Economy Class,No Route,No Date Flown,3,3,4,2,No rating,3
British Airways customer review,No Aircraft,No Type Of Traveller,Economy Class,No Route,No Date Flown,4,1,2,1,No rating,1
British Airways customer review,No Aircraft,No Type Of Traveller,Economy Class,No Route,No Date Flown,3,4,3,3,No rating,3
British Airways customer review,No Aircraft,No Type Of Traveller,Business Class,No Route,No Date Flown,3,1,1,2,No rating,1
British Airways customer review,No Aircraft,No Type Of Traveller,Economy Class,No Route,No Date Flown,4,5,4,1,No rating,4
British Airways customer review,No Aircraft,No Type Of Traveller,Business Class,No Route,No Date Flown,3,2,1,3,No rating,2
British Airways customer review,No Aircraft,No Type Of Traveller,Business Class,No Route,No Date Flown,4,5,5,5,No rating,4
British Airways customer review,No Aircraft,No Type Of Traveller,Economy Class,No Route,No Date Flown,2,1,2,3,No rating,2
British Airways customer review,No Aircraft,No Type Of Traveller,Business Class,No Route,No Date Flown,4,5,5,3,No rating,5
British Airways customer review,No Aircraft,No Type Of Traveller,Business Class,No Route,No Date Flown,1,1,1,1,No rating,1
British Airways customer review,No Aircraft,No Type Of Traveller,Business Class,No Route,No Date Flown,4,2,3,2,No rating,3
British Airways customer review,No Aircraft,No Type Of Traveller,Economy Class,No Route,No Date Flown,4,4,4,4,No rating,5
British Airways customer review,No Aircraft,No Type Of Traveller,Business Class,No Route,No Date Flown,5,5,5,3,No rating,5
British Airways customer review,No Aircraft,No Type Of Traveller,Premium Economy,No Route,No Date Flown,4,5,4,4,No rating,4
British Airways customer review,No Aircraft,No Type Of Traveller,Economy Class,No Route,No Date Flown,5,5,4,5,No rating,5
British Airways customer review,No Aircraft,No Type Of Traveller,Business Class,No Route,No Date Flown,3,3,3,2,No rating,2
British Airways customer review,No Aircraft,No Type Of Traveller,Economy Class,No Route,No Date Flown,1,2,1,2,No rating,1
British Airways customer review,No Aircraft,No Type Of Traveller,Premium Economy,No Route,No Date Flown,3,5,2,2,No rating,4
British Airways customer review,No Aircraft,No Type Of Traveller,Economy Class,No Route,No Date Flown,1,1,1,2,No rating,1
British Airways customer review,No Aircraft,No Type Of Traveller,Economy Class,No Route,No Date Flown,1,1,1,2,No rating,1
British Airways customer review,No Aircraft,No Type Of Traveller,Business Class,No Route,No Date Flown,5,5,4,4,No rating,4
British Airways customer review,No Aircraft,No Type Of Traveller,Economy Class,No Route,No Date Flown,5,5,4,5,No rating,5
British Airways customer review,No Aircraft,No Type Of Traveller,Economy Class,No Route,No Date Flown,3,2,1,2,No rating,2
British Airways customer review,No Aircraft,No Type Of Traveller,Economy Class,No Route,No Date Flown,5,5,3,0,No rating,5
British Airways customer review,No Aircraft,No Type Of Traveller,Premium Economy,No Route,No Date Flown,3,4,1,1,No rating,3
British Airways customer review,No Aircraft,No Type Of Traveller,Business Class,No Route,No Date Flown,4,3,4,1,No rating,3
British Airways customer review,No Aircraft,No Type Of Traveller,Business Class,No Route,No Date Flown,3,2,4,1,No rating,1
British Airways customer review,No Aircraft,No Type Of Traveller,Business Class,No Route,No Date Flown,1,1,1,1,No rating,1
British Airways customer review,No Aircraft,No Type Of Traveller,Premium Economy,No Route,No Date Flown,5,5,5,5,No rating,5
British Airways customer review,No Aircraft,No Type Of Traveller,Economy Class,No Route,No Date Flown,2,2,3,3,No rating,3
British Airways customer review,No Aircraft,No Type Of Traveller,Economy Class,No Route,No Date Flown,2,3,1,1,No rating,4
British Airways customer review,No Aircraft,No Type Of Traveller,Economy Class,No Route,No Date Flown,5,5,4,5,No rating,5
British Airways customer review,No Aircraft,No Type Of Traveller,Economy Class,No Route,No Date Flown,3,2,1,2,No rating,2
British Airways customer review,No Aircraft,No Type Of Traveller,Economy Class,No Route,No Date Flown,4,3,4,2,No rating,3
British Airways customer review,No Aircraft,No Type Of Traveller,Premium Economy,No Route,No Date Flown,2,5,5,3,No rating,2
British Airways customer review,No Aircraft,No Type Of Traveller,Business Class,No Route,No Date Flown,3,2,3,3,No rating,3
British Airways customer review,No Aircraft,No Type Of Traveller,Economy Class,No Route,No Date Flown,1,1,1,1,No rating,1
British Airways customer review,No Aircraft,No Type Of Traveller,Economy Class,No Route,No Date Flown,3,5,5,4,No rating,5
British Airways customer review,No Aircraft,No Type Of Traveller,Business Class,No Route,No Date Flown,4,1,2,2,No rating,4
British Airways customer review,No Aircraft,No Type Of Traveller,Economy Class,No Route,No Date Flown,1,1,1,1,No rating,1
British Airways customer review,No Aircraft,No Type Of Traveller,Economy Class,No Route,No Date Flown,4,5,3,1,No rating,3
British Airways customer review,No Aircraft,No Type Of Traveller,Economy Class,No Route,No Date Flown,2,4,2,4,No rating,1
British Airways customer review,No Aircraft,No Type Of Traveller,Economy Class,No Route,No Date Flown,3,2,1,3,No rating,2
British Airways customer review,No Aircraft,No Type Of Traveller,Business Class,No Route,No Date Flown,1,1,1,1,No rating,1
British Airways customer review,No Aircraft,No Type Of Traveller,Economy Class,No Route,No Date Flown,1,5,4,5,No rating,4
British Airways customer review,No Aircraft,No Type Of Traveller,Economy Class,No Route,No Date Flown,1,3,3,3,No rating,2
British Airways customer review,No Aircraft,No Type Of Traveller,Economy Class,No Route,No Date Flown,4,5,4,5,No rating,5
British Airways customer review,No Aircraft,No Type Of Traveller,Economy Class,No Route,No Date Flown,3,1,2,2,No rating,1
British Airways customer review,No Aircraft,No Type Of Traveller,Economy Class,No Route,No Date Flown,5,5,4,1,No rating,3
British Airways customer review,No Aircraft,No Type Of Traveller,Business Class,No Route,No Date Flown,5,5,5,1,No rating,5
British Airways customer review,No Aircraft,No Type Of Traveller,Business Class,No Route,No Date Flown,4,5,4,4,No rating,4
British Airways customer review,No Aircraft,No Type Of Traveller,Economy Class,No Route,No Date Flown,1,1,1,1,No rating,1
British Airways customer review,No Aircraft,No Type Of Traveller,Economy Class,No Route,No Date Flown,2,1,1,1,No rating,2
British Airways customer review,No Aircraft,No Type Of Traveller,Premium Economy,No Route,No Date Flown,1,2,1,2,No rating,1
British Airways customer review,No Aircraft,No Type Of Traveller,First Class,No Route,No Date Flown,5,4,5,5,No rating,3
British Airways customer review,No Aircraft,No Type Of Traveller,Business Class,No Route,No Date Flown,2,2,1,1,No rating,2
British Airways customer review,No Aircraft,No Type Of Traveller,Economy Class,No Route,No Date Flown,2,2,1,2,No rating,1
British Airways customer review,No Aircraft,No Type Of Traveller,Economy Class,No Route,No Date Flown,1,1,1,1,No rating,1
British Airways customer review,No Aircraft,No Type Of Traveller,Economy Class,No Route,No Date Flown,3,4,1,1,No rating,3
British Airways customer review,No Aircraft,No Type Of Traveller,Economy Class,No Route,No Date Flown,3,4,1,1,No rating,3
British Airways customer review,No Aircraft,No Type Of Traveller,Economy Class,No Route,No Date Flown,1,1,1,1,No rating,1
British Airways customer review,No Aircraft,No Type Of Traveller,Business Class,No Route,No Date Flown,2,3,3,1,No rating,1
British Airways customer review,No Aircraft,No Type Of Traveller,Economy Class,No Route,No Date Flown,4,5,4,4,No rating,4
British Airways customer review,No Aircraft,No Type Of Traveller,Business Class,No Route,No Date Flown,3,4,4,1,No rating,3
British Airways customer review,No Aircraft,No Type Of Traveller,Economy Class,No Route,No Date Flown,4,5,3,4,No rating,4
British Airways customer review,No Aircraft,No Type Of Traveller,Economy Class,No Route,No Date Flown,3,2,3,1,No rating,1
British Airways customer review,No Aircraft,No Type Of Traveller,Economy Class,No Route,No Date Flown,3,4,2,5,No rating,5
British Airways customer review,No Aircraft,No Type Of Traveller,Business Class,No Route,No Date Flown,3,5,4,2,No rating,3
British Airways customer review,No Aircraft,No Type Of Traveller,Economy Class,No Route,No Date Flown,2,2,3,1,No rating,4
British Airways customer review,No Aircraft,No Type Of Traveller,Premium Economy,No Route,No Date Flown,2,1,1,1,No rating,2
British Airways customer review,No Aircraft,No Type Of Traveller,Business Class,No Route,No Date Flown,1,2,1,1,No rating,1
British Airways customer review,No Aircraft,No Type Of Traveller,Business Class,No Route,No Date Flown,5,5,4,1,No rating,5
British Airways customer review,No Aircraft,No Type Of Traveller,Business Class,No Route,No Date Flown,4,5,5,5,No rating,4
British Airways customer review,No Aircraft,No Type Of Traveller,Economy Class,No Route,No Date Flown,4,5,5,5,No rating,4
British Airways customer review,No Aircraft,No Type Of Traveller,Business Class,No Route,No Date Flown,3,4,4,4,No rating,3
British Airways customer review,No Aircraft,No Type Of Traveller,Economy Class,No Route,No Date Flown,1,2,1,2,No rating,2
British Airways customer review,No Aircraft,No Type Of Traveller,Economy Class,No Route,No Date Flown,4,4,4,4,No rating,4
British Airways customer review,No Aircraft,No Type Of Traveller,Premium Economy,No Route,No Date Flown,3,1,1,2,No rating,2
British Airways customer review,No Aircraft,No Type Of Traveller,Premium Economy,No Route,No Date Flown,3,4,4,2,No rating,3
British Airways customer review,No Aircraft,No Type Of Traveller,Business Class,No Route,No Date Flown,3,5,4,1,No rating,4
British Airways customer review,No Aircraft,No Type Of Traveller,Business Class,No Route,No Date Flown,5,5,3,4,No rating,5
British Airways customer review,No Aircraft,No Type Of Traveller,Business Class,No Route,No Date Flown,5,5,5,5,No rating,5
British Airways customer review,No Aircraft,No Type Of Traveller,Business Class,No Route,No Date Flown,5,5,4,4,No rating,3
British Airways customer review,No Aircraft,No Type Of Traveller,Economy Class,No Route,No Date Flown,3,4,3,1,No rating,5
British Airways customer review,No Aircraft,No Type Of Traveller,Business Class,No Route,No Date Flown,3,3,3,1,No rating,1
British Airways customer review,No Aircraft,No Type Of Traveller,Economy Class,No Route,No Date Flown,3,4,3,1,No rating,4
British Airways customer review,No Aircraft,No Type Of Traveller,Business Class,No Route,No Date Flown,4,2,1,1,No rating,2
British Airways customer review,No Aircraft,No Type Of Traveller,Economy Class,No Route,No Date Flown,2,2,2,1,No rating,2
British Airways customer review,No Aircraft,No Type Of Traveller,Economy Class,No Route,No Date Flown,3,5,4,5,No rating,4
British Airways customer review,No Aircraft,No Type Of Traveller,Business Class,No Route,No Date Flown,4,5,4,4,No rating,5
British Airways customer review,No Aircraft,No Type Of Traveller,Economy Class,No Route,No Date Flown,3,4,3,1,No rating,4
British Airways customer review,No Aircraft,No Type Of Traveller,Economy Class,No Route,No Date Flown,3,4,3,4,No rating,1
British Airways customer review,No Aircraft,No Type Of Traveller,Economy Class,No Route,No Date Flown,4,4,3,4,No rating,4
British Airways customer review,No Aircraft,No Type Of Traveller,Business Class,No Route,No Date Flown,1,1,1,1,No rating,1
British Airways customer review,No Aircraft,No Type Of Traveller,Business Class,No Route,No Date Flown,3,5,5,1,No rating,5
British Airways customer review,No Aircraft,No Type Of Traveller,Economy Class,No Route,No Date Flown,4,3,2,1,No rating,4
British Airways customer review,No Aircraft,No Type Of Traveller,Economy Class,No Route,No Date Flown,3,5,1,1,No rating,4
British Airways customer review,No Aircraft,No Type Of Traveller,Business Class,No Route,No Date Flown,4,5,5,1,No rating,5
British Airways customer review,No Aircraft,No Type Of Traveller,Economy Class,No Route,No Date Flown,3,5,5,3,No rating,4
British Airways customer review,No Aircraft,No Type Of Traveller,Business Class,No Route,No Date Flown,5,5,5,5,No rating,5
British Airways customer review,No Aircraft,No Type Of Traveller,Business Class,No Route,No Date Flown,5,5,4,5,No rating,5
British Airways customer review,No Aircraft,No Type Of Traveller,Economy Class,No Route,No Date Flown,1,1,1,1,No rating,1
British Airways customer review,No Aircraft,No Type Of Traveller,Business Class,No Route,No Date Flown,2,3,3,3,No rating,3
British Airways customer review,No Aircraft,No Type Of Traveller,Economy Class,No Route,No Date Flown,2,1,3,1,No rating,1
British Airways customer review,No Aircraft,No Type Of Traveller,Economy Class,No Route,No Date Flown,4,5,3,1,No rating,5
British Airways customer review,No Aircraft,No Type Of Traveller,Economy Class,No Route,No Date Flown,4,5,5,5,No rating,4
British Airways customer review,No Aircraft,No Type Of Traveller,Premium Economy,No Route,No Date Flown,5,4,4,5,No rating,5
British Airways customer review,No Aircraft,No Type Of Traveller,Economy Class,No Route,No Date Flown,5,5,5,1,No rating,5
British Airways customer review,No Aircraft,No Type Of Traveller,Economy Class,No Route,No Date Flown,4,4,3,1,No rating,5
British Airways customer review,No Aircraft,No Type Of Traveller,Economy Class,No Route,No Date Flown,4,3,3,3,No rating,4
British Airways customer review,No Aircraft,No Type Of Traveller,Business Class,No Route,No Date Flown,1,2,2,3,No rating,1
British Airways customer review,No Aircraft,No Type Of Traveller,Economy Class,No Route,No Date Flown,5,5,5,1,No rating,5
British Airways customer review,No Aircraft,No Type Of Traveller,Economy Class,No Route,No Date Flown,4,4,3,1,No rating,5
British Airways customer review,No Aircraft,No Type Of Traveller,Business Class,No Route,No Date Flown,1,5,5,1,No rating,1
British Airways customer review,No Aircraft,No Type Of Traveller,Economy Class,No Route,No Date Flown,1,4,1,2,No rating,1
British Airways customer review,No Aircraft,No Type Of Traveller,Business Class,No Route,No Date Flown,4,5,5,3,No rating,4
British Airways customer review,No Aircraft,No Type Of Traveller,Economy Class,No Route,No Date Flown,2,1,3,4,No rating,4
British Airways customer review,No Aircraft,No Type Of Traveller,Economy Class,No Route,No Date Flown,3,5,2,1,No rating,4
British Airways customer review,No Aircraft,No Type Of Traveller,Business Class,No Route,No Date Flown,4,3,2,2,No rating,3
British Airways customer review,No Aircraft,No Type Of Traveller,Economy Class,No Route,No Date Flown,3,5,2,1,No rating,4
British Airways customer review,No Aircraft,No Type Of Traveller,Premium Economy,No Route,No Date Flown,2,2,1,2,No rating,1
British Airways customer review,No Aircraft,No Type Of Traveller,Business Class,No Route,No Date Flown,4,5,5,5,No rating,5
British Airways customer review,No Aircraft,No Type Of Traveller,Business Class,No Route,No Date Flown,3,1,3,1,No rating,3
British Airways customer review,No Aircraft,No Type Of Traveller,Business Class,No Route,No Date Flown,1,2,1,1,No rating,1
British Airways customer review,No Aircraft,No Type Of Traveller,Premium Economy,No Route,No Date Flown,4,5,4,4,No rating,4
British Airways customer review,No Aircraft,No Type Of Traveller,Economy Class,No Route,No Date Flown,1,3,4,4,No rating,2
British Airways customer review,No Aircraft,No Type Of Traveller,Business Class,No Route,No Date Flown,4,4,4,4,No rating,5
British Airways customer review,No Aircraft,No Type Of Traveller,Business Class,No Route,No Date Flown,1,2,2,1,No rating,1
British Airways customer review,No Aircraft,No Type Of Traveller,Business Class,No Route,No Date Flown,2,5,2,4,No rating,3
British Airways customer review,No Aircraft,No Type Of Traveller,Economy Class,No Route,No Date Flown,2,1,1,1,No rating,2
British Airways customer review,No Aircraft,No Type Of Traveller,Premium Economy,No Route,No Date Flown,2,2,1,2,No rating,1
British Airways customer review,No Aircraft,No Type Of Traveller,Business Class,No Route,No Date Flown,4,5,5,5,No rating,5
British Airways customer review,No Aircraft,No Type Of Traveller,Business Class,No Route,No Date Flown,1,3,2,1,No rating,1
British Airways customer review,No Aircraft,No Type Of Traveller,Economy Class,No Route,No Date Flown,4,3,2,5,No rating,4
British Airways customer review,No Aircraft,No Type Of Traveller,Economy Class,No Route,No Date Flown,3,3,1,3,No rating,3
British Airways customer review,No Aircraft,No Type Of Traveller,First Class,No Route,No Date Flown,4,4,4,3,No rating,3
British Airways customer review,No Aircraft,No Type Of Traveller,First Class,No Route,No Date Flown,4,5,5,3,No rating,2
British Airways customer review,No Aircraft,No Type Of Traveller,Economy Class,No Route,No Date Flown,2,4,2,2,No rating,3
British Airways customer review,No Aircraft,No Type Of Traveller,Business Class,No Route,No Date Flown,2,2,1,1,No rating,1
British Airways customer review,No Aircraft,No Type Of Traveller,Business Class,No Route,No Date Flown,2,2,1,1,No rating,1
British Airways customer review,No Aircraft,No Type Of Traveller,Business Class,No Route,No Date Flown,5,5,5,4,No rating,5
British Airways customer review,No Aircraft,No Type Of Traveller,Business Class,No Route,No Date Flown,4,4,4,3,No rating,4
British Airways customer review,No Aircraft,No Type Of Traveller,Economy Class,No Route,No Date Flown,2,3,3,1,No rating,2
British Airways customer review,No Aircraft,No Type Of Traveller,Economy Class,No Route,No Date Flown,5,5,5,0,No rating,5
British Airways customer review,No Aircraft,No Type Of Traveller,Economy Class,No Route,No Date Flown,5,5,5,5,No rating,5
British Airways customer review,No Aircraft,No Type Of Traveller,Economy Class,No Route,No Date Flown,4,4,4,2,No rating,4
British Airways customer review,No Aircraft,No Type Of Traveller,Economy Class,No Route,No Date Flown,5,5,4,1,No rating,5
British Airways customer review,No Aircraft,No Type Of Traveller,Business Class,No Route,No Date Flown,4,5,4,3,No rating,5
British Airways customer review,No Aircraft,No Type Of Traveller,Business Class,No Route,No Date Flown,2,3,3,3,No rating,1
British Airways customer review,No Aircraft,No Type Of Traveller,Economy Class,No Route,No Date Flown,5,5,5,5,No rating,5
British Airways customer review,No Aircraft,No Type Of Traveller,Economy Class,No Route,No Date Flown,4,4,4,2,No rating,4
British Airways customer review,No Aircraft,No Type Of Traveller,Economy Class,No Route,No Date Flown,5,5,4,1,No rating,5
British Airways customer review,No Aircraft,No Type Of Traveller,First Class,No Route,No Date Flown,4,5,4,4,No rating,5
British Airways customer review,No Aircraft,No Type Of Traveller,Business Class,No Route,No Date Flown,2,4,4,2,No rating,4
British Airways customer review,No Aircraft,No Type Of Traveller,Economy Class,No Route,No Date Flown,2,1,1,1,No rating,1
British Airways customer review,No Aircraft,No Type Of Traveller,Business Class,No Route,No Date Flown,4,4,4,3,No rating,4
British Airways customer review,No Aircraft,No Type Of Traveller,Business Class,No Route,No Date Flown,4,5,4,4,No rating,4
British Airways customer review,No Aircraft,No Type Of Traveller,Business Class,No Route,No Date Flown,2,4,4,4,No rating,3
British Airways customer review,No Aircraft,No Type Of Traveller,Premium Economy,No Route,No Date Flown,1,1,1,3,No rating,1
British Airways customer review,No Aircraft,No Type Of Traveller,Business Class,No Route,No Date Flown,3,5,3,2,No rating,2
British Airways customer review,No Aircraft,No Type Of Traveller,Business Class,No Route,No Date Flown,3,3,4,1,No rating,3
British Airways customer review,No Aircraft,No Type Of Traveller,Economy Class,No Route,No Date Flown,3,3,1,1,No rating,2
British Airways customer review,No Aircraft,No Type Of Traveller,Business Class,No Route,No Date Flown,5,5,5,4,No rating,4
British Airways customer review,No Aircraft,No Type Of Traveller,Business Class,No Route,No Date Flown,2,4,3,5,No rating,2
British Airways customer review,No Aircraft,No Type Of Traveller,Premium Economy,No Route,No Date Flown,4,4,4,3,No rating,3
British Airways customer review,No Aircraft,No Type Of Traveller,Business Class,No Route,No Date Flown,1,5,1,3,No rating,2
British Airways customer review,No Aircraft,No Type Of Traveller,Economy Class,No Route,No Date Flown,3,5,4,4,No rating,3
British Airways customer review,No Aircraft,No Type Of Traveller,Business Class,No Route,No Date Flown,4,3,3,4,No rating,5
British Airways customer review,No Aircraft,No Type Of Traveller,Economy Class,No Route,No Date Flown,1,1,1,1,No rating,1
British Airways customer review,No Aircraft,No Type Of Traveller,Business Class,No Route,No Date Flown,4,3,3,4,No rating,5
British Airways customer review,No Aircraft,No Type Of Traveller,Economy Class,No Route,No Date Flown,1,1,1,1,No rating,1
British Airways customer review,No Aircraft,No Type Of Traveller,Economy Class,No Route,No Date Flown,5,5,5,5,No rating,5
British Airways customer review,No Aircraft,No Type Of Traveller,First Class,No Route,No Date Flown,4,5,4,3,No rating,5
British Airways customer review,No Aircraft,No Type Of Traveller,Business Class,No Route,No Date Flown,2,2,1,1,No rating,2
British Airways customer review,No Aircraft,No Type Of Traveller,Economy Class,No Route,No Date Flown,4,5,5,5,No rating,5
British Airways customer review,No Aircraft,No Type Of Traveller,Economy Class,No Route,No Date Flown,5,5,4,1,No rating,5
British Airways customer review,No Aircraft,No Type Of Traveller,Economy Class,No Route,No Date Flown,1,1,1,1,No rating,1
British Airways customer review,No Aircraft,No Type Of Traveller,Business Class,No Route,No Date Flown,3,3,3,1,No rating,4
British Airways customer review,No Aircraft,No Type Of Traveller,Economy Class,No Route,No Date Flown,3,4,4,2,No rating,5
British Airways customer review,No Aircraft,No Type Of Traveller,Business Class,No Route,No Date Flown,1,1,1,1,No rating,1
British Airways customer review,No Aircraft,No Type Of Traveller,Business Class,No Route,No Date Flown,4,5,4,2,No rating,5
British Airways customer review,No Aircraft,No Type Of Traveller,Economy Class,No Route,No Date Flown,3,4,4,2,No rating,5
British Airways customer review,No Aircraft,No Type Of Traveller,Business Class,No Route,No Date Flown,4,5,3,2,No rating,5
British Airways customer review,No Aircraft,No Type Of Traveller,Business Class,No Route,No Date Flown,1,1,1,1,No rating,1
British Airways customer review,No Aircraft,No Type Of Traveller,Economy Class,No Route,No Date Flown,3,3,3,1,No rating,4
British Airways customer review,No Aircraft,No Type Of Traveller,Business Class,No Route,No Date Flown,4,5,5,4,No rating,4
British Airways customer review,No Aircraft,No Type Of Traveller,Economy Class,No Route,No Date Flown,3,2,2,4,No rating,3
British Airways customer review,No Aircraft,No Type Of Traveller,Business Class,No Route,No Date Flown,3,5,4,4,No rating,5
British Airways customer review,No Aircraft,No Type Of Traveller,Economy Class,No Route,No Date Flown,4,3,4,4,No rating,4
British Airways customer review,No Aircraft,No Type Of Traveller,Economy Class,No Route,No Date Flown,4,3,4,4,No rating,4
British Airways customer review,No Aircraft,No Type Of Traveller,Economy Class,No Route,No Date Flown,2,3,2,3,No rating,3
British Airways customer review,No Aircraft,No Type Of Traveller,Economy Class,No Route,No Date Flown,3,5,3,1,No rating,5
British Airways customer review,No Aircraft,No Type Of Traveller,Economy Class,No Route,No Date Flown,3,3,2,2,No rating,1
British Airways customer review,No Aircraft,No Type Of Traveller,Economy Class,No Route,No Date Flown,3,3,3,3,No rating,4
British Airways customer review,No Aircraft,No Type Of Traveller,Business Class,No Route,No Date Flown,5,5,5,5,No rating,5
British Airways customer review,No Aircraft,No Type Of Traveller,Business Class,No Route,No Date Flown,4,4,4,4,No rating,4
British Airways customer review,No Aircraft,No Type Of Traveller,Business Class,No Route,No Date Flown,5,5,4,4,No rating,5
British Airways customer review,No Aircraft,No Type Of Traveller,Business Class,No Route,No Date Flown,4,1,1,1,No rating,1
British Airways customer review,No Aircraft,No Type Of Traveller,Economy Class,No Route,No Date Flown,2,1,3,4,No rating,5
British Airways customer review,No Aircraft,No Type Of Traveller,Economy Class,No Route,No Date Flown,1,1,1,2,No rating,1
British Airways customer review,No Aircraft,No Type Of Traveller,Economy Class,No Route,No Date Flown,4,5,4,1,No rating,4
British Airways customer review,No Aircraft,No Type Of Traveller,Economy Class,No Route,No Date Flown,4,5,3,1,No rating,5
British Airways customer review,No Aircraft,No Type Of Traveller,First Class,No Route,No Date Flown,3,5,3,3,No rating,4
British Airways customer review,No Aircraft,No Type Of Traveller,Business Class,No Route,No Date Flown,3,1,1,1,No rating,2
British Airways customer review,No Aircraft,No Type Of Traveller,Business Class,No Route,No Date Flown,3,1,1,1,No rating,1
British Airways customer review,No Aircraft,No Type Of Traveller,Economy Class,No Route,No Date Flown,4,3,4,1,No rating,5
British Airways customer review,No Aircraft,No Type Of Traveller,Premium Economy,No Route,No Date Flown,4,4,4,3,No rating,4
British Airways customer review,No Aircraft,No Type Of Traveller,Premium Economy,No Route,No Date Flown,5,5,4,5,No rating,4
British Airways customer review,No Aircraft,No Type Of Traveller,Business Class,No Route,No Date Flown,4,3,4,4,No rating,4
British Airways customer review,No Aircraft,No Type Of Traveller,Economy Class,No Route,No Date Flown,3,4,3,3,No rating,3
British Airways customer review,No Aircraft,No Type Of Traveller,Economy Class,No Route,No Date Flown,4,5,5,4,No rating,5
British Airways customer review,No Aircraft,No Type Of Traveller,Business Class,No Route,No Date Flown,1,1,1,1,No rating,1
British Airways customer review,No Aircraft,No Type Of Traveller,Economy Class,No Route,No Date Flown,5,4,4,5,No rating,5
British Airways customer review,No Aircraft,No Type Of Traveller,Business Class,No Route,No Date Flown,2,2,2,1,No rating,1
British Airways customer review,No Aircraft,No Type Of Traveller,Business Class,No Route,No Date Flown,3,5,2,1,No rating,3
British Airways customer review,No Aircraft,No Type Of Traveller,Economy Class,No Route,No Date Flown,4,5,4,1,No rating,3
British Airways customer review,No Aircraft,No Type Of Traveller,Premium Economy,No Route,No Date Flown,5,4,4,5,No rating,4
British Airways customer review,No Aircraft,No Type Of Traveller,Economy Class,No Route,No Date Flown,3,1,1,1,No rating,1
British Airways customer review,No Aircraft,No Type Of Traveller,Economy Class,No Route,No Date Flown,1,3,1,1,No rating,1
British Airways customer review,No Aircraft,No Type Of Traveller,Premium Economy,No Route,No Date Flown,5,5,5,4,No rating,5
British Airways customer review,No Aircraft,No Type Of Traveller,Economy Class,No Route,No Date Flown,3,3,4,1,No rating,3
British Airways customer review,No Aircraft,No Type Of Traveller,Economy Class,No Route,No Date Flown,4,5,4,1,No rating,4
British Airways customer review,No Aircraft,No Type Of Traveller,Premium Economy,No Route,No Date Flown,5,2,3,5,No rating,5
British Airways customer review,No Aircraft,No Type Of Traveller,Economy Class,No Route,No Date Flown,4,4,4,5,No rating,4
British Airways customer review,No Aircraft,No Type Of Traveller,Premium Economy,No Route,No Date Flown,2,2,2,2,No rating,2
British Airways customer review,No Aircraft,No Type Of Traveller,First Class,No Route,No Date Flown,5,5,5,3,No rating,5
British Airways customer review,No Aircraft,No Type Of Traveller,First Class,No Route,No Date Flown,5,5,1,1,No rating,5
British Airways customer review,No Aircraft,No Type Of Traveller,Economy Class,No Route,No Date Flown,4,3,5,1,No rating,5
British Airways customer review,No Aircraft,No Type Of Traveller,First Class,No Route,No Date Flown,5,5,4,0,No rating,4
British Airways customer review,No Aircraft,No Type Of Traveller,Economy Class,No Route,No Date Flown,4,3,5,1,No rating,5
British Airways customer review,No Aircraft,No Type Of Traveller,First Class,No Route,No Date Flown,5,5,4,0,No rating,4
British Airways customer review,No Aircraft,No Type Of Traveller,Economy Class,No Route,No Date Flown,1,1,1,1,No rating,1
British Airways customer review,No Aircraft,No Type Of Traveller,Premium Economy,No Route,No Date Flown,4,4,3,3,No rating,3
British Airways customer review,No Aircraft,No Type Of Traveller,Business Class,No Route,No Date Flown,5,5,4,5,No rating,5
British Airways customer review,No Aircraft,No Type Of Traveller,Business Class,No Route,No Date Flown,3,4,3,3,No rating,4
British Airways customer review,No Aircraft,No Type Of Traveller,Business Class,No Route,No Date Flown,2,3,3,3,No rating,1
British Airways customer review,No Aircraft,No Type Of Traveller,Business Class,No Route,No Date Flown,4,2,4,4,No rating,3
British Airways customer review,No Aircraft,No Type Of Traveller,Economy Class,No Route,No Date Flown,2,4,4,3,No rating,4
British Airways customer review,No Aircraft,No Type Of Traveller,Premium Economy,No Route,No Date Flown,4,2,3,3,No rating,3
British Airways customer review,No Aircraft,No Type Of Traveller,Business Class,No Route,No Date Flown,3,4,3,2,No rating,3
British Airways customer review,No Aircraft,No Type Of Traveller,First Class,No Route,No Date Flown,3,4,2,2,No rating,3
British Airways customer review,No Aircraft,No Type Of Traveller,Economy Class,No Route,No Date Flown,4,3,1,3,No rating,1
British Airways customer review,No Aircraft,No Type Of Traveller,Business Class,No Route,No Date Flown,4,2,4,3,No rating,5
British Airways customer review,No Aircraft,No Type Of Traveller,Business Class,No Route,No Date Flown,5,5,4,4,No rating,5
British Airways customer review,No Aircraft,No Type Of Traveller,Premium Economy,No Route,No Date Flown,3,4,3,1,No rating,3
British Airways customer review,No Aircraft,No Type Of Traveller,Business Class,No Route,No Date Flown,5,5,4,1,No rating,4
British Airways customer review,No Aircraft,No Type Of Traveller,First Class,No Route,No Date Flown,4,2,2,2,No rating,2
British Airways customer review,No Aircraft,No Type Of Traveller,Premium Economy,No Route,No Date Flown,2,3,1,2,No rating,1
British Airways customer review,No Aircraft,No Type Of Traveller,Economy Class,No Route,No Date Flown,5,5,5,3,No rating,5
British Airways customer review,No Aircraft,No Type Of Traveller,Economy Class,No Route,No Date Flown,1,1,1,1,No rating,1
British Airways customer review,No Aircraft,No Type Of Traveller,First Class,No Route,No Date Flown,4,2,2,2,No rating,2
British Airways customer review,No Aircraft,No Type Of Traveller,Premium Economy,No Route,No Date Flown,5,5,5,3,No rating,5
British Airways customer review,No Aircraft,No Type Of Traveller,Economy Class,No Route,No Date Flown,1,2,1,3,No rating,2
British Airways customer review,No Aircraft,No Type Of Traveller,Business Class,No Route,No Date Flown,4,2,3,4,No rating,4
British Airways customer review,No Aircraft,No Type Of Traveller,Business Class,No Route,No Date Flown,1,3,2,1,No rating,1
British Airways customer review,No Aircraft,No Type Of Traveller,Business Class,No Route,No Date Flown,5,5,3,5,No rating,5
British Airways customer review,No Aircraft,No Type Of Traveller,Business Class,No Route,No Date Flown,5,5,5,5,No rating,5
British Airways customer review,No Aircraft,No Type Of Traveller,Economy Class,No Route,No Date Flown,5,3,4,5,No rating,4
British Airways customer review,No Aircraft,No Type Of Traveller,Economy Class,No Route,No Date Flown,1,4,3,3,No rating,3
British Airways customer review,No Aircraft,No Type Of Traveller,Business Class,No Route,No Date Flown,1,3,4,1,No rating,1
British Airways customer review,No Aircraft,No Type Of Traveller,Business Class,No Route,No Date Flown,1,1,2,3,No rating,1
British Airways customer review,No Aircraft,No Type Of Traveller,Economy Class,No Route,No Date Flown,1,4,3,3,No rating,3
British Airways customer review,No Aircraft,No Type Of Traveller,Business Class,No Route,No Date Flown,5,5,5,4,No rating,5
British Airways customer review,No Aircraft,No Type Of Traveller,Economy Class,No Route,No Date Flown,3,3,3,3,No rating,4
British Airways customer review,No Aircraft,No Type Of Traveller,Economy Class,No Route,No Date Flown,5,5,4,3,No rating,5
British Airways customer review,No Aircraft,No Type Of Traveller,First Class,No Route,No Date Flown,2,5,5,1,No rating,1
British Airways customer review,No Aircraft,No Type Of Traveller,Business Class,No Route,No Date Flown,3,4,3,1,No rating,3
British Airways customer review,No Aircraft,No Type Of Traveller,Business Class,No Route,No Date Flown,3,1,3,3,No rating,1
British Airways customer review,No Aircraft,No Type Of Traveller,Business Class,No Route,No Date Flown,2,4,3,1,No rating,3
British Airways customer review,No Aircraft,No Type Of Traveller,Premium Economy,No Route,No Date Flown,5,5,4,5,No rating,5
British Airways customer review,No Aircraft,No Type Of Traveller,Premium Economy,No Route,No Date Flown,4,5,4,4,No rating,4
British Airways customer review,No Aircraft,No Type Of Traveller,Business Class,No Route,No Date Flown,4,5,5,5,No rating,5
British Airways customer review,No Aircraft,No Type Of Traveller,Economy Class,No Route,No Date Flown,5,5,4,5,No rating,4
British Airways customer review,No Aircraft,No Type Of Traveller,Economy Class,No Route,No Date Flown,4,5,4,5,No rating,4
British Airways customer review,No Aircraft,No Type Of Traveller,Economy Class,No Route,No Date Flown,3,5,1,1,No rating,5
British Airways customer review,No Aircraft,No Type Of Traveller,Economy Class,No Route,No Date Flown,2,4,1,1,No rating,1
British Airways customer review,No Aircraft,No Type Of Traveller,Economy Class,No Route,No Date Flown,4,5,3,1,No rating,4
British Airways customer review,No Aircraft,No Type Of Traveller,Premium Economy,No Route,No Date Flown,5,5,5,5,No rating,4
British Airways customer review,No Aircraft,No Type Of Traveller,Economy Class,No Route,No Date Flown,5,5,5,5,No rating,5
British Airways customer review,No Aircraft,No Type Of Traveller,Economy Class,No Route,No Date Flown,2,4,1,1,No rating,1
British Airways customer review,No Aircraft,No Type Of Traveller,Economy Class,No Route,No Date Flown,3,3,1,1,No rating,4
British Airways customer review,No Aircraft,No Type Of Traveller,Business Class,No Route,No Date Flown,5,5,2,5,No rating,4
British Airways customer review,No Aircraft,No Type Of Traveller,Economy Class,No Route,No Date Flown,4,5,3,5,No rating,4
British Airways customer review,No Aircraft,No Type Of Traveller,Business Class,No Route,No Date Flown,3,1,3,5,No rating,3
British Airways customer review,No Aircraft,No Type Of Traveller,Business Class,No Route,No Date Flown,5,5,4,1,No rating,2
British Airways customer review,No Aircraft,No Type Of Traveller,Business Class,No Route,No Date Flown,4,5,4,2,No rating,5
British Airways customer review,No Aircraft,No Type Of Traveller,Premium Economy,No Route,No Date Flown,1,1,1,2,No rating,2
British Airways customer review,No Aircraft,No Type Of Traveller,Economy Class,No Route,No Date Flown,1,1,1,1,No rating,1
British Airways customer review,No Aircraft,No Type Of Traveller,Economy Class,No Route,No Date Flown,3,3,3,1,No rating,2
British Airways customer review,No Aircraft,No Type Of Traveller,Business Class,No Route,No Date Flown,5,5,5,5,No rating,4
British Airways customer review,No Aircraft,No Type Of Traveller,Economy Class,No Route,No Date Flown,4,3,3,3,No rating,3
British Airways customer review,No Aircraft,No Type Of Traveller,Economy Class,No Route,No Date Flown,4,5,4,3,No rating,4
British Airways customer review,No Aircraft,No Type Of Traveller,Economy Class,No Route,No Date Flown,1,1,1,3,No rating,1
British Airways customer review,No Aircraft,No Type Of Traveller,Business Class,No Route,No Date Flown,4,2,1,4,No rating,2
British Airways customer review,No Aircraft,No Type Of Traveller,Business Class,No Route,No Date Flown,3,3,1,1,No rating,2
British Airways customer review,No Aircraft,No Type Of Traveller,First Class,No Route,No Date Flown,5,5,5,4,No rating,4
British Airways customer review,No Aircraft,No Type Of Traveller,Economy Class,No Route,No Date Flown,3,2,3,1,No rating,2
British Airways customer review,No Aircraft,No Type Of Traveller,Business Class,No Route,No Date Flown,4,5,4,5,No rating,4
British Airways customer review,No Aircraft,No Type Of Traveller,Economy Class,No Route,No Date Flown,3,4,5,4,No rating,5
British Airways customer review,No Aircraft,No Type Of Traveller,Business Class,No Route,No Date Flown,4,5,4,5,No rating,4
British Airways customer review,No Aircraft,No Type Of Traveller,Economy Class,No Route,No Date Flown,3,2,2,2,No rating,3
British Airways customer review,No Aircraft,No Type Of Traveller,Business Class,No Route,No Date Flown,1,3,1,3,No rating,1
British Airways customer review,No Aircraft,No Type Of Traveller,Economy Class,No Route,No Date Flown,5,4,4,1,No rating,4
British Airways customer review,No Aircraft,No Type Of Traveller,Business Class,No Route,No Date Flown,4,4,4,4,No rating,3
British Airways customer review,No Aircraft,No Type Of Traveller,Economy Class,No Route,No Date Flown,3,2,2,4,No rating,3
British Airways customer review,No Aircraft,No Type Of Traveller,First Class,No Route,No Date Flown,5,5,5,4,No rating,5
British Airways customer review,No Aircraft,No Type Of Traveller,Business Class,No Route,No Date Flown,3,5,3,2,No rating,4
British Airways customer review,No Aircraft,No Type Of Traveller,Economy Class,No Route,No Date Flown,1,2,1,3,No rating,2
British Airways customer review,No Aircraft,No Type Of Traveller,Economy Class,No Route,No Date Flown,5,4,3,1,No rating,4
British Airways customer review,No Aircraft,No Type Of Traveller,Economy Class,No Route,No Date Flown,5,4,4,1,No rating,4
British Airways customer review,No Aircraft,No Type Of Traveller,Business Class,No Route,No Date Flown,5,1,1,3,No rating,2
British Airways customer review,No Aircraft,No Type Of Traveller,Economy Class,No Route,No Date Flown,5,4,3,1,No rating,3
British Airways customer review,No Aircraft,No Type Of Traveller,Business Class,No Route,No Date Flown,2,3,2,3,No rating,3
British Airways customer review,No Aircraft,No Type Of Traveller,Economy Class,No Route,No Date Flown,1,1,1,2,No rating,3
British Airways customer review,No Aircraft,No Type Of Traveller,Business Class,No Route,No Date Flown,4,5,3,2,No rating,4
British Airways customer review,No Aircraft,No Type Of Traveller,Economy Class,No Route,No Date Flown,1,1,2,3,No rating,3
British Airways customer review,No Aircraft,No Type Of Traveller,Economy Class,No Route,No Date Flown,2,1,2,1,No rating,2
British Airways customer review,No Aircraft,No Type Of Traveller,Economy Class,No Route,No Date Flown,4,5,4,4,No rating,5
British Airways customer review,No Aircraft,No Type Of Traveller,First Class,No Route,No Date Flown,5,5,5,4,No rating,4
British Airways customer review,No Aircraft,No Type Of Traveller,Business Class,No Route,No Date Flown,2,1,2,1,No rating,2
British Airways customer review,No Aircraft,No Type Of Traveller,Business Class,No Route,No Date Flown,3,5,4,1,No rating,4
British Airways customer review,No Aircraft,No Type Of Traveller,Economy Class,No Route,No Date Flown,4,5,5,4,No rating,5
British Airways customer review,No Aircraft,No Type Of Traveller,Business Class,No Route,No Date Flown,4,3,1,2,No rating,3
British Airways customer review,No Aircraft,No Type Of Traveller,Economy Class,No Route,No Date Flown,5,5,3,4,No rating,3
British Airways customer review,No Aircraft,No Type Of Traveller,Business Class,No Route,No Date Flown,3,2,2,2,No rating,3
British Airways customer review,No Aircraft,No Type Of Traveller,Business Class,No Route,No Date Flown,5,5,3,2,No rating,5
British Airways customer review,No Aircraft,No Type Of Traveller,Business Class,No Route,No Date Flown,5,5,5,1,No rating,5
British Airways customer review,No Aircraft,No Type Of Traveller,Economy Class,No Route,No Date Flown,1,1,2,3,No rating,5
British Airways customer review,No Aircraft,No Type Of Traveller,Economy Class,No Route,No Date Flown,4,4,4,1,No rating,4
British Airways customer review,No Aircraft,No Type Of Traveller,Economy Class,No Route,No Date Flown,1,1,1,2,No rating,1
British Airways customer review,No Aircraft,No Type Of Traveller,Economy Class,No Route,No Date Flown,4,4,4,1,No rating,4
British Airways customer review,No Aircraft,No Type Of Traveller,Economy Class,No Route,No Date Flown,3,3,4,1,No rating,4
British Airways customer review,No Aircraft,No Type Of Traveller,First Class,No Route,No Date Flown,5,5,5,4,No rating,4
British Airways customer review,No Aircraft,No Type Of Traveller,Economy Class,No Route,No Date Flown,2,3,3,2,No rating,1
British Airways customer review,No Aircraft,No Type Of Traveller,Business Class,No Route,No Date Flown,4,5,4,3,No rating,4
British Airways customer review,No Aircraft,No Type Of Traveller,Economy Class,No Route,No Date Flown,4,5,5,5,No rating,4
British Airways customer review,No Aircraft,No Type Of Traveller,Economy Class,No Route,No Date Flown,3,1,1,4,No rating,1
British Airways customer review,No Aircraft,No Type Of Traveller,Economy Class,No Route,No Date Flown,4,4,4,4,No rating,4
British Airways customer review,No Aircraft,No Type Of Traveller,Economy Class,No Route,No Date Flown,3,1,3,1,No rating,1
British Airways customer review,No Aircraft,No Type Of Traveller,Business Class,No Route,No Date Flown,4,2,3,3,No rating,3
British Airways customer review,No Aircraft,No Type Of Traveller,Economy Class,No Route,No Date Flown,4,4,3,3,No rating,4
British Airways customer review,No Aircraft,No Type Of Traveller,Economy Class,No Route,No Date Flown,5,5,5,1,No rating,5
British Airways customer review,No Aircraft,No Type Of Traveller,Business Class,No Route,No Date Flown,5,5,4,4,No rating,5
British Airways customer review,No Aircraft,No Type Of Traveller,Business Class,No Route,No Date Flown,5,5,5,4,No rating,5
British Airways customer review,No Aircraft,No Type Of Traveller,Economy Class,No Route,No Date Flown,4,4,4,2,No rating,4
British Airways customer review,No Aircraft,No Type Of Traveller,Business Class,No Route,No Date Flown,4,5,5,2,No rating,5
British Airways customer review,No Aircraft,No Type Of Traveller,Economy Class,No Route,No Date Flown,4,5,4,0,No rating,5
British Airways customer review,No Aircraft,No Type Of Traveller,Premium Economy,No Route,No Date Flown,3,2,1,2,No rating,1
British Airways customer review,No Aircraft,No Type Of Traveller,Economy Class,No Route,No Date Flown,1,4,1,4,No rating,3
British Airways customer review,No Aircraft,No Type Of Traveller,Business Class,No Route,No Date Flown,3,5,4,1,No rating,5
British Airways customer review,No Aircraft,No Type Of Traveller,Premium Economy,No Route,No Date Flown,1,1,1,1,No rating,1
British Airways customer review,No Aircraft,No Type Of Traveller,Business Class,No Route,No Date Flown,4,5,4,3,No rating,4
British Airways customer review,No Aircraft,No Type Of Traveller,Economy Class,No Route,No Date Flown,3,3,3,1,No rating,2
British Airways customer review,No Aircraft,No Type Of Traveller,Business Class,No Route,No Date Flown,4,5,4,1,No rating,4
British Airways customer review,No Aircraft,No Type Of Traveller,Economy Class,No Route,No Date Flown,4,3,3,4,No rating,5
British Airways customer review,No Aircraft,No Type Of Traveller,Economy Class,No Route,No Date Flown,3,3,3,1,No rating,3
British Airways customer review,No Aircraft,No Type Of Traveller,Business Class,No Route,No Date Flown,4,4,4,4,No rating,4
British Airways customer review,No Aircraft,No Type Of Traveller,Economy Class,No Route,No Date Flown,4,5,5,4,No rating,5
British Airways customer review,No Aircraft,No Type Of Traveller,First Class,No Route,No Date Flown,5,5,5,5,No rating,5
British Airways customer review,No Aircraft,No Type Of Traveller,Economy Class,No Route,No Date Flown,1,1,1,1,No rating,1
British Airways customer review,No Aircraft,No Type Of Traveller,Business Class,No Route,No Date Flown,3,1,1,4,No rating,3
British Airways customer review,No Aircraft,No Type Of Traveller,Business Class,No Route,No Date Flown,4,5,5,3,No rating,4
British Airways customer review,No Aircraft,No Type Of Traveller,Economy Class,No Route,No Date Flown,4,5,4,0,No rating,3
British Airways customer review,No Aircraft,No Type Of Traveller,Business Class,No Route,No Date Flown,4,3,2,4,No rating,3
British Airways customer review,No Aircraft,No Type Of Traveller,Economy Class,No Route,No Date Flown,5,5,5,0,No rating,4
British Airways customer review,No Aircraft,No Type Of Traveller,Economy Class,No Route,No Date Flown,3,3,3,4,No rating,3
British Airways customer review,No Aircraft,No Type Of Traveller,Business Class,No Route,No Date Flown,4,3,2,3,No rating,2
British Airways customer review,No Aircraft,No Type Of Traveller,Economy Class,No Route,No Date Flown,3,1,2,0,No rating,3
British Airways customer review,No Aircraft,No Type Of Traveller,Economy Class,No Route,No Date Flown,2,3,2,3,No rating,3
British Airways customer review,No Aircraft,No Type Of Traveller,Economy Class,No Route,No Date Flown,2,3,2,3,No rating,3
British Airways customer review,No Aircraft,No Type Of Traveller,Economy Class,No Route,No Date Flown,2,3,1,4,No rating,2
British Airways customer review,No Aircraft,No Type Of Traveller,Economy Class,No Route,No Date Flown,2,3,1,4,No rating,3
British Airways customer review,No Aircraft,No Type Of Traveller,Business Class,No Route,No Date Flown,4,3,3,4,No rating,0
British Airways customer review,No Aircraft,No Type Of Traveller,Business Class,No Route,No Date Flown,4,5,4,0,No rating,3
British Airways customer review,No Aircraft,No Type Of Traveller,Economy Class,No Route,No Date Flown,No rating,No rating,No rating,No rating,No rating,4
British Airways customer review,No Aircraft,No Type Of Traveller,Premium Economy,No Route,No Date Flown,1,3,5,0,No rating,1
British Airways customer review,No Aircraft,No Type Of Traveller,First Class,No Route,No Date Flown,4,5,5,2,No rating,2
