Review Title,Aircraft,Type of Traveller,Seat Type,Route,Date Flown,Seat Comfort,Cabin Staff Service,Food Beverages,Inflight Entertainment,Ground Service,Value For Money,Overall Rating,sentiment_score,sentiment_label,Sentiment Score,Sentiment,Review Length,Route Popularity,Airline Popularity,clean_review,Aircraft_Label
"""managed to get everything right""",Boeing 777,Business,Premium Economy,Gatwick to Antigua,2025-03-01,5.0,5.0,4.0,4.0,5.0,5,4.666666666666667,0.0,Neutral,0.0,1,5,3,452,managed to get everything right,145
"""The seats were excellent""",Boeing 777-200,Couple Leisure,Premium Economy,Mumbai to London,2025-02-01,5.0,4.0,3.0,5.0,4.0,5,4.333333333333333,0.5719,Positive,0.5719,2,4,6,171,the seats were excellent,157
"""the crew were awful""",A350,Couple Leisure,Business Class,Nairobi to London,2025-02-01,4.0,1.0,2.0,3.0,4.0,3,2.8333333333333335,-0.4588,Negative,-0.4588,0,4,2,39,the crew were awful,79
"""not use British Airways on this route""",A320,Solo Leisure,Economy Class,London Gatwick to Marrakech,2025-02-01,4.0,1.0,2.7091954022988505,2.636533432947329,2.0,2,2.390954805874363,0.0,Neutral,0.0,1,7,1,662,not use british airways on this route,26
"""they still haven't replied""",Boeing 777-300,Business,Premium Economy,Amsterdam to Las Vegas via London,2024-11-01,3.0,3.0,3.0,3.0,1.0,1,2.3333333333333335,0.0,Neutral,0.0,1,4,1,54,they still havent replied,167
“food has really gone downhill”,A350-1000,Couple Leisure,Business Class,London to Nairobi,2025-02-01,4.0,1.0,2.0,2.0,3.0,3,2.5,0.0,Neutral,0.0,1,5,3,10,food has really gone downhill,80
"""thoroughly enjoyed this flight""",A380,Solo Leisure,Economy Class,Dubai to London Heathrow,2025-02-01,4.0,5.0,5.0,4.0,5.0,5,4.666666666666667,0.5563,Positive,0.5563,2,4,6,302,thoroughly enjoyed this flight,81
“customer support was terrible”,Boeing 767,Couple Leisure,Economy Class,Zürich to London,2024-12-01,2.0,2.0,1.0,1.0,1.0,1,1.3333333333333333,0.4019,Positive,0.4019,2,4,2,68,customer support was terrible,140
"""a really enjoyable experience""",Boeing 777,Couple Leisure,Business Class,London to Male,2025-01-01,5.0,5.0,4.0,5.0,5.0,4,4.666666666666667,0.4927,Positive,0.4927,2,4,4,452,a really enjoyable experience,145
"""Very good flight""",A320,Solo Leisure,Business Class,London Heathrow to Zurich,2025-01-01,3.0,4.0,4.0,2.6,4.0,4,3.6,0.4927,Positive,0.4927,2,3,1,662,very good flight,26
"""relatively comfortable elderly plane""",A319,Family Leisure,Economy Class,London to Lisbon,2025-01-01,3.0,4.0,2.0,2.0,4.0,4,3.1666666666666665,0.5106,Positive,0.5106,2,4,6,196,relatively comfortable elderly plane,10
"""70 days chasing BA’s complaints department""",A320,Solo Leisure,Economy Class,Manchester to Isle of Man,2024-11-01,2.859667633869692,3.2404661016949152,2.7091954022988505,2.636533432947329,1.0,1,2.2409770951351313,-0.4019,Negative,-0.4019,0,6,1,662, days chasing bas complaints department,26
"""BA refused to reimburse me""",Boeing 777,Family Leisure,Premium Economy,Houston to cologne via London,2024-12-01,1.0,1.0,2.7091954022988505,2.636533432947329,1.0,1,1.5576214725410298,-0.296,Negative,-0.296,0,5,1,452,ba refused to reimburse me,145
"""the flight was delayed""",A320,Business,Economy Class,London to Basel,2025-01-01,1.0,3.0,2.0,1.0,1.0,1,1.5,-0.2263,Negative,-0.2263,0,4,2,662,the flight was delayed,26
"""BA forced us to buy new tickets""",Boeing 747,Family Leisure,Economy Class,London to Phoenix,2023-11-01,2.0,2.0,2.0,2.0,1.0,1,1.6666666666666667,-0.4588,Negative,-0.4588,0,7,6,135,ba forced us to buy new tickets,117
“staff had no sympathy or empathy”,A380,Family Leisure,Economy Class,London to Johannesburg,2025-01-01,1.0,1.0,2.0,3.0,1.0,1,1.5,-0.2755,Negative,-0.2755,0,6,21,302,staff had no sympathy or empathy,81
"""the seat is outdated""",A380,Solo Leisure,Business Class,London to Cape Town via Johannesburg,2024-12-01,3.0,4.0,4.0,1.0,3.0,3,3.0,0.0,Neutral,0.0,1,4,1,302,the seat is outdated,81
"""a national disgrace""",Boeing 747-400,Family Leisure,Economy Class,Larnaca to Glasgow via Heathrow,2024-11-01,1.0,1.0,1.0,2.0,1.0,1,1.1666666666666667,-0.4939,Negative,-0.4939,0,3,1,275,a national disgrace,129
"""sheer neglect in keeping us informed""",A319,Couple Leisure,Economy Class,London to Rome,2024-12-01,2.0,4.0,2.7091954022988505,2.636533432947329,1.0,2,2.390954805874363,-0.4588,Negative,-0.4588,0,6,6,196,sheer neglect in keeping us informed,10
"""a huge disappointment""",Boeing 777 / A350,Business,Business Class,Washington to London,2024-12-01,4.0,3.0,1.0,5.0,1.0,1,2.5,-0.25,Negative,-0.25,0,3,10,1,a huge disappointment,151
"""we had to bus to the aircraft""",Boeing 777,Solo Leisure,Business Class,Cape Town to London,2024-12-01,5.0,5.0,5.0,5.0,4.0,5,4.833333333333333,0.0,Neutral,0.0,1,7,14,452,we had to bus to the aircraft,145
"“victims of their new supper service""",Boeing 787,Solo Leisure,First Class,Mexico City to London Heathrow,2024-11-01,5.0,5.0,3.0,3.0,4.0,4,4.0,0.0,Neutral,0.0,1,6,3,97,victims of their new supper service,172
“flight was cancelled last minute”,A320,Solo Leisure,Economy Class,London to Amsterdam,2024-12-01,1.0,1.0,2.7091954022988505,2.636533432947329,1.0,1,1.5576214725410298,-0.25,Negative,-0.25,0,5,8,662,flight was cancelled last minute,26
“Nobody wants to take responsibility”,A320,Solo Leisure,Economy Class,Marrakesh to London,2024-08-01,2.0,2.0,1.0,1.0,1.0,1,1.3333333333333333,0.0,Neutral,0.0,1,5,1,662,nobody wants to take responsibility,26
"""Terrible customer service""",A350,Family Leisure,Economy Class,London Heathrow to Toronto,2024-11-01,1.0,1.0,1.0,1.0,1.0,1,1.0,-0.4767,Negative,-0.4767,0,3,3,39,terrible customer service,79
“Is British Airways really this cheap”,Boeing 747,Solo Leisure,Economy Class,Milan Italy to London Heathrow,2024-11-01,2.0,1.0,1.0,1.4,3.0,1,1.5666666666666667,0.0,Neutral,0.0,1,6,1,135,is british airways really this cheap,117
"""I will never fly BA again""",A321 / Boeing 787-9,Family Leisure,Economy Class,Madrid to San Diego via London,2024-10-01,2.0,3.0,2.0,3.0,1.0,3,2.3333333333333335,0.0,Neutral,0.0,1,6,1,2,i will never fly ba again,63
"""I was pleasantly surprised""",A321,Family Leisure,Economy Class,London to Belfast,2024-11-01,3.0,2.0,2.7091954022988505,2.636533432947329,5.0,5,3.390954805874363,0.6124,Positive,0.6124,2,4,6,126,i was pleasantly surprised,59
"""flight attendants were outstanding""",A350,Couple Leisure,Business Class,Vancouver to London,2024-11-01,5.0,5.0,5.0,4.0,3.0,4,4.333333333333333,0.6124,Positive,0.6124,2,4,17,39,flight attendants were outstanding,79
"""Food and service was the worst""",A320neo,Solo Leisure,Economy Class,Malaga to London,2024-10-01,1.0,1.0,1.0,1.0,1.0,2,1.1666666666666667,-0.6249,Negative,-0.6249,0,6,4,9,food and service was the worst,58
“flying with BA was disappointing”,A350,Solo Leisure,Economy Class,Keflavik to Cape Town via London,2024-10-01,2.0,2.0,1.0,1.4,1.0,2,1.5666666666666667,0.0,Neutral,0.0,1,5,1,39,flying with ba was disappointing,79
"""won't be using her return ticket""",A380,Couple Leisure,Economy Class,Singapore to Keflavik via London,2024-10-01,2.0,2.0,1.0,2.0,1.0,3,1.8333333333333333,0.0,Neutral,0.0,1,6,1,302,wont be using her return ticket,81
"""the same as low cost carriers""",A320,Solo Leisure,Economy Class,Las Palmas to London Gatwick,2024-10-01,2.0,2.0,1.0,1.4,3.0,4,2.2333333333333334,-0.2732,Negative,-0.2732,0,6,1,662,the same as low cost carriers,26
“not refunding our money”,A319,Family Leisure,Economy Class,Gatwick to Florence,2024-08-01,1.0,3.0,2.7091954022988505,2.636533432947329,1.0,1,1.8909548058743633,0.0,Neutral,0.0,1,4,1,196,not refunding our money,10
“A very poor experience”,Boeing 777-200,Solo Leisure,Premium Economy,Mumbai to London,2024-11-01,2.0,2.0,2.7091954022988505,2.636533432947329,4.0,1,2.390954805874363,-0.5256,Negative,-0.5256,0,4,6,171,a very poor experience,157
"""food and beverages being targeted""",Boeing 777-300,Family Leisure,Business Class,Singapore to London,2024-11-01,5.0,4.0,3.0,4.0,5.0,3,4.0,0.0,Neutral,0.0,1,5,12,54,food and beverages being targeted,167
"""never fly with them again""",A320,Couple Leisure,Economy Class,Munich to London Heathrow,2024-10-01,2.0,3.0,2.7091954022988505,2.636533432947329,1.0,1,2.05762147254103,0.0,Neutral,0.0,1,5,4,662,never fly with them again,26
"""still have not heard any updates""",A380,Couple Leisure,Premium Economy,Heathrow to Boston,2024-09-01,2.0,5.0,3.0,4.0,1.0,1,2.6666666666666665,0.0,Neutral,0.0,1,6,1,302,still have not heard any updates,81
"""cabin crew were nice""",A380-800,Family Leisure,Economy Class,Los Angeles to London Heathrow,2024-11-01,3.0,4.0,3.0,2.0,4.0,3,3.1666666666666665,0.4215,Positive,0.4215,2,4,8,12,cabin crew were nice,94
"""support staff wash their hands of you""",A380,Family Leisure,Premium Economy,Vancouver to London,2024-08-01,1.0,5.0,3.0,1.0,1.0,1,2.0,0.4019,Positive,0.4019,2,7,17,302,support staff wash their hands of you,81
"""no fuss, no bother experience""",A320,Solo Leisure,Economy Class,Vancouver to Gatwick,2024-09-01,4.0,5.0,5.0,5.0,5.0,4,4.666666666666667,0.2584,Positive,0.2584,2,5,1,662,no fuss no bother experience,26
"""Who can trust BA to travel2",A320,Solo Leisure,Economy Class,London to Istanbul,2024-10-01,3.0,3.0,1.0,1.0,1.0,1,1.6666666666666667,0.5106,Positive,0.5106,2,6,10,662,who can trust ba to travel,26
"""just another poor airline""",Boeing 777,Couple Leisure,Business Class,San Francisco to Barcelona via London,2024-10-01,3.0,2.0,1.0,3.0,3.0,2,2.3333333333333335,-0.4767,Negative,-0.4767,0,4,1,452,just another poor airline,145
"""spent two hours trying to make contact with BA""",Boeing 787-9,Business,Business Class,Mexico City to London Heathrow,2024-10-01,1.0,1.0,2.7091954022988505,2.636533432947329,1.0,1,1.5576214725410298,0.0,Neutral,0.0,1,9,3,54,spent two hours trying to make contact with ba,184
"""using another airline for future travel""",Boeing 777,Solo Leisure,Business Class,Paris to Boston via London,2024-07-01,1.0,1.0,2.7091954022988505,2.636533432947329,1.0,2,1.7242881392076965,0.0,Neutral,0.0,1,6,1,452,using another airline for future travel,145
"""oversold tickets on our flight""",A320,Family Leisure,Economy Class,Geneva to London,2024-09-01,2.859667633869692,3.2404661016949152,2.7091954022988505,2.636533432947329,1.0,1,2.2409770951351313,0.0,Neutral,0.0,1,5,6,662,oversold tickets on our flight,26
“Appalling service”,A380,Business,Business Class,Johannesburg to London,2024-10-01,2.0,1.0,2.0,2.0,1.0,1,1.5,0.0,Neutral,0.0,1,2,17,302,appalling service,81
“BA’s petty penny pinching ”,Boeing 787-900,Business,Business Class,London to Mexico City,2024-10-01,1.0,5.0,1.0,1.0,2.0,3,2.1666666666666665,-0.2023,Negative,-0.2023,0,5,3,8,bas petty penny pinching ,190
“British arrogance with no manners”,A320N,Couple Leisure,Business Class,Berlin to London Heathrow,2024-10-01,1.0,1.0,1.0,1.4,2.0,1,1.2333333333333334,-0.6808,Negative,-0.6808,0,5,2,1,british arrogance with no manners,55
"""Terrible customer service""",A321,Couple Leisure,Business Class,London Heathrow to Philadelphia,2024-09-01,1.0,1.0,1.0,1.4,1.0,1,1.0666666666666667,-0.4767,Negative,-0.4767,0,3,1,126,terrible customer service,59
“left much to be desired”,Boeing 787,Solo Leisure,Economy Class,Johannesburg to New York City via Heathrow,2024-10-01,5.0,4.0,3.0,2.0,3.0,2,3.1666666666666665,0.0,Neutral,0.0,1,5,1,97,left much to be desired,172
"""crew were all very friendly""",Boeing 777-336 ER,Solo Leisure,Premium Economy,New York JFK to London Heathrow,2024-10-01,5.0,5.0,3.0,5.0,5.0,4,4.5,0.5413,Positive,0.5413,2,5,4,1,crew were all very friendly,171
"""Simply not good enough""",A320,Solo Leisure,Business Class,Antalya to Gatwick,2024-10-01,1.0,2.0,4.0,2.6,2.0,2,2.2666666666666666,-0.3412,Negative,-0.3412,0,4,1,662,simply not good enough,26
“BA refuses to reimburse us”,A320,Couple Leisure,Economy Class,London to Lisbon,2024-09-01,3.0,2.0,1.0,1.0,1.0,2,1.6666666666666667,0.0,Neutral,0.0,1,5,6,662,ba refuses to reimburse us,26
"""my luggage is missing""",Embraer 190,Solo Leisure,Economy Class,Edinburgh to Delhi via London,2024-09-01,1.0,1.0,1.0,1.4,1.0,1,1.0666666666666667,-0.296,Negative,-0.296,0,4,1,15,my luggage is missing,202
"""work is needed to provide a better customer experience""",A350,Solo Leisure,Premium Economy,London to Vancouver,2024-09-01,4.0,5.0,2.0,1.0,3.0,2,2.8333333333333335,0.4404,Positive,0.4404,2,9,11,39,work is needed to provide a better customer experience,79
"""barely a step above low cost airlines""",A320,Business,Economy Class,Gatwick to Amsterdam,2024-09-01,3.0,4.0,1.0,1.0,3.0,1,2.1666666666666665,-0.2732,Negative,-0.2732,0,7,2,662,barely a step above low cost airlines,26
"""Happy with the flight crew""",A320,Solo Leisure,Economy Class,Paris to San Diego via London,2024-09-01,5.0,5.0,5.0,3.4,5.0,5,4.733333333333333,0.5719,Positive,0.5719,2,5,1,662,happy with the flight crew,26
"""seats are super uncomfortable""",A321,Business,Business Class,Marrakech to Gatwick,2024-09-01,1.0,3.2404661016949152,2.7091954022988505,2.636533432947329,1.0,1,1.9310324894901825,0.3182,Positive,0.3182,2,4,1,126,seats are super uncomfortable,59
"""very disappointed""",Boeing 747,Family Leisure,Economy Class,Amsterdam to Pittsburgh via London,2024-09-01,2.0,2.0,2.0,2.0,1.0,1,1.6666666666666667,-0.5256,Negative,-0.5256,0,2,1,135,very disappointed,117
"""happily recommend and use BA""",A321,Couple Leisure,Economy Class,Heathrow to Berlin,2024-07-01,3.0,4.0,3.0,3.4,4.0,3,3.4,0.7269,Positive,0.7269,2,5,1,126,happily recommend and use ba,59
"""cannot get compensation for our flight""",Boeing 777,Couple Leisure,Economy Class,Manchester to Seattle via London,2024-05-01,2.859667633869692,3.2404661016949152,2.7091954022988505,2.636533432947329,1.0,1,2.2409770951351313,0.0,Neutral,0.0,1,6,2,452,cannot get compensation for our flight,145
“Crew very friendly and attentive”,Boeing 777-2OOLR,Couple Leisure,Business Class,London Heathrow to Nashville,2024-08-01,4.0,4.0,4.0,2.0,2.0,3,3.1666666666666665,0.5413,Positive,0.5413,2,5,1,1,crew very friendly and attentive,166
"""A nightmare journey""",A319 / A321NEO,Couple Leisure,Economy Class,London to Venice,2024-09-01,2.0,3.0,2.7091954022988505,2.636533432947329,1.0,1,2.05762147254103,0.0,Neutral,0.0,1,3,4,1,a nightmare journey,12
“One gets better service in McDonalds”,Boeing 777-300ER,Business,First Class,London Heathrow to Chicago,2024-08-01,1.0,1.0,1.0,1.0,1.0,1,1.0,0.4404,Positive,0.4404,2,6,3,18,one gets better service in mcdonalds,169
"“shocking food, service, exorbitant prices”",Boeing 747-400,Couple Leisure,Business Class,London to Crete,2024-09-01,2.0,1.0,1.0,1.0,2.0,2,1.5,0.0,Neutral,0.0,1,5,1,275,shocking food service exorbitant prices,129
"""delayed with no explanation""",A319,Business,Business Class,Berlin to London,2024-08-01,3.0,1.0,3.0,3.4,1.0,1,2.066666666666667,-0.4767,Negative,-0.4767,0,4,7,196,delayed with no explanation,10
"""Sound food and drink offered""",Boeing 777-200,Family Leisure,Business Class,London to Toronto,2024-08-01,4.0,4.0,4.0,5.0,4.0,4,4.166666666666667,0.0,Neutral,0.0,1,5,10,171,sound food and drink offered,157
"“beyond appalled, hurt and frustrated”",Dreamliner,Solo Leisure,Economy Class,London to Denver,2024-08-01,1.0,1.0,2.7091954022988505,2.636533432947329,1.0,1,1.5576214725410298,-0.7506,Negative,-0.7506,0,5,3,3,beyond appalled hurt and frustrated,193
"""experience was overall very poor""",A380,Family Leisure,Business Class,London to Hong Kong via Doha,2024-07-01,4.0,1.0,3.0,4.0,1.0,1,2.3333333333333335,-0.5256,Negative,-0.5256,0,5,1,302,experience was overall very poor,81
“the entire travel was cancelled”,A380,Business,Business Class,San Diego to Athens,2024-08-01,2.859667633869692,3.2404661016949152,2.7091954022988505,2.636533432947329,2.755620723362659,1,2.533580549028908,0.0,Neutral,0.0,1,5,1,302,the entire travel was cancelled,81
“service offered was exceptional”,Boeing 787,Solo Leisure,First Class,Manchester to Newark via London,2024-08-01,5.0,5.0,4.0,4.0,4.0,5,4.5,0.0,Neutral,0.0,1,4,1,97,service offered was exceptional,172
"""No meal served""",A320,Solo Leisure,Economy Class,Gatwick to Dalaman,2024-08-01,4.0,2.0,1.0,1.0,1.0,1,1.6666666666666667,0.0,Neutral,0.0,1,3,2,662,no meal served,26
“no response to complaint”,A380,Family Leisure,Economy Class,London to Ibiza,2024-08-01,1.0,1.0,2.7091954022988505,2.636533432947329,1.0,1,1.5576214725410298,0.0,Neutral,0.0,1,4,1,302,no response to complaint,81
“cabin crew are brilliant”,Boeing 787,Solo Leisure,Economy Class,London Heathrow to Barcelona,2024-08-01,4.0,5.0,2.7091954022988505,2.636533432947329,4.0,4,3.724288139207696,0.0,Neutral,0.0,1,4,1,97,cabin crew are brilliant,172
"""may never see your refund""",A320,Solo Leisure,Economy Class,Anchorage to Johannesburg via Seattle / London,2024-01-01,3.0,5.0,4.0,4.0,5.0,1,3.6666666666666665,0.0,Neutral,0.0,1,5,1,662,may never see your refund,26
“failed to enjoy business class”,A380,Solo Leisure,Business Class,London to Boston,2024-08-01,2.0,5.0,3.0,3.4,4.0,2,3.233333333333333,0.4939,Positive,0.4939,2,5,10,302,failed to enjoy business class,81
"“somewhere below easyJet, above Ryanair”",A350-1000,Business,Economy Class,London Heathrow to Nairobi,2024-08-01,2.0,3.0,2.0,3.0,1.0,1,2.0,0.0,Neutral,0.0,1,5,3,10,somewhere below easyjet above ryanair,80
"""zero response from BA to reimburse us""",Boeing 747 / 777,Family Leisure,Economy Class,No Route,2024-07-01,1.0,1.0,2.7091954022988505,2.636533432947329,1.0,1,1.5576214725410298,0.0,Neutral,0.0,1,7,6,9,zero response from ba to reimburse us,119
"""no acknowledgment or resolution""",A320,Solo Leisure,Economy Class,London to Basel,2024-06-01,1.0,1.0,2.7091954022988505,2.636533432947329,1.0,1,1.5576214725410298,0.0,Neutral,0.0,1,4,2,662,no acknowledgment or resolution,26
"""Outstanding service""",A350,Solo Leisure,Business Class,Vancouver to London,2024-07-01,5.0,5.0,5.0,5.0,4.0,4,4.666666666666667,0.6124,Positive,0.6124,2,2,17,39,outstanding service,79
"""the crew were fabulous""",A320,Solo Leisure,Economy Class,London to Amman,2024-08-01,3.0,5.0,4.0,2.6,4.0,4,3.766666666666667,0.5267,Positive,0.5267,2,4,3,662,the crew were fabulous,26
“customer service has been horrible”,A380,Family Leisure,Economy Class,Barcelona to Dallas via Heathrow,2024-08-01,3.0,4.0,4.0,4.0,2.0,3,3.3333333333333335,0.0,Neutral,0.0,1,5,1,302,customer service has been horrible,81
"""Not as much as an apology""",A380,Family Leisure,Economy Class,London to Hong Kong,2024-08-01,1.0,3.2404661016949152,2.7091954022988505,2.636533432947329,1.0,1,1.9310324894901825,0.0516,Positive,0.0516,2,6,15,302,not as much as an apology,81
"""no one attending or caring""",A380,Couple Leisure,Economy Class,Dallas to London,2024-05-01,2.0,2.0,2.0,2.0,2.0,2,2.0,0.4939,Positive,0.4939,2,5,2,302,no one attending or caring,81
“disappointed in British Airways”,Boeing 777,Family Leisure,Economy Class,London to Tampa,2024-08-01,1.0,1.0,1.0,4.0,3.0,1,1.8333333333333333,0.0,Neutral,0.0,1,4,6,452,disappointed in british airways,145
"""easy and enjoyable flight""",Embraer 190,Couple Leisure,Economy Class,Dublin to London City,2024-07-01,4.0,4.0,3.0,3.4,4.0,4,3.733333333333333,0.7003,Positive,0.7003,2,4,4,15,easy and enjoyable flight,202
"""Crew were amazing and attentive""",A320,Solo Leisure,Business Class,Riga to London,2024-08-01,4.0,5.0,5.0,3.4,4.0,5,4.3999999999999995,0.5859,Positive,0.5859,2,5,1,662,crew were amazing and attentive,26
"""missed my connecting flight""",Boeing 767,Solo Leisure,Economy Class,Rome to Philadelphia via London,2024-08-01,3.0,3.0,2.7091954022988505,2.636533432947329,1.0,1,2.2242881392076965,-0.296,Negative,-0.296,0,4,1,68,missed my connecting flight,140
“time to change leadership team”,A320NEO,Business,Economy Class,London to Bologna,2024-08-01,3.0,1.0,1.0,1.4,1.0,1,1.4000000000000001,0.0,Neutral,0.0,1,5,4,3,time to change leadership team,56
"""avoid it at all cost!""",A380,Business,Business Class,Sydney to London,2024-08-01,1.0,3.0,3.0,2.0,1.0,1,1.8333333333333333,-0.3595,Negative,-0.3595,0,5,1,302,avoid it at all cost,81
“Great customer service from BA”,A320,Solo Leisure,Business Class,Dublin to London Heathrow,2024-08-01,3.0,5.0,4.0,2.6,5.0,4,3.9333333333333336,0.0,Neutral,0.0,1,5,3,662,great customer service from ba,26
"""Absolute worst travel experience""",A320,Couple Leisure,Economy Class,London to Los Angeles via Paris CDG,2024-07-01,1.0,1.0,2.7091954022988505,2.636533432947329,1.0,1,1.5576214725410298,-0.6249,Negative,-0.6249,0,4,1,662,absolute worst travel experience,26
"""one of the worst airlines""",Boeing 777,Business,Business Class,London Heathrow to Doha,2024-07-01,5.0,1.0,3.0,3.0,1.0,1,2.3333333333333335,-0.6249,Negative,-0.6249,0,5,2,452,one of the worst airlines,145
"""my travel pram confiscated from me""",A321 neo,Family Leisure,Economy Class,Toulouse to London Heathrow,2024-07-01,1.0,1.0,1.0,1.4,1.0,1,1.0666666666666667,0.0,Neutral,0.0,1,6,2,11,my travel pram confiscated from me,66
“VERY uncomfortable seats”,Boeing 777,Couple Leisure,Economy Class,San Diego to London,2024-07-01,1.0,1.0,1.0,1.0,1.0,1,1.0,-0.3818,Negative,-0.3818,0,3,5,452,very uncomfortable seats,145
"""substandard business class experience""",A380-800,Family Leisure,Business Class,Singapore to London,2024-07-01,3.0,2.0,3.0,3.0,5.0,2,3.0,0.0,Neutral,0.0,1,4,12,12,substandard business class experience,94
"""Customer Service is shocking""",A320,Solo Leisure,Economy Class,Glasgow to Munich via Heathrow,2024-06-01,3.0,4.0,4.0,3.0,2.0,3,3.1666666666666665,-0.4019,Negative,-0.4019,0,4,1,662,customer service is shocking,26
"""left me extremely disappointed""",A319,Business,Economy Class,Berlin to São Paulo via London,2024-03-01,3.0,4.0,3.0,3.0,1.0,2,2.6666666666666665,-0.5256,Negative,-0.5256,0,4,1,196,left me extremely disappointed,10
“customer service was awful”,A320,Couple Leisure,Economy Class,London to Corfu,2023-09-01,1.0,1.0,2.7091954022988505,2.636533432947329,1.0,1,1.5576214725410298,0.0,Neutral,0.0,1,4,2,662,customer service was awful,26
"""over 2 weeks to respond""",Boeing 777,Solo Leisure,Economy Class,Toronto to London,2024-07-01,2.859667633869692,3.2404661016949152,2.7091954022988505,2.636533432947329,2.755620723362659,1,2.533580549028908,0.0,Neutral,0.0,1,5,10,452,over  weeks to respond,145
“wholly inadequate customer service”,A320,Couple Leisure,Economy Class,London Gatwick to Verona,2024-06-01,1.0,1.0,1.0,1.0,1.0,1,1.0,-0.4019,Negative,-0.4019,0,4,2,662,wholly inadequate customer service,26
“the cabin crew were great”,A320,Business,Business Class,London Heathrow to Paris CDG,2024-06-01,4.0,5.0,3.0,3.4,1.0,3,3.233333333333333,0.0,Neutral,0.0,1,5,3,662,the cabin crew were great,26
"""cannot recommend BA""",A350-1000,Solo Leisure,Economy Class,London Heathrow to Vancouver,2024-06-01,2.0,2.0,1.0,2.0,2.0,1,1.6666666666666667,-0.2755,Negative,-0.2755,0,3,4,10,cannot recommend ba,80
“a very poor last impression of BA”,A350-1000,Solo Leisure,Business Class,Vancouver to London Heathrow,2024-06-01,3.0,3.0,3.0,3.0,1.0,2,2.5,-0.3025,Negative,-0.3025,0,7,6,10,a very poor last impression of ba,80
"""happy to recommend BA""",A320/A380,Couple Leisure,Business Class,Belfast to San Francisco via London,2024-04-01,5.0,5.0,3.0,3.0,5.0,4,4.166666666666667,0.7351,Positive,0.7351,2,4,2,1,happy to recommend ba,52
"""cancelled our return flight""",A320,Couple Leisure,Economy Class,London Heathrow to Keflavik,2024-06-01,2.0,3.0,1.0,1.4,3.0,2,2.066666666666667,-0.25,Negative,-0.25,0,4,2,662,cancelled our return flight,26
"""Very good experience all round""",Boeing 777,Solo Leisure,Business Class,New York JFK to London Heathrow,2024-06-01,5.0,5.0,4.0,3.0,1.0,2,3.3333333333333335,0.4927,Positive,0.4927,2,5,4,452,very good experience all round,145
"""inflight service was efficient and friendly""",Boeing 777,Solo Leisure,Premium Economy,London to newark,2024-06-01,4.0,4.0,4.0,3.0,4.0,3,3.6666666666666665,0.7184,Positive,0.7184,2,6,1,452,inflight service was efficient and friendly,145
“worst airline I’ve ever flown”,Embraer,Couple Leisure,Economy Class,Florence to Heathrow,2024-06-01,1.0,3.0,2.0,2.0,1.0,1,1.6666666666666667,0.0,Neutral,0.0,1,5,1,18,worst airline ive ever flown,200
"""Cabin crew were great""",A320,Couple Leisure,Business Class,London to Manchester,2024-06-01,1.0,5.0,5.0,3.4,2.0,4,3.4,0.6249,Positive,0.6249,2,4,4,662,cabin crew were great,26
"""flight itself was quite good""",A320,Solo Leisure,Business Class,London to Amsterdam,2024-05-01,5.0,5.0,5.0,3.4,4.0,5,4.566666666666666,0.4927,Positive,0.4927,2,5,8,662,flight itself was quite good,26
"""You expect better from BA""",Boeing 787-9,Couple Leisure,Premium Economy,Tokyo to Manchester via London,2024-05-01,1.0,3.2404661016949152,2.7091954022988505,2.636533432947329,1.0,2,2.097699156156849,0.4404,Positive,0.4404,2,5,1,54,you expect better from ba,184
"“never fly British Airways""",Boeing 747,Business,Business Class,Heathrow to San Francisco,2024-06-01,1.0,1.0,2.7091954022988505,2.636533432947329,1.0,1,1.5576214725410298,0.0,Neutral,0.0,1,4,3,135,never fly british airways,117
“we will rethink BA moving forward”,Boeing 777,Couple Leisure,Business Class,Tampa to Gatwick,2024-05-01,4.0,3.0,2.0,4.0,1.0,2,2.6666666666666665,0.0,Neutral,0.0,1,6,5,452,we will rethink ba moving forward,145
“extremely poor customer service”,A380,Family Leisure,Premium Economy,Los Angeles to London,2024-01-01,1.0,1.0,1.0,1.0,1.0,1,1.0,-0.4767,Negative,-0.4767,0,4,12,302,extremely poor customer service,81
“a pleasant and civilized journey”,A320,Solo Leisure,Economy Class,Hannover to London Heathrow,2024-05-01,5.0,4.0,1.0,1.4,5.0,3,3.233333333333333,0.5106,Positive,0.5106,2,5,1,662,a pleasant and civilized journey,26
"""the worst BA flight we've experienced""",A350,Family Leisure,Economy Class,Austin to London Heathrow,2024-05-01,2.0,3.0,3.0,5.0,3.0,3,3.1666666666666665,-0.6249,Negative,-0.6249,0,6,2,39,the worst ba flight weve experienced,79
"""Never again British Airways""",A320,Business,Business Class,Vienna to Johannesburg via London,2023-10-01,1.0,2.0,1.0,1.0,1.0,3,1.5,0.0,Neutral,0.0,1,4,1,662,never again british airways,26
"""only been offered half a glass of water""",A380,Couple Leisure,Economy Class,Johannesburg to Heathrow,2024-05-01,1.0,1.0,2.7091954022988505,2.636533432947329,1.0,1,1.5576214725410298,0.0,Neutral,0.0,1,8,2,302,only been offered half a glass of water,81
"""told by cabin crew I would be refunded""",A380,Solo Leisure,Economy Class,London Heathrow to Singapore,2024-05-01,2.0,1.0,1.0,1.0,1.0,1,1.1666666666666667,0.0,Neutral,0.0,1,8,5,302,told by cabin crew i would be refunded,81
“premium price for a sub-par product”,Boeing 787-9,Couple Leisure,Business Class,London Heathrow to Hong Kong,2024-05-01,2.0,3.0,2.0,1.0,2.0,1,1.8333333333333333,0.0,Neutral,0.0,1,6,5,54,premium price for a subpar product,184
"""can't even choose my own seat""",Boeing 747-400,Solo Leisure,Economy Class,Boston to London,2024-05-01,2.859667633869692,3.2404661016949152,2.7091954022988505,2.636533432947329,1.0,3,2.5743104284684644,0.0,Neutral,0.0,1,6,4,275,cant even choose my own seat,129
“Very impressed with BA”,A320,Couple Leisure,Economy Class,New York to Manchester via London,2024-05-01,4.0,5.0,5.0,5.0,4.0,4,4.5,0.4767,Positive,0.4767,2,4,1,662,very impressed with ba,26
"""appalling customer service""",A380 / Boeing 777-200ER,Family Leisure,Business Class,London to San Francisco,2023-08-01,2.0,5.0,4.0,4.0,5.0,2,3.6666666666666665,-0.3612,Negative,-0.3612,0,3,8,1,appalling customer service,86
"""baggage customer service is a joke""",A319,Couple Leisure,Economy Class,Malaga to Boston via London,2024-05-01,2.0,2.0,1.0,2.0,1.0,2,1.6666666666666667,0.296,Positive,0.296,2,6,1,196,baggage customer service is a joke,10
"""Worst business class ever""",A380,Couple Leisure,Business Class,Milan Linate to Miami via London Heathrow,2024-04-01,1.0,2.0,3.0,2.0,2.0,1,1.8333333333333333,-0.6249,Negative,-0.6249,0,4,1,302,worst business class ever,81
"""replicating the likes of Ryanair""",A320,Couple Leisure,Economy Class,Catania to Gatwick,2024-05-01,2.0,1.0,1.0,1.4,3.0,1,1.5666666666666667,0.4215,Positive,0.4215,2,5,3,662,replicating the likes of ryanair,26
"""declined to offer compensation""",A320,Solo Leisure,Economy Class,London to Hannover,2024-04-01,3.0,3.0,2.7091954022988505,2.636533432947329,1.0,1,2.2242881392076965,0.0,Neutral,0.0,1,4,1,662,declined to offer compensation,26
"""onboard like discount carriers""",A319 / A320,Solo Leisure,Economy Class,Manchester to Copenhagen via London,2024-04-01,3.0,3.0,2.0,2.0,4.0,4,3.0,0.3612,Positive,0.3612,2,4,1,4,onboard like discount carriers,11
"""Never using them again""",A321,Solo Leisure,Economy Class,London to Valencia,2024-04-01,1.0,1.0,2.7091954022988505,2.636533432947329,1.0,1,1.5576214725410298,0.0,Neutral,0.0,1,4,3,126,never using them again,59
"""undiscerning and insincere compensation""",A380,Business,Economy Class,Singapore to London,2024-04-01,3.0,3.0,3.0,1.0,1.0,1,2.0,-0.4215,Negative,-0.4215,0,4,12,302,undiscerning and insincere compensation,81
"""mock and insult your passengers""",A320,Business,Economy Class,Madrid to London Heathrow,2024-04-01,3.0,1.0,1.0,1.4,2.0,1,1.5666666666666667,-0.7269,Negative,-0.7269,0,5,7,662,mock and insult your passengers,26
"""lost my luggage on both flights""",A350,Solo Leisure,Economy Class,Austin to London Heathrow,2024-04-01,3.0,2.0,1.0,1.4,1.0,1,1.5666666666666667,-0.3182,Negative,-0.3182,0,6,2,39,lost my luggage on both flights,79
"""the worst experience""",Boeing 747 400,Couple Leisure,Premium Economy,Zurich to Phoenix via Heathrow,2024-02-01,2.0,1.0,1.0,2.0,1.0,1,1.3333333333333333,-0.6249,Negative,-0.6249,0,3,1,10,the worst experience,123
"""The flights were okay""",A319 / E190,Couple Leisure,Economy Class,Rotterdam to London City,2024-03-01,3.0,3.0,3.0,3.4,3.0,2,2.9,0.2263,Positive,0.2263,2,4,3,3,the flights were okay,22
“entire experience has been stressful”,Boeing 787,Solo Leisure,Premium Economy,Kansas City to Dublin via Heathrow,2024-04-01,2.0,3.0,2.7091954022988505,2.636533432947329,3.0,1,2.390954805874363,0.0,Neutral,0.0,1,5,1,97,entire experience has been stressful,172
"""whole experience was awful""",A321 neo,Family Leisure,Economy Class,Tenerife to London,2024-01-01,2.859667633869692,3.2404661016949152,2.7091954022988505,2.636533432947329,1.0,1,2.2409770951351313,-0.4588,Negative,-0.4588,0,4,2,11,whole experience was awful,66
“This is true service”,A340,Business,Business Class,Lisbon to San Diego,2024-03-01,3.0,4.0,3.0,4.0,5.0,4,3.8333333333333335,0.4215,Positive,0.4215,2,4,1,1,this is true service,76
"""Flight attendants welcoming""",Boeing 787,Business,Business Class,London Heathrow to Mumbai,2024-03-01,3.0,5.0,3.0,4.0,4.0,3,3.6666666666666665,0.4404,Positive,0.4404,2,3,1,97,flight attendants welcoming,172
"""the service was appalling""",Boeing 777-200,Couple Leisure,Business Class,Doha to London Heathrow,2024-03-01,3.0,1.0,1.0,2.0,2.0,1,1.6666666666666667,-0.3612,Negative,-0.3612,0,4,4,171,the service was appalling,157
"""service was slow and unfriendly""",Boeing 777-200,Couple Leisure,Business Class,Doha to London Heathrow,2024-03-01,5.0,1.0,1.0,5.0,5.0,3,3.3333333333333335,-0.3612,Negative,-0.3612,0,5,4,171,service was slow and unfriendly,157
"""a really lovely flight""",A350,Solo Leisure,Business Class,London Heathrow to São Paulo,2024-03-01,4.0,4.0,5.0,5.0,4.0,4,4.333333333333333,0.624,Positive,0.624,2,4,1,39,a really lovely flight,79
"""travelling with British Airways so stressful""",A330,Couple Leisure,Economy Class,London Heathrow to Nice,2024-03-01,4.0,3.0,2.7091954022988505,2.636533432947329,2.0,1,2.55762147254103,-0.6418,Negative,-0.6418,0,6,4,3,travelling with british airways so stressful,75
“didn't find the crew particularly welcoming”,Boeing 777,Business,Business Class,London to Tokyo,2024-03-01,5.0,2.0,5.0,5.0,3.0,4,4.0,0.0,Neutral,0.0,1,6,4,452,didnt find the crew particularly welcoming,145
"""I would say disappointing""",A320,Business,Economy Class,Lisbon to London,2024-03-01,4.0,3.0,2.7091954022988505,2.636533432947329,1.0,3,2.724288139207696,-0.4939,Negative,-0.4939,0,4,8,662,i would say disappointing,26
"""Exceptional flight""",Boeing 777,Couple Leisure,Business Class,London to Delhi,2024-02-01,5.0,5.0,5.0,5.0,5.0,5,5.0,0.0,Neutral,0.0,1,2,8,452,exceptional flight,145
"""Cabin crew attentive and bubbly""",A320,Couple Leisure,Economy Class,London to Milan,2024-03-01,5.0,5.0,5.0,3.4,4.0,5,4.566666666666666,0.0,Neutral,0.0,1,5,6,662,cabin crew attentive and bubbly,26
“a terrible and unnecessary experience”,A319,Couple Leisure,Economy Class,Madrid to London Heathrow,2024-03-01,3.0,3.0,2.7091954022988505,2.636533432947329,3.0,2,2.724288139207696,-0.4767,Negative,-0.4767,0,5,7,196,a terrible and unnecessary experience,10
"""stick to their cabin bag size limit""",A320,Solo Leisure,Economy Class,London Heathrow to Toulouse,2024-03-01,4.0,4.0,2.7091954022988505,2.636533432947329,3.0,3,3.224288139207696,0.0,Neutral,0.0,1,7,2,662,stick to their cabin bag size limit,26
"""crew were attentive, friendly""",Boeing 787-8 /777-200 / A320-200,Family Leisure,Economy Class,Montreal to Venice via London Heathrow,2024-03-01,4.0,5.0,5.0,4.0,3.0,4,4.166666666666667,0.4939,Positive,0.4939,2,4,1,1,crew were attentive friendly,181
"""Utterly outrageous""",A321,Business,Business Class,Paphos to London,2024-03-01,2.0,1.0,2.0,1.0,1.0,1,1.3333333333333333,-0.5095,Negative,-0.5095,0,2,1,126,utterly outrageous,59
"""They have a long way to go""",Boeing 777-300,Business,Business Class,London to Houston,2024-03-01,1.0,3.0,3.0,2.0,1.0,1,1.8333333333333333,0.0,Neutral,0.0,1,7,2,54,they have a long way to go,167
"""FA's were friendly""",A320,Solo Leisure,Business Class,London Heathrow to Brussels,2024-03-01,2.0,4.0,3.0,3.4,3.0,3,3.0666666666666664,0.4939,Positive,0.4939,2,3,5,662,fas were friendly,26
"""Far from pleasant experience""",Boeing 777,Solo Leisure,Business Class,Barbados to London heathrow,2024-03-01,3.0,3.0,2.0,2.0,1.0,2,2.1666666666666665,0.5106,Positive,0.5106,2,4,1,452,far from pleasant experience,145
"""cancelled our return flight""",A321 neo,Family Leisure,Economy Class,Toronto to Mumbai via London,2024-02-01,2.0,1.0,2.0,2.0,1.0,1,1.5,-0.25,Negative,-0.25,0,4,1,11,cancelled our return flight,66
"""KLM is definitely a league over BA""",Boeing 777,Family Leisure,Economy Class,Copenhagen to Port of Spain via London,2024-02-01,3.0,4.0,1.0,1.4,2.0,5,2.733333333333333,0.4019,Positive,0.4019,2,7,1,452,klm is definitely a league over ba,145
"""Service extremely inattentive""",Boeing 777-300ER,Solo Leisure,First Class,Los Angeles to London,2024-03-01,2.0,1.0,1.0,1.4,3.0,1,1.5666666666666667,0.0,Neutral,0.0,1,3,12,18,service extremely inattentive,169
"""worst business class experience""",Boeing 777-300,Business,Business Class,Singapore to Sydney,2024-03-01,1.0,1.0,2.0,2.0,3.0,2,1.8333333333333333,-0.6249,Negative,-0.6249,0,4,6,54,worst business class experience,167
"""it's truly awful for short-haul""",Boeing 747-400,Business,Business Class,Cyprus to London,2024-02-01,1.0,3.0,2.2,1.0,3.0,1,1.8666666666666665,-0.0258,Neutral,-0.0258,1,5,1,275,its truly awful for shorthaul,129
"""never be flying with BA again""",A380,Solo Leisure,Economy Class,Singapore to Auckland via Sydney,2024-03-01,2.0,3.0,3.0,3.0,1.0,1,2.1666666666666665,0.0,Neutral,0.0,1,6,1,302,never be flying with ba again,81
"""it was extremely underwhelming""",Boeing 787,Couple Leisure,Business Class,London Heathrow to Mexico City,2024-03-01,2.0,2.0,1.0,2.0,2.0,1,1.6666666666666667,0.0,Neutral,0.0,1,4,1,97,it was extremely underwhelming,172
"""an excellent experience""",A319,Solo Leisure,Business Class,Heathrow to Oslo,2024-02-01,4.0,5.0,5.0,3.4,5.0,5,4.566666666666666,0.5719,Positive,0.5719,2,3,1,196,an excellent experience,10
"""they refused to fly me back!",Boeing 777,Solo Leisure,Economy Class,Sydney to Porto via Singapore / London,2023-06-01,2.859667633869692,3.2404661016949152,2.7091954022988505,2.636533432947329,2.755620723362659,1,2.533580549028908,-0.3595,Negative,-0.3595,0,6,1,452,they refused to fly me back,145
"""Poor from start to finish""",A320,Couple Leisure,Economy Class,London Heathrow to Lisbon,2024-02-01,1.0,3.0,1.0,1.4,2.0,3,1.9000000000000001,-0.4767,Negative,-0.4767,0,5,4,662,poor from start to finish,26
“customer service non existent”,A320,Solo Leisure,Premium Economy,Madrid to London via Buenos Aires,2024-02-01,1.0,3.0,2.7091954022988505,2.636533432947329,1.0,1,1.8909548058743633,0.0,Neutral,0.0,1,4,1,662,customer service non existent,26
"""no better than the worst of the low cost""",A320,Couple Leisure,Economy Class,Pisa to London Heathrow,2023-09-01,2.859667633869692,3.2404661016949152,2.7091954022988505,2.636533432947329,2.755620723362659,1,2.533580549028908,-0.5106,Negative,-0.5106,0,9,3,662,no better than the worst of the low cost,26
"""could not have been better""",A320,Couple Leisure,Business Class,Malaga to London Heathrow,2024-02-01,5.0,5.0,5.0,3.4,4.0,4,4.3999999999999995,-0.3412,Negative,-0.3412,0,5,1,662,could not have been better,26
"""Never again""",A350,Couple Leisure,Economy Class,Phoenix to Lisbon via London,2024-02-01,1.0,5.0,3.0,3.0,1.0,1,2.3333333333333335,0.0,Neutral,0.0,1,2,1,39,never again,79
"""Is this how low BA has fallen?""",A320,Solo Leisure,Economy Class,London to Istanbul,2024-02-01,3.0,1.0,1.0,1.4,2.0,2,1.7333333333333334,-0.5574,Negative,-0.5574,0,7,10,662,is this how low ba has fallen,26
“It was a terrible experience”,Boeing 777,Solo Leisure,Premium Economy,"Austin, TX to Shannon, Ireland via Austin",2024-01-01,3.0,5.0,3.0,3.0,4.0,2,3.3333333333333335,-0.4767,Negative,-0.4767,0,5,1,452,it was a terrible experience,145
"""all needs a serious rework""",A380,Solo Leisure,First Class,London to San Francisco,2023-11-01,1.0,4.0,1.0,1.4,4.0,1,2.066666666666667,-0.0772,Negative,-0.0772,0,5,8,302,all needs a serious rework,81
"""flights they have not actually provided""",A321 neo,Couple Leisure,Economy Class,London Heathrow to Casablanca,2024-02-01,2.859667633869692,3.2404661016949152,2.7091954022988505,2.636533432947329,1.0,1,2.2409770951351313,0.0,Neutral,0.0,1,6,1,11,flights they have not actually provided,66
“meticulous attention to detail”,A320,Family Leisure,Premium Economy,London Heathrow to Glasgow,2024-01-01,4.0,3.0,2.7091954022988505,2.636533432947329,5.0,4,3.5576214725410296,0.0,Neutral,0.0,1,4,3,662,meticulous attention to detail,26
“they have ignored every communication”,A19,Couple Leisure,Economy Class,London Heathrow to Berlin,2023-10-01,1.0,1.0,2.7091954022988505,2.636533432947329,1.0,1,1.5576214725410298,-0.3182,Negative,-0.3182,0,5,2,4,they have ignored every communication,6
"""fabulous cabin crew""",A380-800,Couple Leisure,Business Class,London to Miami,2024-02-01,3.0,4.0,4.0,3.0,2.0,3,3.1666666666666665,0.5267,Positive,0.5267,2,3,8,12,fabulous cabin crew,94
"""no great expectations""",A320,Solo Leisure,Business Class,Athens to London,2023-12-01,3.0,5.0,5.0,3.4,4.0,4,4.066666666666666,0.6249,Positive,0.6249,2,3,10,662,no great expectations,26
"""actively try and split families up""",Boeing 777-200,Family Leisure,Premium Economy,London Gatwick to Cancun,2024-01-01,4.0,4.0,4.0,4.0,1.0,4,3.5,0.3182,Positive,0.3182,2,6,4,171,actively try and split families up,157
"""my cabin luggage was taken""",A320,Business,Economy Class,London to Warsaw,2024-01-01,3.0,3.0,3.0,2.0,1.0,3,2.5,0.0,Neutral,0.0,1,5,3,662,my cabin luggage was taken,26
“appalling service”,Boeing 747-400,Family Leisure,Business Class,London Heathrow to Miami,2023-12-01,2.0,1.0,2.0,2.0,3.0,2,2.0,0.0,Neutral,0.0,1,2,7,275,appalling service,129
“Worst service ever”,A321,Solo Leisure,Economy Class,Boston to Düsseldorf via London,2024-01-01,1.0,2.0,1.0,1.0,1.0,1,1.1666666666666667,0.0,Neutral,0.0,1,3,1,126,worst service ever,59
"""unprofessional attitude of the pilots""",A350,Business,Economy Class,Sao Paulo to London Heathrow,2024-01-01,3.0,4.0,3.0,3.0,3.0,3,3.1666666666666665,-0.5106,Negative,-0.5106,0,5,1,39,unprofessional attitude of the pilots,79
“Next time it will be Jet2”,A320,Couple Leisure,Economy Class,London Heathrow to Lisbon,2024-01-01,1.0,4.0,1.0,1.4,3.0,4,2.4,0.0,Neutral,0.0,1,6,4,662,next time it will be jet,26
“become the Ryanair of long-haul travel”,A380,Family Leisure,Economy Class,London to Hong Kong,2024-01-01,1.0,3.0,1.0,1.0,1.0,2,1.5,0.0,Neutral,0.0,1,6,15,302,become the ryanair of longhaul travel,81
“They never help us”,A321,Family Leisure,Business Class,Dusseldorf (DUS) to Miami (MIA),2024-01-01,1.0,1.0,2.7091954022988505,2.636533432947329,1.0,1,1.5576214725410298,-0.3089,Negative,-0.3089,0,4,1,126,they never help us,59
“uncomfortable seat and disgusting food”,A320,Family Leisure,Business Class,Cairo to London Heathrow,2024-01-01,1.0,1.0,1.0,1.4,1.0,1,1.0666666666666667,-0.5267,Negative,-0.5267,0,5,1,662,uncomfortable seat and disgusting food,26
"""Zero customer service""",A350,Family Leisure,Economy Class,Dublin  to London Heathrow,2024-01-01,3.0,3.0,2.7091954022988505,2.636533432947329,1.0,3,2.55762147254103,0.0,Neutral,0.0,1,3,1,39,zero customer service,79
"""baggage arrival nearly took 1.5 hours""",A320,Business,Economy Class,Glasgow to London,2024-01-01,3.0,4.0,2.7091954022988505,2.636533432947329,4.0,3,3.224288139207696,0.0,Neutral,0.0,1,6,4,662,baggage arrival nearly took  hours,26
"""Overall very satisfied""",A350-1000,Solo Leisure,Economy Class,Vancouver to London,2024-01-01,4.0,5.0,3.0,4.0,5.0,5,4.333333333333333,0.4754,Positive,0.4754,2,3,17,10,overall very satisfied,80
"""airline is a total disgrace""",A320,Business,Business Class,Heathrow to Madrid,2023-10-01,1.0,1.0,1.0,1.0,1.0,1,1.0,-0.5413,Negative,-0.5413,0,5,1,662,airline is a total disgrace,26
"""we were pleased with the service""",Boeing 777 -200,Couple Leisure,Business Class,London to New York,2023-11-01,5.0,5.0,5.0,5.0,5.0,4,4.833333333333333,0.4404,Positive,0.4404,2,6,9,3,we were pleased with the service,147
"""Gate agent was extremely rude""",Boeing 767,Family Leisure,Economy Class,Rome to London,2024-01-01,4.0,5.0,4.0,2.6,1.0,2,3.1,-0.5095,Negative,-0.5095,0,5,9,68,gate agent was extremely rude,140
"""incredibly heartless and incompetent company""",Boeing 777,Family Leisure,Business Class,Gatwick to Geneva,2023-12-01,2.0,1.0,1.0,1.0,1.0,1,1.1666666666666667,-0.7818,Negative,-0.7818,0,5,1,452,incredibly heartless and incompetent company,145
"""their service was hit-and-miss""",A320,Solo Leisure,Business Class,Istanbul to London Heathrow,2023-12-01,1.0,4.0,5.0,1.0,2.0,4,2.8333333333333335,0.0,Neutral,0.0,1,4,3,662,their service was hitandmiss,26
""" Worse than a low-cost carrier""",A320,Solo Leisure,Economy Class,London Heathrow to Istanbul,2023-12-01,3.0,2.0,1.0,1.0,5.0,2,2.3333333333333335,-0.4767,Negative,-0.4767,0,6,3,662, worse than a lowcost carrier,26
"""Very Poor Business class product""",Boeing 777,Business,Business Class,Gatwick to St Lucia,2023-12-01,1.0,5.0,2.0,2.0,1.0,2,2.1666666666666665,-0.5256,Negative,-0.5256,0,5,4,452,very poor business class product,145
“if GF - take your own food”,Boeing 777,Couple Leisure,Business Class,Sydney to London Heathrow,2023-12-01,5.0,3.0,1.0,3.0,3.0,3,3.0,0.0,Neutral,0.0,1,7,1,452,if gf  take your own food,145
“pathetic business class product”,Boeing 777,Business,Business Class,Lisbon to Houston via London Heathrow,2023-11-01,1.0,2.0,4.0,1.0,3.0,1,2.0,0.0,Neutral,0.0,1,4,1,452,pathetic business class product,145
“Staff look tired and overworked”,A350,Solo Leisure,Premium Economy,Vancouver to London Heathrow,2023-12-01,4.0,3.0,2.0,5.0,5.0,2,3.5,-0.4404,Negative,-0.4404,0,5,6,39,staff look tired and overworked,79
“I couldn’t fault them”,A329,Family Leisure,Business Class,London Heathrow to Stockholm,2023-12-01,4.0,5.0,5.0,3.4,5.0,5,4.566666666666666,-0.4019,Negative,-0.4019,0,4,3,1,i couldnt fault them,74
“incompetence in customer service”,A320,Solo Leisure,Economy Class,Indianapolis to Mumbai via London Heathrow,2023-12-01,1.0,1.0,2.7091954022988505,2.636533432947329,1.0,1,1.5576214725410298,0.0,Neutral,0.0,1,4,1,662,incompetence in customer service,26
“The most ridiculous thing I've heard”,Boeing 747,Family Leisure,Premium Economy,Cyprus to New York,2023-12-01,2.859667633869692,3.2404661016949152,2.7091954022988505,2.636533432947329,1.0,1,2.2409770951351313,-0.4201,Negative,-0.4201,0,6,1,135,the most ridiculous thing ive heard,117
"""one of the most disgusting onboard meals""",A321,Solo Leisure,Business Class,Gran Canaria  to London Gatwick,2023-12-01,3.0,4.0,1.0,1.4,3.0,5,2.9,-0.5709,Negative,-0.5709,0,7,1,126,one of the most disgusting onboard meals,59
“Does BA pay experts to design these breakfasts”,A320/Boeing 777,Couple Leisure,Business Class,Belfast City to Atlanta via London Heathrow,2023-11-01,4.0,5.0,1.0,3.0,5.0,5,3.8333333333333335,-0.1027,Negative,-0.1027,0,8,1,1,does ba pay experts to design these breakfasts,54
"""business class seats were abysmal""",Boeing 787-8,Business,Business Class,London to Portland,2023-12-01,3.0,3.0,4.0,3.0,3.0,2,3.0,0.0,Neutral,0.0,1,5,1,16,business class seats were abysmal,178
"""Worst service/airline ever""",A320,Solo Leisure,Economy Class,London to Frankfurt,2023-06-01,1.0,3.2404661016949152,2.7091954022988505,2.636533432947329,1.0,1,1.9310324894901825,-0.6249,Negative,-0.6249,0,3,5,662,worst serviceairline ever,26
“Much better experience this time around”,A350,Solo Leisure,Business Class,Cape Town to London Heathrow,2023-12-01,5.0,4.0,5.0,5.0,5.0,4,4.666666666666667,0.4404,Positive,0.4404,2,6,7,39,much better experience this time around,79
"“our compensation rights""",Boeing 777,Couple Leisure,Business Class,Miami to Manchester via Heathrow,2023-12-01,1.0,3.0,2.0,3.0,1.0,2,2.0,0.0,Neutral,0.0,1,3,1,452,our compensation rights,145
"""A380's are showing their age""",A380,Solo Leisure,Economy Class,Johannesburg to London,2023-12-01,2.0,4.0,2.0,2.0,4.0,3,2.8333333333333335,0.0,Neutral,0.0,1,5,17,302,as are showing their age,81
"""Service was fantastic""",Boeing 777,Solo Leisure,Economy Class,London Heathrow to Singapore,2023-12-01,3.0,5.0,4.0,4.0,4.0,5,4.166666666666667,0.5574,Positive,0.5574,2,3,5,452,service was fantastic,145
"""it was a very nice flight""",A320,Solo Leisure,Business Class,Gatwick to Las Palmas,2023-12-01,3.0,4.0,5.0,3.4,3.0,5,3.9,0.4754,Positive,0.4754,2,6,1,662,it was a very nice flight,26
"""onboard service was efficient""",A319,Couple Leisure,Economy Class,London Heathrow to Geneva,2023-12-01,4.0,5.0,5.0,3.4,5.0,5,4.566666666666666,0.4215,Positive,0.4215,2,4,3,196,onboard service was efficient,10
“Lots of stress”,A320,Solo Leisure,Economy Class,Madrid to San Francisco via London Heathrow,2023-11-01,5.0,5.0,5.0,4.0,1.0,1,3.5,0.0,Neutral,0.0,1,3,1,662,lots of stress,26
"""did not offer a wheelchair""",A320,Couple Leisure,Economy Class,Lisbon to London Heathrow,2023-11-01,1.0,1.0,2.7091954022988505,2.636533432947329,1.0,1,1.5576214725410298,0.0,Neutral,0.0,1,5,3,662,did not offer a wheelchair,26
“Seat was fine but product ageing”,A380,Couple Leisure,Business Class,Miami to London Heathrow,2023-11-01,4.0,3.0,4.0,4.0,4.0,3,3.6666666666666665,0.1027,Positive,0.1027,2,6,7,302,seat was fine but product ageing,81
"""such a terrible customer experience""",Boeing 747-400,Family Leisure,Economy Class,Palma de Mallorca to Gatwick,2023-12-01,1.0,1.0,2.7091954022988505,2.636533432947329,1.0,1,1.5576214725410298,-0.4767,Negative,-0.4767,0,5,1,275,such a terrible customer experience,129
"""I was pleasantly surprised""",Boeing 787-9,Solo Leisure,Economy Class,London to Johannesburg,2023-11-01,2.0,3.0,3.0,1.0,4.0,3,2.6666666666666665,0.6124,Positive,0.6124,2,4,21,54,i was pleasantly surprised,184
"""Buckle up, folks; this one's a rollercoaster""",Boeing 747,Family Leisure,Economy Class,Zürich to Tokyo Haneda via London,2023-07-01,1.0,1.0,1.0,1.0,1.0,1,1.0,0.0,Neutral,0.0,1,7,1,135,buckle up folks this ones a rollercoaster,117
"""cabin crew excellent""",A380,Couple Leisure,First Class,London to Miami,2023-11-01,5.0,5.0,5.0,5.0,4.0,4,4.666666666666667,0.5719,Positive,0.5719,2,3,8,302,cabin crew excellent,81
"""Service level far worse then Ryanair""",Boeing 777-300,Couple Leisure,Economy Class,London to Stuttgart,2023-11-01,1.0,1.0,2.7091954022988505,2.636533432947329,1.0,1,1.5576214725410298,-0.4767,Negative,-0.4767,0,6,1,54,service level far worse then ryanair,167
"""do not upgrade members based on status""",A320,Business,Economy Class,Brussels to London,2023-11-01,2.0,3.0,1.0,2.0,1.0,2,1.8333333333333333,0.0,Neutral,0.0,1,7,4,662,do not upgrade members based on status,26
"""Flight was smooth and quick""",A320,Couple Leisure,Business Class,London Heathrow to Dublin,2023-11-01,3.0,3.0,4.0,2.6,4.0,3,3.266666666666667,0.0,Neutral,0.0,1,5,3,662,flight was smooth and quick,26
"""Absolutely hopeless airline""",A320,Couple Leisure,Economy Class,London to Dublin,2022-12-01,3.0,3.0,2.7091954022988505,2.636533432947329,1.0,1,2.2242881392076965,-0.5095,Negative,-0.5095,0,3,5,662,absolutely hopeless airline,26
"""Customer Service is non existent""",A320,Couple Leisure,Economy Class,London to Lisbon,2023-11-01,1.0,1.0,1.0,1.0,1.0,1,1.0,0.0,Neutral,0.0,1,5,6,662,customer service is non existent,26
"""I can’t imagine a worst airline""",A320,Solo Leisure,Economy Class,Bucharest to Manchester via London,2023-09-01,1.0,1.0,1.0,1.0,1.0,1,1.0,-0.6249,Negative,-0.6249,0,6,1,662,i cant imagine a worst airline,26
"""sufficient leg and arm room""",Boeing 777-300,Couple Leisure,Premium Economy,Manchester to Cape Town via London,2023-11-01,5.0,5.0,4.0,4.0,4.0,4,4.333333333333333,0.0,Neutral,0.0,1,5,1,54,sufficient leg and arm room,167
“crew were polite”,A320,Solo Leisure,Economy Class,Seville to London Gatwick,2023-11-01,3.0,3.0,3.0,3.4,3.0,3,3.0666666666666664,0.0,Neutral,0.0,1,3,1,662,crew were polite,26
"""Angry, disappointed, and unsatisfied""",Boeing 777,Family Leisure,Economy Class,London Heatrow to Atlanta,2023-11-01,4.0,5.0,4.0,4.0,3.0,5,4.166666666666667,-0.8442,Negative,-0.8442,0,4,1,452,angry disappointed and unsatisfied,145
"""BA now stands for Basic Airways""",A319,Couple Leisure,Economy Class,Gatwick to Antalya,2023-10-01,3.0,3.0,1.0,1.0,3.0,1,2.0,0.0,Neutral,0.0,1,6,2,196,ba now stands for basic airways,10
"""A totally unremarkable flight""",A320,Couple Leisure,Business Class,Dublin to London Heathrow,2023-11-01,3.0,3.0,2.7091954022988505,2.636533432947329,4.0,3,3.0576214725410296,0.0,Neutral,0.0,1,4,3,662,a totally unremarkable flight,26
“BA clearly does not care”,A320,Couple Leisure,Economy Class,Anchorage to Heathrow via Barcelona,2023-10-01,3.0,3.0,3.0,3.0,1.0,1,2.3333333333333335,0.4019,Positive,0.4019,2,5,1,662,ba clearly does not care,26
"""reflect a downward trend of the airline""",A320,Solo Leisure,Economy Class,London Heathrow to Gibraltar,2023-10-01,3.0,1.0,1.0,1.4,3.0,2,1.9000000000000001,0.0,Neutral,0.0,1,7,4,662,reflect a downward trend of the airline,26
"""One of my better flights""",Boeing 747,Couple Leisure,Economy Class,London to Philadelphia,2023-10-01,4.0,5.0,4.0,3.0,5.0,5,4.333333333333333,0.4404,Positive,0.4404,2,5,4,135,one of my better flights,117
"""I would still recommend BA""",A321 neo,Business,Economy Class,London Heathrow to Cairo,2023-10-01,3.0,5.0,3.0,3.4,5.0,2,3.5666666666666664,0.3612,Positive,0.3612,2,5,3,11,i would still recommend ba,66
"""the worst experience ever""",Boeing 777,Couple Leisure,Economy Class,Seattle to Porto via Heathrow,2023-10-01,2.0,3.0,3.0,3.0,1.0,1,2.1666666666666665,-0.6249,Negative,-0.6249,0,4,1,452,the worst experience ever,145
"""an exceptional crew member""",A320,Couple Leisure,Economy Class,Malta to London Gatwick,2023-10-01,4.0,5.0,3.0,3.4,4.0,4,3.9,0.0,Neutral,0.0,1,4,1,662,an exceptional crew member,26
"""even Ryanair have more space""",A320,Solo Leisure,Economy Class,London to Amsterdam,2023-10-01,1.0,3.0,2.7091954022988505,2.636533432947329,2.0,1,2.05762147254103,0.0,Neutral,0.0,1,5,8,662,even ryanair have more space,26
"""in-flight service is usually weak""",A380-800,Solo Leisure,Economy Class,San Francisco to London,2023-10-01,3.0,2.0,2.0,3.0,2.0,3,2.5,-0.4404,Negative,-0.4404,0,5,10,12,inflight service is usually weak,94
"""BA customer service is a disgrace""",Boeing 777,Solo Leisure,Business Class,İstanbul to London,2023-10-01,2.0,1.0,1.0,1.0,2.0,1,1.3333333333333333,-0.4939,Negative,-0.4939,0,6,1,452,ba customer service is a disgrace,145
"""little concern for customer service""",Boeing 777,Couple Leisure,Economy Class,London to Austin,2023-10-01,1.0,1.0,1.0,5.0,1.0,1,1.6666666666666667,0.0,Neutral,0.0,1,5,3,452,little concern for customer service,145
"""gave up being a full-service airline""",A320,Solo Leisure,Economy Class,Geneva to London Heathrow,2023-10-01,1.0,2.0,1.0,1.4,1.0,2,1.4000000000000001,0.0,Neutral,0.0,1,6,1,662,gave up being a fullservice airline,26
“I hate British Airways!”,A321neo,Couple Leisure,Economy Class,Istanbul via London,2023-10-01,1.0,3.0,3.0,4.0,1.0,1,2.1666666666666665,-0.6114,Negative,-0.6114,0,4,1,15,i hate british airways,72
"""2½ hours before the bags finally arrived""",A320,Couple Leisure,Business Class,Porto to London,2023-09-01,4.0,5.0,4.0,2.6,1.0,4,3.4333333333333336,0.0,Neutral,0.0,1,7,1,662, hours before the bags finally arrived,26
"""left on your own and nobody cares""",A320-232,Solo Leisure,Economy Class,London Heathrow to Geneva,2023-10-01,2.0,4.0,1.0,1.4,1.0,4,2.2333333333333334,0.4588,Positive,0.4588,2,7,3,1,left on your own and nobody cares,46
"""Club Europe is simply a joke""",A320,Business,Business Class,London to Istanbul,2023-10-01,3.0,4.0,1.0,1.0,3.0,2,2.3333333333333335,0.296,Positive,0.296,2,6,10,662,club europe is simply a joke,26
"""Very second rate shoddy airline""",Boeing 777-200,Couple Leisure,Economy Class,London Gatwick to Punta Cana,2023-10-01,3.0,3.0,3.0,2.0,2.0,2,2.5,0.0,Neutral,0.0,1,5,2,171,very second rate shoddy airline,157
"""some sort of medieval torture""",A380,Solo Leisure,Business Class,London to Hong Kong,2023-07-01,1.0,5.0,3.0,3.0,5.0,1,3.0,-0.6361,Negative,-0.6361,0,5,15,302,some sort of medieval torture,81
"""Never again BA""",A320,Couple Leisure,Economy Class,Catania to Gatwick,2023-10-01,1.0,1.0,1.0,1.4,1.0,1,1.0666666666666667,0.0,Neutral,0.0,1,3,3,662,never again ba,26
"""BA Gatwick are not BA""",A320,Couple Leisure,Economy Class,Gatwick to Venice,2023-09-01,2.859667633869692,3.2404661016949152,2.7091954022988505,2.636533432947329,1.0,1,2.2409770951351313,0.0,Neutral,0.0,1,5,4,662,ba gatwick are not ba,26
"""Boarding flight took an hour""",A321,Solo Leisure,Economy Class,Berlin to London,2023-10-01,3.0,1.0,1.0,1.4,1.0,1,1.4000000000000001,0.0,Neutral,0.0,1,5,7,126,boarding flight took an hour,59
"""our luggage was soaking wet""",A320 / Boeing 787,Couple Leisure,Economy Class,Atlanta to Glasgow via London,2023-09-01,3.0,3.0,1.0,4.0,1.0,3,2.5,0.0,Neutral,0.0,1,5,1,5,our luggage was soaking wet,33
"""The worst airline I have ever flown""",Boeing 787,Couple Leisure,Economy Class,Singapore to Sydney,2023-10-01,1.0,1.0,2.0,1.0,1.0,1,1.1666666666666667,-0.6249,Negative,-0.6249,0,7,6,97,the worst airline i have ever flown,172
"""Excellent service levels""",Boeing 777,Solo Leisure,First Class,London to New York JFK,2023-10-01,5.0,5.0,5.0,4.0,5.0,5,4.833333333333333,0.5719,Positive,0.5719,2,3,8,452,excellent service levels,145
"""British Airways was absolutely shocking""",BA366,Couple Leisure,Business Class,Heathrow to Marseille,2023-08-01,1.0,1.0,1.0,1.0,1.0,1,1.0,-0.4576,Negative,-0.4576,0,5,2,1,british airways was absolutely shocking,111
"""service was mediocre at best""",A380,Couple Leisure,Economy Class,Chicago to Manchester via Heathrow,2023-10-01,2.0,3.0,1.0,1.4,2.0,2,1.9000000000000001,0.6369,Positive,0.6369,2,5,1,302,service was mediocre at best,81
"""BA standards continue to decline""",A320,Business,Business Class,London Heathrow to Munich,2023-09-01,2.0,1.0,2.0,2.0,1.0,1,1.5,0.0,Neutral,0.0,1,5,4,662,ba standards continue to decline,26
"""won the race to the bottom""",A320,Couple Leisure,Business Class,Heathrow to Istanbul,2023-09-01,2.0,3.0,2.0,2.0,1.0,1,1.8333333333333333,0.5719,Positive,0.5719,2,6,1,662,won the race to the bottom,26
"""Not a reliable airline""",A320,Business,Economy Class,London to Geneva,2023-10-01,4.0,4.0,2.0,2.0,1.0,1,2.3333333333333335,0.0,Neutral,0.0,1,4,4,662,not a reliable airline,26
"""It is a national disgrace""",A320,Couple Leisure,Business Class,Athens to London,2023-09-01,1.0,1.0,1.0,1.0,1.0,1,1.0,-0.4939,Negative,-0.4939,0,5,10,662,it is a national disgrace,26
"""The worst journey in my life""",Boeing 747,Business,Economy Class,Milan to San Jose via London,2023-09-01,3.0,3.0,2.0,4.0,1.0,1,2.3333333333333335,-0.6249,Negative,-0.6249,0,6,1,135,the worst journey in my life,117
"""Very disappointed""",777-300 and A320,Couple Leisure,First Class,Dallas to Dubrovnik via Heathrow,2023-09-01,1.0,4.0,4.0,3.0,3.0,2,2.8333333333333335,-0.5256,Negative,-0.5256,0,2,1,1,very disappointed,4
"""the service was shockingly bad""",A321,Business,Business Class,London to Seville,2023-09-01,2.0,1.0,1.0,1.4,1.0,1,1.2333333333333334,-0.6369,Negative,-0.6369,0,5,2,126,the service was shockingly bad,59
"""Never again will I fly BA""",Boeing 777,Couple Leisure,Economy Class,London Heathrow to Tokyo,2023-09-01,1.0,1.0,1.0,3.0,2.0,1,1.5,0.0,Neutral,0.0,1,6,2,452,never again will i fly ba,145
"""never fly this awful airline again""",A380,Solo Leisure,Business Class,Miami to Dublin via London Heathrow,2023-08-01,1.0,3.0,2.0,1.0,1.0,1,1.5,-0.5423,Negative,-0.5423,0,6,1,302,never fly this awful airline again,81
"""I’ll never fly with them again""",Boeing 747-400,Business,Business Class,Prague to San Francisco via London,2023-09-01,1.0,3.0,3.0,3.4,1.0,1,2.066666666666667,0.0,Neutral,0.0,1,6,1,275,ill never fly with them again,129
"""the worst of the worst""",A320,Business,Economy Class,London to Glasgow,2023-09-01,1.0,1.0,1.0,1.0,1.0,1,1.0,-0.8481,Negative,-0.8481,0,5,5,662,the worst of the worst,26
"""everyone refused to help us""",A320,Family Leisure,Economy Class,San Diego to Marseille via London,2023-08-01,3.0,2.0,3.0,3.0,1.0,3,2.5,0.128,Positive,0.128,2,5,1,662,everyone refused to help us,26
"""not a single feedback from British Airways""",A350,Business,Premium Economy,Hamburg to Las Vegas via London,2023-08-01,2.0,2.0,2.0,3.0,1.0,1,1.8333333333333333,0.0,Neutral,0.0,1,7,1,39,not a single feedback from british airways,79
"""never fly British Airways again""",A380,Family Leisure,Economy Class,London to Los Angeles,2023-07-01,2.859667633869692,3.2404661016949152,2.7091954022988505,2.636533432947329,2.755620723362659,1,2.533580549028908,0.0,Neutral,0.0,1,5,10,302,never fly british airways again,81
"""Club Europe doesn’t feel very premium""",A320,Couple Leisure,Business Class,London Heathrow to Porto,2023-09-01,3.0,4.0,3.0,3.4,4.0,4,3.5666666666666664,0.0,Neutral,0.0,1,6,1,662,club europe doesnt feel very premium,26
"""the worst airline in the UK""",A320,Couple Leisure,Economy Class,London to Dalaman,2023-09-01,2.859667633869692,3.2404661016949152,2.7091954022988505,2.636533432947329,3.0,1,2.5743104284684644,-0.6249,Negative,-0.6249,0,6,1,662,the worst airline in the uk,26
"""Worst BA experience""",Boeing 787,Solo Leisure,Economy Class,Johannesburg to Milan via London,2023-09-01,2.859667633869692,3.2404661016949152,2.7091954022988505,2.636533432947329,2.755620723362659,2,2.7002472156955744,-0.6249,Negative,-0.6249,0,3,1,97,worst ba experience,172
"""the worst airline service""",A320,Business,Business Class,Madrid to Vancouver via London,2023-04-01,3.0,3.0,2.7091954022988505,2.636533432947329,1.0,1,2.2242881392076965,-0.6249,Negative,-0.6249,0,4,1,662,the worst airline service,26
"""service on board was impeccable""",Boeing 787,Couple Leisure,Business Class,London to Santiago,2023-09-01,3.0,5.0,4.0,2.6,2.0,5,3.6,0.0,Neutral,0.0,1,5,3,97,service on board was impeccable,172
"""a national disgrace""",A320,Couple Leisure,Business Class,London Heathrow to Faro,2023-09-01,2.859667633869692,3.2404661016949152,2.7091954022988505,2.636533432947329,1.0,1,2.2409770951351313,-0.4939,Negative,-0.4939,0,3,1,662,a national disgrace,26
"""The worst service ever""",A319,Solo Leisure,Economy Class,Kuwait to Lisbon via London,2023-09-01,3.0,1.0,1.0,1.0,3.0,3,2.0,-0.6249,Negative,-0.6249,0,4,1,196,the worst service ever,10
"""Cannot recommend""",A320,Couple Leisure,Economy Class,London to Munich,2023-09-01,1.0,3.0,1.0,1.0,1.0,1,1.3333333333333333,-0.2755,Negative,-0.2755,0,2,4,662,cannot recommend,26
"""BA is worse than a low cost carrier""",Embraer,Solo Leisure,Economy Class,Frankfurt to London City,2023-09-01,1.0,3.2404661016949152,2.7091954022988505,2.636533432947329,1.0,1,1.9310324894901825,-0.6369,Negative,-0.6369,0,8,2,18,ba is worse than a low cost carrier,200
"""less than a premium experience""",A321,Couple Leisure,Business Class,London to Keflavik,2023-08-01,3.0,4.0,3.0,3.4,4.0,4,3.5666666666666664,0.0,Neutral,0.0,1,5,3,126,less than a premium experience,59
"""good, but not spectacular""",Boeing 777-200,Couple Leisure,Business Class,Mumbai to London,2023-08-01,4.0,3.0,3.0,3.0,4.0,4,3.5,0.2382,Positive,0.2382,2,4,6,171,good but not spectacular,157
"""Lies and misleading unprofessional service""",Boeing 787,Business,Premium Economy,Houston to London Heathrow,2023-09-01,2.0,4.0,3.0,3.0,4.0,1,2.8333333333333335,-0.8316,Negative,-0.8316,0,5,2,97,lies and misleading unprofessional service,172
"""avoid BA like the plague""",A380,Solo Leisure,Business Class,London to Miami,2023-09-01,1.0,1.0,2.0,1.0,3.0,1,1.5,0.0772,Positive,0.0772,2,5,8,302,avoid ba like the plague,81
"""British Airways absolutely does not care""",Boeing 777,Couple Leisure,Economy Class,Los Angeles to London,2023-08-01,1.0,1.0,1.0,1.0,1.0,1,1.0,-0.4389,Negative,-0.4389,0,6,12,452,british airways absolutely does not care,145
"""utter abdication of responsibility""",Boeing 777,Couple Leisure,Economy Class,New York JFK to Malaga via London,2023-06-01,1.0,3.0,2.7091954022988505,2.636533432947329,1.0,1,1.8909548058743633,0.0,Neutral,0.0,1,4,1,452,utter abdication of responsibility,145
"""express our displeasure and concerns""",A380,Couple Leisure,Premium Economy,Chicago to Rome via London,2023-07-01,3.0,1.0,1.0,1.0,1.0,1,1.3333333333333333,0.0,Neutral,0.0,1,5,1,302,express our displeasure and concerns,81
"""they are the worst in Europe""",A320,Solo Leisure,Business Class,London to Malaga,2023-08-01,1.0,1.0,1.0,1.0,1.0,1,1.0,-0.6249,Negative,-0.6249,0,6,7,662,they are the worst in europe,26
"""customer service being so horrible""",Embraer,Solo Leisure,Economy Class,Frankfurt to London Heathrow,2023-08-01,1.0,1.0,2.7091954022988505,2.636533432947329,1.0,1,1.5576214725410298,-0.6696,Negative,-0.6696,0,5,2,18,customer service being so horrible,200
"""appalling customer service""",A320,Couple Leisure,Business Class,Tenerife to Gatwick,2023-08-01,1.0,3.0,1.0,1.4,1.0,1,1.4000000000000001,-0.3612,Negative,-0.3612,0,3,1,662,appalling customer service,26
"""standards are worse than ever""",A320,Business,Business Class,London Heathrow to Malaga,2023-08-01,2.0,2.0,2.0,2.0,1.0,2,1.8333333333333333,-0.4767,Negative,-0.4767,0,5,4,662,standards are worse than ever,26
"""still waiting for reimbursement""",Boeing 787-9,Couple Leisure,Economy Class,Newark to London,2023-06-01,2.859667633869692,3.2404661016949152,2.7091954022988505,2.636533432947329,2.755620723362659,1,2.533580549028908,0.0,Neutral,0.0,1,4,2,54,still waiting for reimbursement,184
"""unprofessional, uncaring""",A380,Business,Business Class,London to Johannesburg,2023-08-01,3.0,2.0,2.7091954022988505,2.636533432947329,2.0,1,2.2242881392076965,-0.5106,Negative,-0.5106,0,2,21,302,unprofessional uncaring,81
"""Nice flight, good crew, very good seat""",Boeing 777-300,Couple Leisure,Business Class,LHR to LAX,2023-08-01,4.0,5.0,3.0,5.0,5.0,4,4.333333333333333,0.8357,Positive,0.8357,2,7,7,54,nice flight good crew very good seat,167
"""Such a horrible experience""",Boeing 747-400,Family Leisure,Economy Class,Delhi to Vancouver via London,2022-12-01,1.0,1.0,2.7091954022988505,2.636533432947329,1.0,1,1.5576214725410298,-0.5423,Negative,-0.5423,0,4,1,275,such a horrible experience,129
"""Never again, BA""",A380,Solo Leisure,Economy Class,Copenhagen to London,2023-06-01,2.859667633869692,3.2404661016949152,2.7091954022988505,2.636533432947329,2.755620723362659,1,2.533580549028908,0.0,Neutral,0.0,1,3,4,302,never again ba,81
"""ravioli pasta had dried out""",A320neo,Solo Leisure,Business Class,Larnaca to London Heathrow,2023-07-01,3.0,3.0,1.0,1.4,3.0,1,2.066666666666667,0.0,Neutral,0.0,1,5,6,9,ravioli pasta had dried out,58
"""Great customer service""",A380,Family Leisure,Economy Class,Washington to London,2023-08-01,4.0,5.0,3.0,2.0,1.0,4,3.1666666666666665,0.6249,Positive,0.6249,2,3,10,302,great customer service,81
"""Cabin crew were all fantastic""",A380,Family Leisure,Business Class,London to Miami,2023-08-01,4.0,5.0,5.0,5.0,4.0,4,4.5,0.5574,Positive,0.5574,2,5,8,302,cabin crew were all fantastic,81
"""asked us to check our bags""",A321,Family Leisure,Economy Class,London to Paris,2023-08-01,1.0,1.0,2.7091954022988505,2.636533432947329,1.0,1,1.5576214725410298,0.0,Neutral,0.0,1,6,8,126,asked us to check our bags,59
"""service is extremely poor""",A320,Family Leisure,Economy Class,London to Algiers,2023-08-01,1.0,1.0,1.0,1.0,1.0,1,1.0,-0.5256,Negative,-0.5256,0,4,2,662,service is extremely poor,26
"""superior to mainline British Airways""",Embraer-190,Couple Leisure,Economy Class,Edinburgh to London City,2023-07-01,4.0,4.0,3.0,3.4,5.0,5,4.066666666666666,0.5423,Positive,0.5423,2,5,4,1,superior to mainline british airways,205
"""Staff quite unpleasant""",A320,Solo Leisure,Economy Class,London to Vienna,2023-08-01,3.0,3.0,2.7091954022988505,2.636533432947329,1.0,2,2.390954805874363,-0.5256,Negative,-0.5256,0,3,6,662,staff quite unpleasant,26
"""They lost my baggage""",A380 / A320,Business,Economy Class,San Francisco to Warsaw via London,2023-07-01,3.0,5.0,4.0,5.0,1.0,1,3.1666666666666665,-0.3182,Negative,-0.3182,0,4,1,1,they lost my baggage,83
"""leaving two hours late""",Embraer,Business,Economy Class,Frankfurt to London City,2023-08-01,3.0,3.0,1.0,1.4,1.0,1,1.7333333333333334,0.0,Neutral,0.0,1,4,2,18,leaving two hours late,200
"""flight is delayed""",A320,Solo Leisure,Economy Class,London to Lyon,2023-08-01,2.859667633869692,3.2404661016949152,2.7091954022988505,2.636533432947329,1.0,1,2.2409770951351313,-0.2263,Negative,-0.2263,0,3,3,662,flight is delayed,26
"""Couldn't recommend BA more""",Boeing 777,Solo Leisure,Business Class,London to Hong Kong,2023-07-01,5.0,5.0,5.0,5.0,5.0,5,5.0,-0.2755,Negative,-0.2755,0,4,15,452,couldnt recommend ba more,145
"""bumped off due to overselling""",A320,Couple Leisure,Economy Class,Gatwick to Montpelier,2023-07-01,3.0,3.0,1.0,1.4,1.0,1,1.7333333333333334,-0.2023,Negative,-0.2023,0,5,1,662,bumped off due to overselling,26
"""a very comfortable flight""",Boeing 787-8,Couple Leisure,Business Class,London to Mumbai,2023-07-01,4.0,5.0,5.0,3.0,4.0,4,4.166666666666667,0.5563,Positive,0.5563,2,4,6,16,a very comfortable flight,178
"""good onboard service""",A320,Couple Leisure,Business Class,Keflavik  to London,2023-07-01,3.0,5.0,4.0,2.6,2.0,3,3.266666666666667,0.4404,Positive,0.4404,2,3,1,662,good onboard service,26
"""they have really gone downhill""",A320,Solo Leisure,Economy Class,Gibraltar to London Heathrow,2023-05-01,1.0,1.0,2.7091954022988505,2.636533432947329,1.0,1,1.5576214725410298,0.0,Neutral,0.0,1,5,1,662,they have really gone downhill,26
"""lives in their past glory""",A321,Family Leisure,Business Class,Madrid to London,2023-07-01,1.0,1.0,2.7091954022988505,2.636533432947329,1.0,1,1.5576214725410298,0.5423,Positive,0.5423,2,5,9,126,lives in their past glory,59
"""Check-in Desk rude and dismissive""",Boeing 767,Family Leisure,Economy Class,Rhodes to Gatwick,2023-07-01,2.0,3.0,1.0,1.0,1.0,2,1.6666666666666667,-0.4588,Negative,-0.4588,0,5,1,68,checkin desk rude and dismissive,140
"""All in all, terrible""",A321,Family Leisure,Economy Class,Barcelona to London,2023-07-01,1.0,4.0,1.0,1.0,1.0,1,1.5,-0.4767,Negative,-0.4767,0,4,3,126,all in all terrible,59
"""cancelled the rebooked flight""",A380,Couple Leisure,Premium Economy,Inverness to Los Angeles via London,2022-11-01,2.859667633869692,3.2404661016949152,2.7091954022988505,2.636533432947329,2.755620723362659,1,2.533580549028908,-0.25,Negative,-0.25,0,4,1,302,cancelled the rebooked flight,81
"""Zero empathy was shown""",A320,Couple Leisure,Economy Class,London City Airport to Frankfurt,2023-07-01,3.0,3.0,2.7091954022988505,2.636533432947329,1.0,1,2.2242881392076965,0.0,Neutral,0.0,1,4,1,662,zero empathy was shown,26
"""pilot apologise at every step of the way""",E190,Business,Economy Class,Amsterdam to London City,2023-07-01,3.0,4.0,3.0,3.4,1.0,2,2.733333333333333,0.3818,Positive,0.3818,2,8,1,4,pilot apologise at every step of the way,198
"""crew were always ready to top up drinks""",A320,Couple Leisure,Business Class,Dalaman to Gatwick,2023-06-01,3.0,5.0,4.0,2.6,5.0,3,3.766666666666667,0.5106,Positive,0.5106,2,8,1,662,crew were always ready to top up drinks,26
"""The service is really mediocre""",Boeing 787,Solo Leisure,Economy Class,Seattle to London Heathrow,2023-06-01,2.0,2.0,1.0,3.0,3.0,3,2.3333333333333335,0.0,Neutral,0.0,1,5,1,97,the service is really mediocre,172
"""made their economy experience so miserable""",A320,Couple Leisure,Economy Class,Gatwick to Dalaman,2023-06-01,1.0,1.0,1.0,1.4,1.0,1,1.0666666666666667,-0.6269,Negative,-0.6269,0,6,2,662,made their economy experience so miserable,26
"""Customer Service does not exist""",A320,Family Leisure,Business Class,London to Rhodes,2023-07-01,1.0,1.0,2.7091954022988505,2.636533432947329,1.0,1,1.5576214725410298,0.0,Neutral,0.0,1,5,1,662,customer service does not exist,26
"""another great experience""",A320 A350,Family Leisure,Business Class,Newcastle to Las Vegas via Heathrow,2023-06-01,4.0,5.0,4.0,3.0,4.0,4,4.0,0.6249,Positive,0.6249,2,3,1,1,another great experience,35
"""Not recommended""",A380,Solo Leisure,Business Class,London to Miami,2023-06-01,1.0,1.0,1.0,1.4,1.0,1,1.0666666666666667,-0.1511,Negative,-0.1511,0,2,8,302,not recommended,81
"""5 hours and 30 mins but no meal""",A320Neo,Solo Leisure,Economy Class,Amman to London,2023-07-01,3.0,1.0,1.0,1.0,4.0,3,2.1666666666666665,-0.4215,Negative,-0.4215,0,8,5,6, hours and  mins but no meal,57
"""Things have really deteriorated""",Boeing 777,Couple Leisure,Premium Economy,Chennai to London,2023-07-01,3.0,2.0,1.0,1.0,4.0,1,2.0,0.0,Neutral,0.0,1,4,3,452,things have really deteriorated,145
"""I will never fly this airline again""",A321neo,Couple Leisure,Economy Class,Istanbul to London,2023-07-01,2.0,2.0,2.7091954022988505,2.636533432947329,1.0,1,1.8909548058743633,0.0,Neutral,0.0,1,7,10,15,i will never fly this airline again,72
"""asked for an explanation but have received none""",A319,Solo Leisure,Economy Class,London to Edinburgh,2022-11-01,2.0,5.0,3.0,3.0,1.0,2,2.6666666666666665,0.0,Neutral,0.0,1,8,7,196,asked for an explanation but have received none,10
"""short-changing passengers""",Boeing 777 -200,Family Leisure,Premium Economy,Kingston to London,2023-06-01,5.0,4.0,4.0,3.0,3.0,3,3.6666666666666665,0.0,Neutral,0.0,1,2,2,3,shortchanging passengers,147
"""Economy is absolutely awful""",Boeing 777-200,Couple Leisure,Economy Class,London Heathrow to Cape Town,2023-06-01,1.0,3.0,1.0,3.0,3.0,2,2.1666666666666665,-0.5095,Negative,-0.5095,0,4,2,171,economy is absolutely awful,157
"""Shocking customer service""",A321,Couple Leisure,Economy Class,London Heathrow to Ibiza,2023-07-01,2.859667633869692,3.2404661016949152,2.7091954022988505,2.636533432947329,1.0,1,2.2409770951351313,-0.4019,Negative,-0.4019,0,3,1,126,shocking customer service,59
"""no representative to help""",A380,Business,Business Class,Washington to London,2023-06-01,3.0,3.0,3.0,3.0,1.0,1,2.3333333333333335,0.4019,Positive,0.4019,2,4,10,302,no representative to help,81
"""Boarding was chaotic""",A321,Couple Leisure,Economy Class,London Heathrow to Naples,2023-06-01,1.0,4.0,1.0,1.4,2.0,2,1.9000000000000001,-0.4939,Negative,-0.4939,0,3,1,126,boarding was chaotic,59
"""In-line with competitors""",A320,Solo Leisure,Economy Class,Berlin to London,2023-07-01,5.0,5.0,3.0,3.4,4.0,5,4.233333333333333,0.0,Neutral,0.0,1,3,7,662,inline with competitors,26
"""Luggage are still in Glasgow""",A320,Family Leisure,Economy Class,Glasgow to London,2023-06-01,1.0,1.0,2.7091954022988505,2.636533432947329,1.0,1,1.5576214725410298,0.0,Neutral,0.0,1,5,4,662,luggage are still in glasgow,26
"""whole experience was terrible""",A320,Solo Leisure,Economy Class,Dubai to Keflavik via London,2023-05-01,1.0,1.0,2.7091954022988505,2.636533432947329,1.0,1,1.5576214725410298,-0.4767,Negative,-0.4767,0,4,1,662,whole experience was terrible,26
"""preferred to fly on easyJet""",A321Neo,Couple Leisure,Economy Class,Cairo to London,2023-06-01,1.0,1.0,1.0,1.0,2.0,1,1.1666666666666667,0.0,Neutral,0.0,1,5,4,5,preferred to fly on easyjet,71
"""stated it is not their fault""",A320,Solo Leisure,Economy Class,London to Madrid,2023-05-01,3.0,3.0,3.0,3.4,1.0,1,2.4,0.3089,Positive,0.3089,2,6,9,662,stated it is not their fault,26
"""luggage was mis-tagged in Dallas""",A321neo,Family Leisure,Economy Class,London to Cairo,2023-06-01,1.0,1.0,2.7091954022988505,2.636533432947329,1.0,1,1.5576214725410298,0.0,Neutral,0.0,1,5,5,15,luggage was mistagged in dallas,72
"""The airline lost my luggage""",Boeing 787,Solo Leisure,Economy Class,New Orleans to London,2023-06-01,3.0,3.0,3.0,3.0,1.0,1,2.3333333333333335,-0.3182,Negative,-0.3182,0,5,3,97,the airline lost my luggage,172
"""fully refunded by our travel insurance""",A320,Couple Leisure,Business Class,London to Amman,2023-03-01,2.859667633869692,3.2404661016949152,2.7091954022988505,2.636533432947329,2.755620723362659,1,2.533580549028908,0.0,Neutral,0.0,1,6,3,662,fully refunded by our travel insurance,26
"""no boarding drinks provided""",A321 neo,Solo Leisure,Business Class,Heathrow to Bodrum,2023-06-01,1.0,1.0,1.0,1.4,1.0,1,1.0666666666666667,0.0,Neutral,0.0,1,4,1,11,no boarding drinks provided,66
"""WiFi didn't work""",A320Neo,Solo Leisure,Economy Class,Amman to London,2023-06-01,1.0,3.0,1.0,1.0,2.0,2,1.6666666666666667,0.0,Neutral,0.0,1,3,5,6,wifi didnt work,57
"""stick with economy""",Embraer 190,Family Leisure,Business Class,London City to Ibiza,2023-06-01,3.0,5.0,3.0,3.4,3.0,3,3.4,0.0,Neutral,0.0,1,3,2,15,stick with economy,202
"""Communication is terrible""",A380,Couple Leisure,Economy Class,London to Washington,2023-06-01,1.0,1.0,1.0,1.0,1.0,1,1.0,-0.4767,Negative,-0.4767,0,3,6,302,communication is terrible,81
"""delays and cancellations""",A350,Business,Business Class,Amsterdam to London,2023-06-01,3.0,3.0,3.0,2.0,2.0,2,2.5,0.0,Neutral,0.0,1,3,9,39,delays and cancellations,79
"""Economy class seating was truly dreadful""",Boeing 737,Couple Leisure,Economy Class,London Heathrow to Kalamata,2023-06-01,1.0,4.0,3.0,3.4,3.0,3,2.9,0.0,Neutral,0.0,1,6,2,9,economy class seating was truly dreadful,112
"""flight failed at every level""",A320,Couple Leisure,Economy Class,London to Funchal,2023-06-01,4.0,4.0,1.0,1.4,1.0,1,2.066666666666667,-0.5106,Negative,-0.5106,0,5,1,662,flight failed at every level,26
"""BA refuses to make it right""",Boeing 747-400,Family Leisure,Economy Class,Marseille to Seattle via London Heathrow,2023-06-01,2.0,3.0,3.0,4.0,1.0,1,2.3333333333333335,0.0,Neutral,0.0,1,6,1,275,ba refuses to make it right,129
"""shame for such well known airline""",A321Neo,Solo Leisure,Business Class,Cairo to London,2023-06-01,1.0,3.0,2.0,1.0,1.0,1,1.5,-0.25,Negative,-0.25,0,6,4,5,shame for such well known airline,71
"""Total garbage""",Boeing 787,Solo Leisure,Economy Class,Bucharest to Dallas via London,2023-06-01,2.0,4.0,3.0,3.0,1.0,1,2.3333333333333335,0.0,Neutral,0.0,1,2,1,97,total garbage,172
"""arrived at the airport only 1 hour before""",A320,Family Leisure,Economy Class,Gatwick to Venice,2023-06-01,3.0,5.0,4.0,2.6,1.0,3,3.1,0.0,Neutral,0.0,1,8,4,662,arrived at the airport only  hour before,26
"""so callous and uncaring""",Embraer 190,Solo Leisure,Economy Class,Dublin to London City,2023-06-01,1.0,1.0,2.7091954022988505,2.636533432947329,1.0,1,1.5576214725410298,0.0,Neutral,0.0,1,4,4,15,so callous and uncaring,202
"""uncomfy old planes""",Boeing 777,Business,Business Class,Tokyo to Manchester via Heathrow,2023-06-01,1.0,1.0,1.0,1.0,1.0,1,1.0,0.0,Neutral,0.0,1,3,1,452,uncomfy old planes,145
"""never fly British Airway ever again""",A380,Solo Leisure,Economy Class,San Francisco to London,2023-06-01,2.859667633869692,3.2404661016949152,2.7091954022988505,2.636533432947329,1.0,1,2.2409770951351313,0.0,Neutral,0.0,1,6,10,302,never fly british airway ever again,81
"""Most uncomfortable flight""",Boeing 787,Family Leisure,Economy Class,Santiago to London,2023-05-01,1.0,2.0,2.0,4.0,4.0,1,2.3333333333333335,-0.4391,Negative,-0.4391,0,3,1,97,most uncomfortable flight,172
"""I will never fly British Airways again""",Boeing 777-300,Couple Leisure,Economy Class,Seattle to Nice via London,2023-06-01,4.0,4.0,5.0,5.0,1.0,2,3.5,0.0,Neutral,0.0,1,7,1,54,i will never fly british airways again,167
"""All in all very disappointing""",Boeing 777,Couple Leisure,Premium Economy,Sydney via Singapore to London Heathrow,2023-03-01,4.0,4.0,1.0,1.4,5.0,1,2.733333333333333,-0.5413,Negative,-0.5413,0,5,1,452,all in all very disappointing,145
"""customer service was horrendous""",Boeing 777,Business,Economy Class,Seattle to Edinburgh via Heathrow,2023-05-01,2.0,4.0,4.0,4.0,2.0,2,3.0,-0.5859,Negative,-0.5859,0,4,1,452,customer service was horrendous,145
"""All flights without exception were delayed""",Boeing 777-300,Solo Leisure,Economy Class,Athens to Durban via London Heathrow,2023-04-01,4.0,5.0,3.0,3.0,5.0,4,4.0,0.1695,Positive,0.1695,2,6,1,54,all flights without exception were delayed,167
"""An excellent flight""",A350,Solo Leisure,Business Class,Vancouver to London Heathrow,2023-05-01,5.0,5.0,4.0,5.0,4.0,4,4.5,0.5719,Positive,0.5719,2,3,6,39,an excellent flight,79
"""luggage was still in London""",Boeing 777,Family Leisure,Economy Class,Vancouver to Barcelona via London,2023-05-01,3.0,2.0,2.0,3.0,1.0,1,2.0,0.0,Neutral,0.0,1,5,1,452,luggage was still in london,145
"""worst experience in all my years of travel""",A319,Family Leisure,Economy Class,Boston to Cairo via London,2023-06-01,1.0,1.0,1.0,1.0,1.0,1,1.0,-0.6249,Negative,-0.6249,0,8,1,196,worst experience in all my years of travel,10
"""The worst experience""",A321,Couple Leisure,Economy Class,London to Santorini,2023-05-01,1.0,1.0,1.0,1.0,1.0,1,1.0,-0.6249,Negative,-0.6249,0,3,2,126,the worst experience,59
"""haven’t received any reimbursement""",Boeing 747-400,Family Leisure,Economy Class,Heathrow to Mumbai,2023-02-01,3.0,1.0,1.0,3.0,1.0,1,1.6666666666666667,0.0,Neutral,0.0,1,4,1,275,havent received any reimbursement,129
"""the crew has helped me""",Boeing 767,Solo Leisure,Economy Class,London to Larnaca,2023-03-01,5.0,5.0,2.7091954022988505,2.636533432947329,5.0,5,4.2242881392076965,0.0,Neutral,0.0,1,5,7,68,the crew has helped me,140
"""check-in process was terrible""",A320,Family Leisure,Economy Class,Nice to London Heathrow,2023-05-01,1.0,1.0,2.7091954022988505,2.636533432947329,1.0,1,1.5576214725410298,-0.4767,Negative,-0.4767,0,4,3,662,checkin process was terrible,26
"""the worst airline experience I've ever had to deal with""",Boeing 747,Solo Leisure,Economy Class,Las Vegas to Venice,2023-05-01,1.0,1.0,1.0,1.0,1.0,1,1.0,-0.6249,Negative,-0.6249,0,10,1,135,the worst airline experience ive ever had to deal with,117
"""Service was good""",Boeing 777-300,Family Leisure,Premium Economy,London to New York,2023-05-01,4.0,4.0,3.0,5.0,4.0,4,4.0,0.4404,Positive,0.4404,2,3,9,54,service was good,167
"""Last time I will fly British Airways""",A320,Couple Leisure,Economy Class,Lisbon to London,2023-05-01,1.0,3.0,2.2,1.0,1.0,2,1.7,0.0,Neutral,0.0,1,7,8,662,last time i will fly british airways,26
"""cancel your flight without notice""",Boeing 777,Couple Leisure,Premium Economy,Dallas to Madrid via London,2023-05-01,1.0,1.0,1.0,1.0,1.0,1,1.0,-0.25,Negative,-0.25,0,5,1,452,cancel your flight without notice,145
"""flights changed with no cost""",Boeing 777-300,Couple Leisure,Economy Class,London to Valencia,2023-03-01,4.0,4.0,2.7091954022988505,2.636533432947329,5.0,4,3.724288139207696,-0.296,Negative,-0.296,0,5,3,54,flights changed with no cost,167
"""Cheap, quick and efficient""",A320,Solo Leisure,Economy Class,London to Glasgow,2023-05-01,5.0,5.0,5.0,3.4,5.0,5,4.733333333333333,0.4215,Positive,0.4215,2,4,5,662,cheap quick and efficient,26
"""the worst major European airline""",A320 Finnair,Business,Business Class,London Heathrow to Malaga,2023-05-01,2.0,2.0,3.0,1.0,1.0,1,1.6666666666666667,-0.6249,Negative,-0.6249,0,5,4,1,the worst major european airline,36
"""do not think the fare was worth the money""",A319,Couple Leisure,Business Class,London to Nice,2023-05-01,2.0,3.0,3.0,3.4,4.0,1,2.733333333333333,0.2263,Positive,0.2263,2,9,3,196,do not think the fare was worth the money,10
"""BA is on the skids downhill""",A380,Solo Leisure,Business Class,London to San Francisco,2022-09-01,3.0,1.0,1.0,4.0,2.0,2,2.1666666666666665,0.0,Neutral,0.0,1,6,8,302,ba is on the skids downhill,81
"""Absolutely terrible experience""",B777-200,Solo Leisure,Economy Class,London to Dallas,2023-04-01,1.0,1.0,3.0,3.0,1.0,1,1.6666666666666667,-0.5256,Negative,-0.5256,0,3,1,8,absolutely terrible experience,108
"""poor service and unhappy customers""",A320,Business,Economy Class,London to Madrid,2023-05-01,4.0,3.0,1.0,1.4,1.0,1,1.9000000000000001,-0.7096,Negative,-0.7096,0,5,9,662,poor service and unhappy customers,26
"""just won't use them again""",A321,Solo Leisure,Economy Class,London to Belfast,2023-05-01,1.0,3.0,3.0,1.0,1.0,1,1.6666666666666667,0.0,Neutral,0.0,1,5,6,126,just wont use them again,59
"""Another bad show""",A380,Couple Leisure,Business Class,Los Angeles to London,2023-05-01,5.0,5.0,4.0,5.0,1.0,1,3.5,-0.5423,Negative,-0.5423,0,3,12,302,another bad show,81
"""what an earth is going on at BA""",Boeing 777-200,Couple Leisure,Business Class,Atlanta to London,2023-04-01,4.0,3.0,1.0,2.0,1.0,1,2.0,0.0,Neutral,0.0,1,8,3,171,what an earth is going on at ba,157
"""I had to reschedule my flight""",Boeing 747 / 777,Couple Leisure,Business Class,No Route,2023-05-01,2.859667633869692,3.2404661016949152,2.7091954022988505,2.636533432947329,2.755620723362659,1,2.533580549028908,0.0,Neutral,0.0,1,6,6,9,i had to reschedule my flight,119
"""most appalling airline service""",Boeing 787-9,Solo Leisure,Business Class,Sydney to London via Singapore,2023-05-01,1.0,1.0,1.0,1.0,1.0,1,1.0,-0.4201,Negative,-0.4201,0,4,8,54,most appalling airline service,184
"""Customer service is shocking""",A321 neo,Solo Leisure,Business Class,Heathrow to Faro,2023-05-01,1.0,1.0,1.0,1.0,1.0,1,1.0,-0.4019,Negative,-0.4019,0,4,1,11,customer service is shocking,66
"""Avoid this airline""",A320,Business,Economy Class,London to Barcelona,2023-05-01,2.859667633869692,3.2404661016949152,2.7091954022988505,2.636533432947329,1.0,1,2.2409770951351313,-0.296,Negative,-0.296,0,3,5,662,avoid this airline,26
"""a lot of actual lies being told""",Boeing 747-400,Business,Economy Class,New York to London,2023-04-01,4.0,3.0,3.0,3.0,1.0,1,2.5,-0.4215,Negative,-0.4215,0,7,8,275,a lot of actual lies being told,129
"""premium price for very average service""",Boeing 787,Couple Leisure,Business Class,Singapore to London,2023-04-01,4.0,2.0,1.0,5.0,3.0,1,2.6666666666666665,0.0,Neutral,0.0,1,6,12,97,premium price for very average service,172
"""lack of customer service""",Boeing 777,Couple Leisure,Economy Class,Sweden to Los Angeles via London,2023-01-01,3.0,3.0,3.0,2.0,3.0,1,2.5,-0.3182,Negative,-0.3182,0,4,1,452,lack of customer service,145
"""Overall not a good airline""",Boeing 777,Couple Leisure,Premium Economy,Seattle to Zagreb via London,2023-04-01,3.0,2.0,1.0,1.0,3.0,2,2.0,-0.3412,Negative,-0.3412,0,5,1,452,overall not a good airline,145
"""delayed and missed connecting flight""",Boeing 777,Family Leisure,Premium Economy,"Bangalore to Toronto via London,",2023-04-01,2.0,1.0,2.0,3.0,1.0,1,1.6666666666666667,-0.4767,Negative,-0.4767,0,5,1,452,delayed and missed connecting flight,145
"""!not a good experience""",Dreamliner,Family Leisure,Economy Class,London to Denver,2023-02-01,2.0,1.0,1.0,3.0,1.0,2,1.6666666666666667,-0.4015,Negative,-0.4015,0,4,3,3,not a good experience,193
""" A very pleasant experience""",A350,Solo Leisure,Premium Economy,London to Hong Kong,2023-04-01,4.0,5.0,4.0,3.0,4.0,4,4.0,0.5563,Positive,0.5563,2,5,15,39, a very pleasant experience,79
"""It was a nightmare""",A320,Couple Leisure,Economy Class,Brussels to Los Angeles via London Heathrow,2023-04-01,1.0,4.0,1.0,3.0,1.0,1,1.8333333333333333,0.0,Neutral,0.0,1,4,1,662,it was a nightmare,26
"""Abysmal service""",A380,Couple Leisure,Economy Class,Copenhagen to London,2023-04-01,1.0,4.0,2.0,2.0,2.0,2,2.1666666666666665,0.0,Neutral,0.0,1,2,4,302,abysmal service,81
"""trained to give you the runaround""",Dreamliner,Family Leisure,Economy Class,London to Denver,2023-03-01,2.0,5.0,2.0,3.0,4.0,1,2.8333333333333335,0.0,Neutral,0.0,1,6,3,3,trained to give you the runaround,193
"""they only had one choice of meal""",A380,Solo Leisure,Economy Class,Hong Kong to London,2023-04-01,2.0,1.0,1.0,1.0,2.0,2,1.5,0.0,Neutral,0.0,1,7,11,302,they only had one choice of meal,81
"""relentless BA cost cutting""",A320,Business,Business Class,Heathrow to Malaga,2023-04-01,3.0,3.0,4.0,2.6,3.0,2,2.9333333333333336,-0.0772,Negative,-0.0772,0,4,1,662,relentless ba cost cutting,26
"""I wouldn't recommend British Airways""",Boeing 787,Family Leisure,Economy Class,Santorini to Gatwick,2023-03-01,4.0,4.0,2.2,1.0,3.0,1,2.533333333333333,-0.2755,Negative,-0.2755,0,5,1,97,i wouldnt recommend british airways,172
"""Absolutely horrible experience""",Boeing 747-400,Solo Leisure,Economy Class,Madrid to Belfast via London,2023-01-01,3.0,3.0,2.0,2.0,1.0,1,2.0,-0.5849,Negative,-0.5849,0,3,1,275,absolutely horrible experience,129
"""This is the worst airline""",A320,Business,Economy Class,Dublin to London,2023-04-01,1.0,1.0,1.0,1.0,1.0,1,1.0,-0.6249,Negative,-0.6249,0,5,5,662,this is the worst airline,26
"""never fly British Airways again""",A319,Couple Leisure,Business Class,London to Venice,2023-03-01,1.0,2.0,2.0,1.0,2.0,2,1.6666666666666667,0.0,Neutral,0.0,1,5,4,196,never fly british airways again,10
"""seats were cramped and uncomfortable""",A350,Couple Leisure,Economy Class,Las Vegas to London,2023-04-01,1.0,1.0,1.0,4.0,4.0,1,2.0,-0.3818,Negative,-0.3818,0,5,3,39,seats were cramped and uncomfortable,79
"""I enjoyed my flight""",A320,Solo Leisure,Business Class,Faro to Heathrow,2023-04-01,5.0,5.0,5.0,3.4,3.0,5,4.3999999999999995,0.5106,Positive,0.5106,2,4,2,662,i enjoyed my flight,26
"""found the food menu rather odd""",Boeing 777,Couple Leisure,Business Class,London to Atlanta,2023-04-01,4.0,3.0,2.0,3.0,2.0,3,2.8333333333333335,-0.3182,Negative,-0.3182,0,6,1,452,found the food menu rather odd,145
"""cover 50% of my new luggage""",A320,Couple Leisure,Economy Class,London to Copenhagen,2023-04-01,1.0,4.0,1.0,1.4,1.0,1,1.5666666666666667,0.0,Neutral,0.0,1,6,3,662,cover  of my new luggage,26
"""the worst flight of my life""",A320,Couple Leisure,Economy Class,London to Malta,2023-04-01,3.0,1.0,2.0,2.0,1.0,1,1.6666666666666667,-0.6249,Negative,-0.6249,0,6,1,662,the worst flight of my life,26
"""flight was pleasant enough""",A319,Couple Leisure,Economy Class,Belfast to London,2023-04-01,4.0,4.0,3.0,3.4,4.0,4,3.733333333333333,0.5106,Positive,0.5106,2,4,7,196,flight was pleasant enough,10
"""downright rude and abusive""",Boeing 787,Business,Premium Economy,London to Hong Kong,2023-04-01,2.0,2.0,3.0,3.0,4.0,3,2.8333333333333335,-0.802,Negative,-0.802,0,4,15,97,downright rude and abusive,172
"""disappointing staff""",Boeing 747-400,Family Leisure,Economy Class,Mumbai to Chicago via London,2023-04-01,4.0,1.0,5.0,5.0,1.0,1,2.8333333333333335,-0.4939,Negative,-0.4939,0,2,1,275,disappointing staff,129
"""crew could not give a damn""",Boeing 777,Business,Business Class,London to New York,2023-04-01,3.0,2.0,2.0,2.0,3.0,2,2.3333333333333335,0.3089,Positive,0.3089,2,6,9,452,crew could not give a damn,145
"""a very solid experience""",Boeing 777-200,Solo Leisure,Economy Class,Mumbai to London,2023-03-01,4.0,5.0,3.0,5.0,4.0,5,4.333333333333333,0.2247,Positive,0.2247,2,4,6,171,a very solid experience,157
"""Service was impeccable""",Boeing 787 / A320,Couple Leisure,Business Class,Mexico City to Amsterdam via London,2023-03-01,4.0,5.0,5.0,3.4,4.0,5,4.3999999999999995,0.0,Neutral,0.0,1,3,1,6,service was impeccable,174
"""Very poor service, very frustrating""",Boeing 777,Business,Economy Class,Barcelona to London,2023-03-01,3.0,3.0,3.0,1.0,3.0,1,2.3333333333333335,-0.764,Negative,-0.764,0,5,3,2,very poor service very frustrating,191
"""Generally poor""",A321,Couple Leisure,Economy Class,London to Lanzarote,2023-03-01,3.0,2.0,2.2,1.0,2.0,3,2.1999999999999997,-0.4767,Negative,-0.4767,0,2,1,126,generally poor,59
"""changed our prepaid seats""",Boeing 777,Couple Leisure,Economy Class,Marrakech to London Heathrow,2023-03-01,1.0,1.0,1.0,1.4,1.0,1,1.0666666666666667,0.0,Neutral,0.0,1,4,1,452,changed our prepaid seats,145
"""airline is going downhill rapidly""",Boeing 747-400,Couple Leisure,Economy Class,London Heathrow to Marrakech,2023-03-01,1.0,3.0,1.0,1.4,1.0,1,1.4000000000000001,0.0,Neutral,0.0,1,5,1,275,airline is going downhill rapidly,129
"""made a complaint, nothing happened""",Boeing 767,Family Leisure,Economy Class,London to Algiers,2022-05-01,1.0,1.0,2.7091954022988505,2.636533432947329,1.0,2,1.7242881392076965,-0.296,Negative,-0.296,0,5,2,68,made a complaint nothing happened,140
"""Every flight was delayed""",A320,Couple Leisure,Economy Class,Miami to Munich via London,2023-03-01,3.0,1.0,3.0,4.0,1.0,1,2.1666666666666665,-0.2263,Negative,-0.2263,0,4,1,662,every flight was delayed,26
"""how far the quality level has slid""",Boeing 747-400,Business,Economy Class,New York to London,2023-03-01,1.0,1.0,1.0,2.0,2.0,2,1.5,0.0,Neutral,0.0,1,7,8,275,how far the quality level has slid,129
"""worst cabin experience ever""",A321Neo,Couple Leisure,Economy Class,Cairo to London,2023-03-01,1.0,4.0,1.0,1.0,4.0,2,2.1666666666666665,-0.6249,Negative,-0.6249,0,4,4,5,worst cabin experience ever,71
"""Very impressive and efficient""",Boeing 777,Solo Leisure,Premium Economy,Mumbai to Nassau via London,2023-03-01,4.0,4.0,2.0,3.0,3.0,3,3.1666666666666665,0.7688,Positive,0.7688,2,4,1,452,very impressive and efficient,145
"""We are done with BA""",A380,Couple Leisure,First Class,Johannesburg to London,2023-03-01,4.0,5.0,4.0,4.0,1.0,2,3.3333333333333335,0.0,Neutral,0.0,1,5,17,302,we are done with ba,81
"""I was left stranded at the airport""",A320,Solo Leisure,Economy Class,Munich to London Heathrow,2023-03-01,3.0,3.0,2.7091954022988505,2.636533432947329,1.0,1,2.2242881392076965,0.0,Neutral,0.0,1,7,4,662,i was left stranded at the airport,26
"""I will never fly with them again""",A320,Couple Leisure,Economy Class,Amsterdam to London,2023-03-01,1.0,3.2404661016949152,2.7091954022988505,2.636533432947329,1.0,1,1.9310324894901825,0.0,Neutral,0.0,1,7,9,662,i will never fly with them again,26
"""A catalogue of failures""",A380,Couple Leisure,Economy Class,Heathrow to Belfast City,2023-03-01,3.0,3.0,3.0,3.4,1.0,1,2.4,-0.4588,Negative,-0.4588,0,4,1,302,a catalogue of failures,81
"""it's by no measure good""",A320,Couple Leisure,Economy Class,Gatwick to Dubrovnik,2023-03-01,1.0,3.0,2.0,2.0,5.0,5,3.0,-0.5583,Negative,-0.5583,0,5,3,662,its by no measure good,26
"""Avoid unless you have no other option""",A320,Business,Economy Class,London Heathrow to Amsterdam,2023-03-01,2.0,1.0,1.0,1.4,1.0,1,1.2333333333333334,-0.5267,Negative,-0.5267,0,7,1,662,avoid unless you have no other option,26
"""pathetically inefficient""",A321-200,Solo Leisure,Economy Class,Zagreb to London Heathrow,2023-03-01,3.0,2.0,1.0,1.0,1.0,2,1.6666666666666667,-0.4215,Negative,-0.4215,0,2,1,5,pathetically inefficient,67
"""fallen far behind their competitors""",Boeing 777,Couple Leisure,Premium Economy,New York JFK to Heathrow,2023-03-01,1.0,2.0,2.0,2.0,3.0,1,1.8333333333333333,-0.3612,Negative,-0.3612,0,5,1,452,fallen far behind their competitors,145
"""one of the worst experiences""",Embraer 190,Solo Leisure,Economy Class,Dublin to Orlando via Heathrow,2022-12-01,1.0,1.0,1.0,1.0,1.0,1,1.0,-0.6249,Negative,-0.6249,0,5,1,15,one of the worst experiences,202
"""a horror show of incompetence""",A320,Family Leisure,Economy Class,London Heathrow to Munich,2023-03-01,1.0,1.0,1.0,1.4,1.0,1,1.0666666666666667,-0.7906,Negative,-0.7906,0,5,4,662,a horror show of incompetence,26
"""My baggage never arrived""",Boeing 777,Business,Business Class,London to Dubai,2022-12-01,4.0,4.0,4.0,4.0,1.0,1,3.0,0.0,Neutral,0.0,1,4,10,452,my baggage never arrived,145
"""Total disruption, wasted time""",A320,Solo Leisure,Economy Class,Geneva to London,2023-03-01,2.0,3.0,3.0,3.4,1.0,2,2.4,-0.7408,Negative,-0.7408,0,4,6,662,total disruption wasted time,26
"""what an absolute nightmare""",A320,Family Leisure,Economy Class,Prague to London,2022-12-01,1.0,3.2404661016949152,2.7091954022988505,2.636533432947329,1.0,1,1.9310324894901825,0.0,Neutral,0.0,1,4,5,662,what an absolute nightmare,26
"""I detest British Airways""",A319,Business,Economy Class,Heathrow to Glasgow,2023-03-01,1.0,1.0,1.0,1.0,1.0,1,1.0,0.0,Neutral,0.0,1,4,2,196,i detest british airways,10
"""Clean aircraft, good crew, professional""",A321,Business,Economy Class,London Heathrow to Arlanda Stockholm,2023-03-01,5.0,5.0,2.0,2.0,5.0,5,4.0,0.6808,Positive,0.6808,2,5,1,126,clean aircraft good crew professional,59
"""this airline is horrible""",A319,Couple Leisure,Business Class,Portland to Tel Aviv via Heathrow,2023-03-01,2.859667633869692,3.2404661016949152,2.7091954022988505,2.636533432947329,2.755620723362659,1,2.533580549028908,-0.5423,Negative,-0.5423,0,4,1,196,this airline is horrible,10
"""avoid flying British Airways""",A321,Solo Leisure,Business Class,Heathrow to Milan Malpensa,2022-04-01,2.859667633869692,3.2404661016949152,2.7091954022988505,2.636533432947329,1.0,1,2.2409770951351313,-0.296,Negative,-0.296,0,4,1,126,avoid flying british airways,59
"""had better treatment from Ryanair""",A380,Solo Leisure,Economy Class,London to Los Angeles,2023-03-01,1.0,2.0,1.0,1.0,3.0,1,1.5,0.4404,Positive,0.4404,2,5,10,302,had better treatment from ryanair,81
"""Would happily fly them again""",Boeing 777 / A320,Solo Leisure,Economy Class,New York to Istanbul via London,2023-03-01,5.0,5.0,5.0,5.0,5.0,5,5.0,0.5574,Positive,0.5574,2,5,1,5,would happily fly them again,150
"""one drink service on 10 hour flight""",Boeing 747,Couple Leisure,Premium Economy,London Heathrow to Las Vegas,2023-03-01,3.0,2.0,1.0,4.0,2.0,3,2.5,0.0,Neutral,0.0,1,7,4,135,one drink service on  hour flight,117
"""squashed into regular seats""",A321neo,Business,Business Class,London to Cairo,2023-01-01,1.0,2.0,1.0,1.0,3.0,1,1.5,0.0,Neutral,0.0,1,4,5,15,squashed into regular seats,72
"""nice and professional crew""",Boeing 787,Solo Leisure,Economy Class,London Singapore,2023-02-01,3.0,5.0,5.0,4.0,5.0,4,4.333333333333333,0.4215,Positive,0.4215,2,4,1,97,nice and professional crew,172
"""acceptable experience, nothing more""",A380,Business,Business Class,London to Dubai,2023-02-01,2.0,3.0,2.0,3.0,4.0,3,2.8333333333333335,0.3182,Positive,0.3182,2,4,10,302,acceptable experience nothing more,81
"""FA's were very friendly""",A320,Business,Business Class,Brussels to London,2023-02-01,2.0,4.0,4.0,2.6,4.0,4,3.4333333333333336,0.5413,Positive,0.5413,2,4,4,662,fas were very friendly,26
"""original flight was cancelled""",A320 / A380,Family Leisure,Economy Class,Lyon to London,2023-02-01,1.0,4.0,1.0,1.4,1.0,1,1.5666666666666667,0.0772,Positive,0.0772,2,4,2,6,original flight was cancelled,27
"""no better than a low cost airline""",A380,Family Leisure,Economy Class,London to Lyon,2023-02-01,1.0,4.0,1.0,1.0,1.0,1,1.5,0.2023,Positive,0.2023,2,7,3,302,no better than a low cost airline,81
"""they could not serve hot drinks""",A320,Couple Leisure,Economy Class,Faro to Gatwick,2023-02-01,2.0,2.0,1.0,1.4,5.0,2,2.2333333333333334,0.0,Neutral,0.0,1,6,3,662,they could not serve hot drinks,26
"""got virtually free tickets""",A320,Family Leisure,Economy Class,Oslo to London,2023-02-01,3.0,3.0,1.0,1.4,2.0,3,2.2333333333333334,0.5106,Positive,0.5106,2,4,1,662,got virtually free tickets,26
"""found the attitude appalling""",A320,Solo Leisure,Economy Class,London to Madrid,2023-02-01,2.0,1.0,1.0,1.4,1.0,2,1.4000000000000001,-0.3612,Negative,-0.3612,0,4,9,662,found the attitude appalling,26
"""crew were really nice""",Boeing 777-300ER,Couple Leisure,Economy Class,Islamabad to London,2023-02-01,4.0,5.0,2.0,3.0,4.0,5,3.8333333333333335,0.4754,Positive,0.4754,2,4,1,18,crew were really nice,169
"""Lots of cancellations and delays""",A320-200,Couple Leisure,Economy Class,Edinburgh to London,2023-02-01,3.0,2.0,2.7091954022988505,2.636533432947329,1.0,1,2.05762147254103,0.0,Neutral,0.0,1,5,2,14,lots of cancellations and delays,45
"""Overall, very happy with BA""",Boeing 787-9,Couple Leisure,Business Class,Mexico City to London,2023-02-01,5.0,5.0,4.0,4.0,5.0,5,4.666666666666667,0.6115,Positive,0.6115,2,5,1,54,overall very happy with ba,184
"""the best airline I've flown with""",A320,Solo Leisure,Economy Class,Palma to Gatwick,2023-01-01,5.0,5.0,5.0,3.4,5.0,5,4.733333333333333,0.6369,Positive,0.6369,2,6,1,662,the best airline ive flown with,26
"""so determined to help""",A320,Family Leisure,Economy Class,London to Madrid,2023-02-01,5.0,5.0,5.0,3.4,5.0,5,4.733333333333333,0.6249,Positive,0.6249,2,4,9,662,so determined to help,26
"""crew are a credit to BA""",A320,Business,Economy Class,London Heathrow to Glasgow,2023-01-01,5.0,5.0,4.0,2.6,5.0,5,4.433333333333334,0.3818,Positive,0.3818,2,6,3,662,crew are a credit to ba,26
"""catalogue of errors and inconveniences""",A380,Couple Leisure,Premium Economy,London to Buenos Aires,2023-01-01,3.0,1.0,1.0,1.4,4.0,1,1.9000000000000001,-0.34,Negative,-0.34,0,5,2,302,catalogue of errors and inconveniences,81
"""the food was poor""",Boeing 777-300,Solo Leisure,Premium Economy,London to Vancouver,2023-01-01,4.0,4.0,1.0,1.0,4.0,1,2.5,-0.4767,Negative,-0.4767,0,4,11,54,the food was poor,167
"""No more BA for me""",Embraer 190,Solo Leisure,Economy Class,Faro to London,2023-01-01,1.0,2.0,2.7091954022988505,2.636533432947329,4.0,3,2.55762147254103,0.0,Neutral,0.0,1,5,1,15,no more ba for me,202
"""Excellent service""",A380,Solo Leisure,First Class,Heathrow to Johannesburg,2023-01-01,4.0,5.0,4.0,3.0,5.0,4,4.166666666666667,0.5719,Positive,0.5719,2,2,3,302,excellent service,81
"""Sound dinner service""",Boeing 777-200,Couple Leisure,Business Class,Cape Town to London,2023-01-01,4.0,5.0,5.0,4.0,4.0,4,4.333333333333333,0.0,Neutral,0.0,1,3,14,171,sound dinner service,157
"""A really excellent journey""",Boeing 777-300ER,Couple Leisure,Business Class,London to Male,2023-01-01,5.0,5.0,5.0,5.0,5.0,4,4.833333333333333,0.6115,Positive,0.6115,2,4,4,18,a really excellent journey,169
"""flight was one of the worst""",A320,Solo Leisure,Business Class,London to Vienna,2022-12-01,3.0,2.0,1.0,1.4,1.0,1,1.5666666666666667,-0.6249,Negative,-0.6249,0,6,6,662,flight was one of the worst,26
"""there is a race to the bottom""",Boeing 787,Couple Leisure,Economy Class,Johannesburg to Los Angeles via London,2023-01-01,2.0,2.0,2.0,2.0,1.0,2,1.8333333333333333,0.0,Neutral,0.0,1,7,1,97,there is a race to the bottom,172
"""need to cancel the ticket and rebook""",A320,Solo Leisure,Economy Class,London Gatwick to Alicante,2023-01-01,2.859667633869692,3.2404661016949152,2.7091954022988505,2.636533432947329,2.755620723362659,1,2.533580549028908,-0.25,Negative,-0.25,0,7,1,662,need to cancel the ticket and rebook,26
"""very friendly cabin crew""",Boeing 787-8,Family Leisure,Economy Class,London to Tel Aviv,2022-12-01,4.0,5.0,4.0,3.0,4.0,5,4.166666666666667,0.5413,Positive,0.5413,2,4,4,16,very friendly cabin crew,178
"""a good drinks and food service""",Boeing 777-200,Couple Leisure,Business Class,London Heathrow to Cape Town,2023-01-01,3.0,5.0,5.0,5.0,4.0,4,4.333333333333333,0.4404,Positive,0.4404,2,6,2,171,a good drinks and food service,157
"""you should let me use the lounge""",A320,Solo Leisure,Economy Class,Gatwick to Dublin,2023-01-01,3.0,5.0,2.7091954022988505,2.636533432947329,1.0,1,2.55762147254103,0.0,Neutral,0.0,1,7,1,662,you should let me use the lounge,26
"""I find BA incredibly tacky""",A380,Solo Leisure,Premium Economy,London Heathrow to Athens Greece,2022-04-01,3.0,4.0,1.0,1.0,3.0,1,2.1666666666666665,0.0,Neutral,0.0,1,5,2,302,i find ba incredibly tacky,81
"""This flight was so disappointing""",Boeing 777-200,Family Leisure,Economy Class,Atlanta to London,2023-01-01,1.0,1.0,1.0,3.0,1.0,2,1.5,-0.6269,Negative,-0.6269,0,5,3,171,this flight was so disappointing,157
"""just an average airline""",A380,Family Leisure,Economy Class,London to Chicago,2022-12-01,3.0,2.0,3.0,4.0,3.0,2,2.8333333333333335,0.0,Neutral,0.0,1,4,9,302,just an average airline,81
"""Luggage is delayed""",Boeing 747,Family Leisure,Economy Class,Istanbul to Vancouver via Heathrow,2023-01-01,1.0,5.0,1.0,1.0,1.0,1,1.6666666666666667,-0.2263,Negative,-0.2263,0,3,1,135,luggage is delayed,117
"""the worst business class experience I've ever had""","A320, A380",Family Leisure,Business Class,Vienna to Los Angeles via London Heathrow,2023-01-01,1.0,2.0,1.0,1.0,1.0,1,1.1666666666666667,-0.6249,Negative,-0.6249,0,8,1,3,the worst business class experience ive ever had,40
"""not recommended for business class""",Boeing 787,Business,Business Class,London to San francisco,2023-01-01,2.0,5.0,2.0,1.0,2.0,1,2.1666666666666665,-0.1511,Negative,-0.1511,0,5,1,97,not recommended for business class,172
"""surprisingly a good product""",A321,Business,Economy Class,London to Belfast,2023-01-01,4.0,5.0,3.0,3.4,5.0,4,4.066666666666666,0.6249,Positive,0.6249,2,4,6,126,surprisingly a good product,59
"""Maybe the old charm will return soon""",A380,Business,Economy Class,Doha to London,2022-12-01,5.0,3.0,1.0,1.0,5.0,4,3.1666666666666665,0.4019,Positive,0.4019,2,7,1,302,maybe the old charm will return soon,81
"""having to pay to reserve a specific seat""",Boeing 777,Couple Leisure,Business Class,London to Barbados,2022-12-01,3.0,4.0,4.0,2.0,4.0,3,3.3333333333333335,-0.1027,Negative,-0.1027,0,8,4,452,having to pay to reserve a specific seat,145
"""Upgrade was worth it""",Boeing 777,Solo Leisure,Premium Economy,London Gatwick to Cape Town,2022-12-01,3.0,4.0,4.0,2.0,2.0,3,3.0,0.2263,Positive,0.2263,2,4,2,452,upgrade was worth it,145
"""Disappointing meal""",A350,Solo Leisure,Business Class,Cape Town to London,2022-12-01,4.0,3.0,2.0,2.0,1.0,2,2.3333333333333335,-0.4939,Negative,-0.4939,0,2,14,39,disappointing meal,79
"""minimal communication from their team""",A319,Solo Leisure,Economy Class,London Heathrow to Frankfurt,2022-12-01,3.0,3.0,2.7091954022988505,2.636533432947329,1.0,1,2.2242881392076965,0.0,Neutral,0.0,1,5,2,196,minimal communication from their team,10
"""felt misguided and misinformed""",Boeing 777,Family Leisure,Economy Class,Vancouver to Delhi via London,2022-12-01,2.859667633869692,3.2404661016949152,2.7091954022988505,2.636533432947329,2.755620723362659,1,2.533580549028908,-0.3818,Negative,-0.3818,0,4,1,452,felt misguided and misinformed,145
"""Flight perfectly on time""",A320,Couple Leisure,Economy Class,Marseille to London,2022-12-01,3.0,3.0,2.0,2.0,4.0,5,3.1666666666666665,0.6369,Positive,0.6369,2,4,2,662,flight perfectly on time,26
"""treat your customers like idiots""",Boeing 777-300,Couple Leisure,First Class,London to Male,2022-12-01,2.0,2.0,1.0,1.0,3.0,1,1.6666666666666667,0.6369,Positive,0.6369,2,5,4,54,treat your customers like idiots,167
"""cancelled only 4 hours before take off""",A320,Solo Leisure,Economy Class,Keflavik to London Heathrow,2022-12-01,2.0,3.0,2.7091954022988505,2.636533432947329,1.0,1,2.05762147254103,-0.25,Negative,-0.25,0,7,2,662,cancelled only  hours before take off,26
"""have to use other airlines now""",A319,Business,Business Class,London Heathrow to Frankfurt,2022-10-01,3.0,4.0,3.0,3.4,1.0,1,2.566666666666667,0.0,Neutral,0.0,1,6,2,196,have to use other airlines now,10
"""my suitcase didn’t arrive with me""",Boeing 747-400,Solo Leisure,Economy Class,London Heathrow to Bangkok via Doha,2022-12-01,2.0,2.0,2.0,2.0,1.0,1,1.6666666666666667,0.0,Neutral,0.0,1,6,1,275,my suitcase didnt arrive with me,129
"""Cabin crew - Treated passengers as an inconvenience""",Boeing 777,Couple Leisure,Premium Economy,London Gatwick to Cancun,2022-11-01,4.0,1.0,1.0,3.0,1.0,1,1.8333333333333333,-0.3612,Negative,-0.3612,0,8,4,452,cabin crew  treated passengers as an inconvenience,145
"""luggage was finally delivered on Thursday""",Boeing 747,Solo Leisure,Premium Economy,London to Phoenix,2022-12-01,3.0,5.0,4.0,3.0,1.0,4,3.3333333333333335,0.0,Neutral,0.0,1,6,6,135,luggage was finally delivered on thursday,117
"""improvements needed with their ground staff2",A321,Business,Business Class,London to Rome,2022-12-01,4.0,4.0,5.0,3.4,1.0,4,3.5666666666666664,0.3182,Positive,0.3182,2,6,6,126,improvements needed with their ground staff,59
"""appallingly uncomfortable flights""",Boeing 777,Couple Leisure,Business Class,Barbados to London Heathrow,2022-12-01,1.0,1.0,1.0,1.0,1.0,1,1.0,-0.6808,Negative,-0.6808,0,3,1,452,appallingly uncomfortable flights,145
"""Cabin crew very good""",Boeing 777-200,Solo Leisure,Economy Class,Doha to  Gatwick,2022-11-01,2.0,5.0,4.0,4.0,3.0,5,3.8333333333333335,0.4927,Positive,0.4927,2,4,1,171,cabin crew very good,157
"""late and delayed""",A320,Business,Business Class,Glasgow to London,2022-12-01,5.0,5.0,3.0,3.0,5.0,3,4.0,-0.2263,Negative,-0.2263,0,3,4,662,late and delayed,26
"""learned my lesson about late BA upgrades""",Boeing 777,Couple Leisure,Premium Economy,London to Boston,2022-12-01,3.0,4.0,3.0,3.4,3.0,3,3.233333333333333,0.0,Neutral,0.0,1,7,10,452,learned my lesson about late ba upgrades,145
"""No curtain between business and economy class""",A320,Solo Leisure,Business Class,London to Prague,2022-11-01,2.0,1.0,1.0,1.4,2.0,1,1.4000000000000001,0.0,Neutral,0.0,1,7,2,662,no curtain between business and economy class,26
"""electronics are very poor""",Boeing 767,Business,Business Class,London to Larnaca,2022-12-01,1.0,3.2404661016949152,2.7091954022988505,2.636533432947329,2.0,3,2.4310324894901822,-0.5256,Negative,-0.5256,0,4,7,68,electronics are very poor,140
"""couldn't even order any food / drink""",A321Neo,Family Leisure,Economy Class,Cairo to London,2022-12-01,3.0,2.0,1.0,1.4,3.0,2,2.066666666666667,0.0,Neutral,0.0,1,7,4,5,couldnt even order any food  drink,71
"""My bag never showed up""",Boeing 787-9,Business,Economy Class,Denver to London,2022-12-01,1.0,1.0,1.0,3.0,1.0,1,1.3333333333333333,0.0,Neutral,0.0,1,5,4,54,my bag never showed up,184
"""eventually make good on their promise""",A320,Solo Leisure,Business Class,London to Marrakech,2022-06-01,3.0,5.0,5.0,3.4,4.0,3,3.9,0.6369,Positive,0.6369,2,6,2,662,eventually make good on their promise,26
"""Extremely sub-par service""",A380,Solo Leisure,Economy Class,San Francisco to London,2022-11-01,2.0,1.0,2.0,2.0,3.0,2,2.0,0.0,Neutral,0.0,1,3,10,302,extremely subpar service,81
"""the service was excellent""",A320,Solo Leisure,Business Class,London to Lisbon,2022-11-01,3.0,4.0,4.0,2.6,3.0,3,3.266666666666667,0.5719,Positive,0.5719,2,4,6,662,the service was excellent,26
"""I thoroughly enjoyed my flight""",Boeing 787 / A320,Solo Leisure,Economy Class,Montreal to Edinburgh via London Heathrow,2022-01-01,4.0,4.0,4.0,4.0,4.0,4,4.0,0.5563,Positive,0.5563,2,5,1,6,i thoroughly enjoyed my flight,174
"""wouldn't let me check-in until 24 hours before""",Boeing 747,Solo Leisure,Economy Class,Miami to Budapest via London,2022-11-01,2.0,3.0,3.0,4.0,1.0,1,2.3333333333333335,0.0,Neutral,0.0,1,8,1,135,wouldnt let me checkin until  hours before,117
"""Will honestly never fly them again if I can help it""",Boeing 777,Solo Leisure,Premium Economy,Amman Jordan to London UK (Heathrow),2022-11-01,3.0,2.0,1.0,1.4,4.0,2,2.2333333333333334,0.6908,Positive,0.6908,2,11,1,452,will honestly never fly them again if i can help it,145
"""Very unprofessional for a renowned airline like BA""",Embraer 190,Solo Leisure,Economy Class,Dusseldorf to London via Los Angeles,2022-08-01,1.0,1.0,1.0,1.0,1.0,1,1.0,-0.2716,Negative,-0.2716,0,8,1,15,very unprofessional for a renowned airline like ba,202
"""lounge was overcrowded and worn out""",Boeing 777,Solo Leisure,Business Class,London to Cape Town,2022-11-01,4.0,2.0,1.0,4.0,1.0,1,2.1666666666666665,-0.296,Negative,-0.296,0,6,15,452,lounge was overcrowded and worn out,145
"""very uncomfortable trip""",Boeing 747,Solo Leisure,Economy Class,Milan to Dallas via London,2022-11-01,2.0,5.0,2.0,2.0,2.0,1,2.3333333333333335,-0.4391,Negative,-0.4391,0,3,1,135,very uncomfortable trip,117
"""rate this just as a mediocre journey""",Boeing 787-8,Solo Leisure,Economy Class,Baltimore to London Heathrow,2022-11-01,1.0,3.0,3.0,1.0,2.0,3,2.1666666666666665,0.0,Neutral,0.0,1,7,2,16,rate this just as a mediocre journey,178
"""baggage yet to be delivered after 5 weeks""",Boeing 777-200,Couple Leisure,Business Class,Dubai to Belfast via London,2022-10-01,3.0,3.0,3.0,2.0,1.0,1,2.1666666666666665,0.0,Neutral,0.0,1,8,1,171,baggage yet to be delivered after  weeks,157
"""misplaced our luggage during our wedding trip""",Boeing 747,Couple Leisure,Economy Class,Dallas to Bologna via London,2022-07-01,5.0,5.0,2.7091954022988505,2.636533432947329,1.0,1,2.890954805874363,0.0,Neutral,0.0,1,7,1,135,misplaced our luggage during our wedding trip,117
"""zero faith in British Airways""",A380,Solo Leisure,Economy Class,San Francisco to London,2022-10-01,2.859667633869692,3.2404661016949152,2.7091954022988505,2.636533432947329,1.0,1,2.2409770951351313,0.4215,Positive,0.4215,2,5,10,302,zero faith in british airways,81
"""under whelmed by the experience""",A320,Solo Leisure,Economy Class,London Heathrow to Gibraltar,2022-10-01,2.0,1.0,1.0,1.4,3.0,3,1.9000000000000001,0.0,Neutral,0.0,1,5,4,662,under whelmed by the experience,26
"""about as abysmal as you can get""",Boeing 777,Solo Leisure,Business Class,London Heathrow to Nairobi,2022-10-01,3.0,1.0,1.0,2.0,1.0,1,1.5,0.0,Neutral,0.0,1,7,3,452,about as abysmal as you can get,145
"""has returned to full service""",A350-1000,Solo Leisure,Business Class,London to Los Angeles,2022-10-01,5.0,4.0,5.0,5.0,3.0,5,4.5,0.0,Neutral,0.0,1,5,10,10,has returned to full service,80
"""this flight was quite good""",A320,Solo Leisure,Business Class,Copenhagen to Heathrow,2022-10-01,3.0,5.0,5.0,3.4,4.0,5,4.233333333333333,0.4927,Positive,0.4927,2,5,1,662,this flight was quite good,26
"""no attempt to provide fresh or hot foo""",A320,Family Leisure,Economy Class,Larnaca to London,2022-10-01,1.0,2.0,1.0,1.0,2.0,2,1.5,0.3182,Positive,0.3182,2,8,2,662,no attempt to provide fresh or hot foo,26
"""A very positive experience""",Boeing 787-10,Couple Leisure,Business Class,Atlanta to London,2022-10-01,5.0,4.0,4.0,5.0,5.0,4,4.5,0.5984,Positive,0.5984,2,4,3,1,a very positive experience,177
"""Baggage took 3/4 hour to be delivered""",A380,Solo Leisure,Business Class,Madrid to San Francisco via London,2022-09-01,3.0,1.0,1.0,4.0,3.0,1,2.1666666666666665,0.0,Neutral,0.0,1,7,1,302,baggage took  hour to be delivered,81
"""cabin crew were very pleasant and helpful""",A380,Solo Leisure,Economy Class,London to Washington,2022-10-01,3.0,5.0,5.0,3.0,2.0,5,3.8333333333333335,0.7688,Positive,0.7688,2,7,6,302,cabin crew were very pleasant and helpful,81
"""Very rude and unhelpful staff""",A380,Couple Leisure,Economy Class,London to San Francisco,2022-10-01,1.0,1.0,3.0,3.0,1.0,1,1.6666666666666667,-0.5095,Negative,-0.5095,0,5,8,302,very rude and unhelpful staff,81
"""cabin crew were very helping""",B777-200,Solo Leisure,Economy Class,London to Delhi,2022-10-01,2.0,2.0,1.0,3.0,4.0,1,2.1666666666666665,0.3597,Positive,0.3597,2,5,8,8,cabin crew were very helping,108
"""All in all BA was just fine""",Boeing 777-300,Couple Leisure,Economy Class,London to Los Angeles,2022-10-01,3.0,4.0,3.0,4.0,4.0,4,3.6666666666666665,0.2023,Positive,0.2023,2,7,10,54,all in all ba was just fine,167
"""recommend BA's new Club Class""",Boeing 777,Couple Leisure,Business Class,Miami to London Heathrow,2022-10-01,5.0,5.0,3.0,2.0,4.0,3,3.6666666666666665,0.3612,Positive,0.3612,2,5,7,452,recommend bas new club class,145
"""Would recommend""",A380,Solo Leisure,Business Class,Dubai to London,2022-10-01,4.0,4.0,4.0,2.0,4.0,3,3.5,0.3612,Positive,0.3612,2,2,5,302,would recommend,81
"""hit the  call button, no response for an hour""",A320neo,Couple Leisure,Economy Class,London to Cairo,2022-10-01,1.0,1.0,1.0,1.4,4.0,1,1.5666666666666667,-0.296,Negative,-0.296,0,9,5,9,hit the  call button no response for an hour,58
"""She was attentive, warm, friendly""",Boeing 777,Solo Leisure,Business Class,Orlando to London Gatwick,2022-10-01,5.0,5.0,5.0,5.0,5.0,4,4.833333333333333,0.6249,Positive,0.6249,2,5,1,452,she was attentive warm friendly,145
"""cramped single aisle aircraft""",A321neo,Business,Economy Class,London to Cairo,2022-10-01,2.0,4.0,1.0,1.4,3.0,1,2.066666666666667,0.0,Neutral,0.0,1,4,5,15,cramped single aisle aircraft,72
"""it was an OK experience""",A380,Couple Leisure,Economy Class,Dallas to London,2022-09-01,2.0,4.0,2.0,4.0,4.0,3,3.1666666666666665,0.4466,Positive,0.4466,2,5,2,302,it was an ok experience,81
"""wait for cases at Heathrow T5""",A319,Couple Leisure,Business Class,Jersey to London Heathrow,2022-09-01,4.0,4.0,4.0,2.6,3.0,4,3.6,0.0,Neutral,0.0,1,6,1,196,wait for cases at heathrow t,10
"""cabin crew are usually exceptional""",A320,Couple Leisure,Business Class,London Heathrow to Jersey,2022-09-01,4.0,5.0,4.0,2.6,3.0,4,3.766666666666667,0.0,Neutral,0.0,1,5,1,662,cabin crew are usually exceptional,26
"""I still found it underwhelming""",A320-200,Solo Leisure,Business Class,Istanbul to London Heathrow,2022-09-01,1.0,3.0,2.0,1.0,3.0,2,2.0,0.0,Neutral,0.0,1,5,3,14,i still found it underwhelming,45
"""At least the food tasted good""",Boeing 777-200,Solo Leisure,Business Class,London Heathrow to New York JFK,2022-09-01,5.0,4.0,4.0,4.0,5.0,5,4.5,0.4404,Positive,0.4404,2,6,7,171,at least the food tasted good,157
"""I will never travel BA again""",A319,Business,Economy Class,Gothenburg to Jersey via London,2022-06-01,2.0,2.0,2.7091954022988505,2.636533432947329,1.0,1,1.8909548058743633,0.0,Neutral,0.0,1,6,1,196,i will never travel ba again,10
"""Couldn’t fault anything""",A380 / Boeing 777,Solo Leisure,Premium Economy,Heathrow to Mexico City,2022-09-01,5.0,5.0,5.0,5.0,5.0,5,5.0,-0.4019,Negative,-0.4019,0,3,1,4,couldnt fault anything,85
"""personnel was just magnificent""",Boeing 777,Solo Leisure,Economy Class,London to Tampa,2022-09-01,5.0,5.0,5.0,5.0,5.0,5,5.0,0.5994,Positive,0.5994,2,4,6,452,personnel was just magnificent,145
"""Should be more snacks on board""",Boeing 777,Solo Leisure,Economy Class,Sydney to London via Singapore,2022-09-01,1.0,3.0,2.0,5.0,4.0,2,2.8333333333333335,0.0,Neutral,0.0,1,6,8,452,should be more snacks on board,145
"""Crew were friendly""",A320,Couple Leisure,Economy Class,London to Lisbon,2022-09-01,4.0,5.0,1.0,1.4,3.0,3,2.9,0.4939,Positive,0.4939,2,3,6,662,crew were friendly,26
"""very short leg space""",A320,Business,Business Class,London to Istanbul,2022-09-01,1.0,1.0,1.0,1.4,1.0,1,1.0666666666666667,0.0,Neutral,0.0,1,4,10,662,very short leg space,26
"""staff were no help and frankly rude""",A320,Couple Leisure,Economy Class,London to Manchester,2022-09-01,4.0,1.0,2.0,1.0,1.0,1,1.6666666666666667,-0.6437,Negative,-0.6437,0,7,4,662,staff were no help and frankly rude,26
"""Flight was cancelled at the last minute""",Boeing 777,Family Leisure,Economy Class,London to Rome,2022-08-01,4.0,4.0,3.0,3.4,1.0,2,2.9,-0.25,Negative,-0.25,0,7,6,452,flight was cancelled at the last minute,145
"""I have to write a positive review""",Boeing 777,Couple Leisure,Business Class,London Gatwick to Malaga,2022-09-01,3.0,5.0,5.0,1.0,4.0,3,3.5,0.5574,Positive,0.5574,2,7,1,452,i have to write a positive review,145
"""review is for BA booking system""",A320,Business,Economy Class,Heathrow to Tenerife,2021-11-01,2.859667633869692,3.2404661016949152,2.7091954022988505,2.636533432947329,2.755620723362659,1,2.533580549028908,0.0,Neutral,0.0,1,6,1,662,review is for ba booking system,26
"""I will not be flying BA again""",A320,Couple Leisure,Economy Class,Manchester to Seattle via London,2022-08-01,3.0,2.0,1.0,2.0,4.0,3,2.5,0.0,Neutral,0.0,1,7,2,662,i will not be flying ba again,26
"""not been recompensed for our expenses""",A380,Couple Leisure,Premium Economy,San Francisco to London,2022-04-01,2.0,1.0,2.0,3.0,1.0,1,1.6666666666666667,0.0,Neutral,0.0,1,6,10,302,not been recompensed for our expenses,81
"""she went above and beyond""",A319,Couple Leisure,Economy Class,Berlin to London City,2022-08-01,3.0,5.0,4.0,2.6,2.0,4,3.4333333333333336,0.0,Neutral,0.0,1,5,2,196,she went above and beyond,10
"""Hard working crew""",Boeing 787,Couple Leisure,Economy Class,Tel Aviv to London,2022-08-01,5.0,5.0,5.0,5.0,3.0,4,4.5,-0.1027,Negative,-0.1027,0,3,2,97,hard working crew,172
"""Philippines Airlines require a 24 hr negative covid test""",A320,Solo Leisure,Business Class,London to Manila via Singapore,2022-06-01,1.0,1.0,1.0,1.0,1.0,1,1.0,-0.5719,Negative,-0.5719,0,9,1,662,philippines airlines require a  hr negative covid test,26
"""not worth the risk of travelling with BA""",A320,Solo Leisure,Economy Class,London to Barcelona,2022-06-01,1.0,2.0,1.0,1.4,1.0,1,1.2333333333333334,0.0382,Neutral,0.0382,1,8,5,662,not worth the risk of travelling with ba,26
"""cancelled my return flight""",A380,Business,Business Class,Los Angeles to Thessaloniki via London,2022-06-01,2.0,2.0,1.0,1.4,1.0,1,1.4000000000000001,-0.25,Negative,-0.25,0,4,1,302,cancelled my return flight,81
"""staff were so friendly""",A319,Couple Leisure,Economy Class,Boston to Dublin via London,2022-08-01,5.0,5.0,5.0,5.0,5.0,5,5.0,0.6269,Positive,0.6269,2,4,1,196,staff were so friendly,10
"""amazing at her job""",Boeing 747,Couple Leisure,Economy Class,London to New York,2022-07-01,5.0,5.0,5.0,5.0,5.0,3,4.666666666666667,0.5859,Positive,0.5859,2,4,9,135,amazing at her job,117
"""no food available for the 4 year old""",Boeing 777,Family Leisure,Economy Class,Cape Town to London Heathrow,2022-08-01,2.0,1.0,1.0,3.0,4.0,3,2.3333333333333335,0.0,Neutral,0.0,1,8,7,452,no food available for the  year old,145
"""We had a nice flight""",Boeing 747-400,Couple Leisure,Premium Economy,Dallas Ft Worth to London,2022-05-01,3.0,5.0,5.0,3.4,4.0,4,4.066666666666666,0.4215,Positive,0.4215,2,5,1,275,we had a nice flight,129
"""2 suitcases lost in 2 flights""",A320,Family Leisure,Economy Class,London to Amsterdam,2022-07-01,1.0,1.0,1.0,1.4,1.0,1,1.0666666666666667,-0.3182,Negative,-0.3182,0,6,8,662, suitcases lost in  flights,26
"""Some things just do not change at BA""",A320,Solo Leisure,Business Class,London to Marrakesh,2022-06-01,1.0,1.0,1.0,1.0,1.0,1,1.0,0.0,Neutral,0.0,1,8,2,662,some things just do not change at ba,26
"""I have not received my refund""",A319,Solo Leisure,Economy Class,Accra to London,2021-11-01,2.859667633869692,3.2404661016949152,2.7091954022988505,2.636533432947329,1.0,1,2.2409770951351313,0.0,Neutral,0.0,1,6,2,196,i have not received my refund,10
"""has taken a nosedive in my opinion""",Boeing 787,Solo Leisure,Economy Class,Nairobi to New York via London,2022-07-01,3.0,5.0,3.0,3.4,3.0,1,3.0666666666666664,0.0,Neutral,0.0,1,7,2,97,has taken a nosedive in my opinion,172
"""A good flight overall""",A380,Family Leisure,Business Class,San Francisco to London,2022-07-01,4.0,5.0,4.0,4.0,4.0,4,4.166666666666667,0.4404,Positive,0.4404,2,4,10,302,a good flight overall,81
"""managed to lose my luggage""",A320,Solo Leisure,Economy Class,London to Amman,2022-05-01,1.0,1.0,2.7091954022988505,2.636533432947329,1.0,1,1.5576214725410298,-0.4019,Negative,-0.4019,0,5,3,662,managed to lose my luggage,26
"""get us on a flight 5 days later""",Boeing 777-300,Family Leisure,Economy Class,Edinburgh to Washington via London,2022-07-01,2.0,2.0,2.0,2.0,1.0,1,1.6666666666666667,0.0,Neutral,0.0,1,8,1,54,get us on a flight  days later,167
"""refund process is non responsive""",A319,Couple Leisure,Economy Class,Vancouver to Amsterdam via London,2022-06-01,5.0,5.0,5.0,5.0,1.0,1,3.6666666666666665,0.3612,Positive,0.3612,2,5,1,196,refund process is non responsive,10
"""Seat was very uncomfortable""",A350-1000,Couple Leisure,Economy Class,Sao Paulo to Heathrow,2022-07-01,1.0,2.0,3.0,1.0,3.0,3,2.1666666666666665,-0.4391,Negative,-0.4391,0,4,1,10,seat was very uncomfortable,80
"""let down by chaotic check-in and boarding""",A321,Couple Leisure,Economy Class,London to Reykjavik,2022-05-01,3.0,4.0,1.0,1.4,1.0,4,2.4,-0.4939,Negative,-0.4939,0,7,3,126,let down by chaotic checkin and boarding,59
"""Crew were attentive and charming""",A321,Business,Economy Class,Belfast to London,2022-07-01,4.0,5.0,2.0,2.0,2.0,4,3.1666666666666665,0.5859,Positive,0.5859,2,5,7,126,crew were attentive and charming,59
"""become an absolute nightmare""",A320,Business,Business Class,London to Malaga,2022-07-01,2.859667633869692,3.2404661016949152,2.7091954022988505,2.636533432947329,2.755620723362659,1,2.533580549028908,0.0,Neutral,0.0,1,4,7,662,become an absolute nightmare,26
"""wonderful BA representative""",Boeing 777,Couple Leisure,Business Class,London to Toronto,2022-07-01,5.0,5.0,5.0,5.0,5.0,5,5.0,0.5719,Positive,0.5719,2,3,10,452,wonderful ba representative,145
"""Overall a good flight""",A350,Family Leisure,Business Class,London to Los Angeles,2022-07-01,4.0,4.0,4.0,5.0,5.0,4,4.333333333333333,0.4404,Positive,0.4404,2,4,10,39,overall a good flight,79
"""disappointed and angry""",A380,Family Leisure,Economy Class,Washington to London,2022-07-01,1.0,1.0,2.7091954022988505,2.636533432947329,1.0,1,1.5576214725410298,-0.7506,Negative,-0.7506,0,3,10,302,disappointed and angry,81
"""lack of practical assistance""",Boeing 777-200,Solo Leisure,Premium Economy,Nairobi to New York via London,2022-07-01,1.0,1.0,1.0,1.0,1.0,1,1.0,-0.3182,Negative,-0.3182,0,4,2,171,lack of practical assistance,157
"""they have no idea where our bags are""",Embraer 190,Couple Leisure,Business Class,Dublin to London City,2022-07-01,4.0,4.0,3.0,3.4,1.0,1,2.733333333333333,-0.296,Negative,-0.296,0,8,4,15,they have no idea where our bags are,202
"""Limited TV and movie selections""","A320, Boeing 787",Solo Leisure,Premium Economy,Venice to Baltimore via London Heathrow,2022-07-01,3.0,3.0,3.0,2.0,1.0,2,2.3333333333333335,-0.2263,Negative,-0.2263,0,5,1,1,limited tv and movie selections,44
"""seat reservation fees are non refundable""",A350-1000,Couple Leisure,Premium Economy,London to Nairobi,2022-06-01,2.859667633869692,3.2404661016949152,2.7091954022988505,2.636533432947329,2.755620723362659,1,2.533580549028908,0.0,Neutral,0.0,1,6,3,10,seat reservation fees are non refundable,80
"""cabin crew seemed to really struggle with service""",A350,Couple Leisure,Economy Class,London Heathrow to Johannesburg,2022-06-01,1.0,3.0,3.0,2.0,2.0,4,2.5,-0.3804,Negative,-0.3804,0,8,3,39,cabin crew seemed to really struggle with service,79
"""Overall not happy at all""",A321,Family Leisure,Economy Class,Belfast to London,2022-06-01,2.859667633869692,3.2404661016949152,2.7091954022988505,2.636533432947329,1.0,1,2.2409770951351313,-0.4585,Negative,-0.4585,0,5,7,126,overall not happy at all,59
"""do not allow free seat selection",Boeing 747 / 777,Family Leisure,Business Class,No Route,2022-06-01,2.0,2.0,2.0,2.0,1.0,1,1.6666666666666667,-0.5216,Negative,-0.5216,0,6,6,9,do not allow free seat selection,119
"""Really not fair to just take our money!""",A321,Couple Leisure,Economy Class,London to Paris,2021-07-01,1.0,1.0,1.0,1.0,1.0,1,1.0,-0.3679,Negative,-0.3679,0,8,8,126,really not fair to just take our money,59
"""Trying to call BA was a nightmare""",Boeing 747,Business,Business Class,Miami to Paris,2022-06-01,3.0,4.0,4.0,2.0,3.0,1,2.8333333333333335,0.0,Neutral,0.0,1,7,1,135,trying to call ba was a nightmare,117
"""flight was delayed over 6 hours""",Boeing 747-400 / 777-200,Family Leisure,Economy Class,Edmonton to Cairo,2022-06-01,2.0,2.0,1.0,1.0,1.0,2,1.5,-0.2263,Negative,-0.2263,0,6,1,2,flight was delayed over  hours,132
"""No respect with the customer!""",Boeing 777-200,Couple Leisure,Premium Economy,Amsterdam to Montreal via London,2022-06-01,2.0,2.0,2.0,2.0,2.0,2,2.0,0.5255,Positive,0.5255,2,5,1,171,no respect with the customer,157
"""BA cancelled my flight, I never got on it""",A380,Solo Leisure,Economy Class,Hong Kong to London,2022-04-01,2.859667633869692,3.2404661016949152,2.7091954022988505,2.636533432947329,2.755620723362659,1,2.533580549028908,-0.25,Negative,-0.25,0,9,11,302,ba cancelled my flight i never got on it,81
"""think twice to take BA in the future""",A321,Family Leisure,Economy Class,Belfast to London,2022-06-01,3.0,1.0,2.0,2.0,1.0,1,1.6666666666666667,0.0,Neutral,0.0,1,8,7,126,think twice to take ba in the future,59
"""I guess BA has selected the lowest budget option""",A350,Business,Economy Class,London to Johannesburg,2022-06-01,1.0,4.0,1.0,2.0,3.0,2,2.1666666666666665,-0.3818,Negative,-0.3818,0,9,21,39,i guess ba has selected the lowest budget option,79
"""Good old times of being a glamour flying BA has far gone""",A320,Couple Leisure,Economy Class,Paris CDG to London Heathrow,2022-06-01,1.0,4.0,1.0,1.0,2.0,1,1.6666666666666667,0.743,Positive,0.743,2,12,1,662,good old times of being a glamour flying ba has far gone,26
"""food choice and quality was poor""",A319,Couple Leisure,Business Class,Portland to London,2022-06-01,2.0,4.0,2.0,2.0,4.0,2,2.6666666666666665,-0.4767,Negative,-0.4767,0,6,1,196,food choice and quality was poor,10
"""BA standards continue to slip""",A320,Business,Business Class,London to Malaga,2022-06-01,3.0,2.0,2.0,2.0,2.0,3,2.3333333333333335,0.0,Neutral,0.0,1,5,7,662,ba standards continue to slip,26
"""Right now do not use British Airways""",A320,Couple Leisure,Economy Class,Boston to Edinburgh via Heathrow,2022-06-01,1.0,4.0,4.0,3.0,1.0,1,2.3333333333333335,0.0,Neutral,0.0,1,7,1,662,right now do not use british airways,26
"""never use this company again""",A320-200,Couple Leisure,Economy Class,Edmonton to Santorini via Toronto / London,2022-06-01,1.0,1.0,2.7091954022988505,2.636533432947329,1.0,1,1.5576214725410298,0.0,Neutral,0.0,1,5,1,14,never use this company again,45
"""a fairly disappointing experience""",A380,Solo Leisure,Economy Class,Vancouver to London,2022-06-01,1.0,2.0,1.0,3.0,2.0,3,2.0,-0.4939,Negative,-0.4939,0,4,17,302,a fairly disappointing experience,81
"""Club Suite seats a huge improvement""",Boeing 777-200,Couple Leisure,Business Class,London to san Francisco,2022-06-01,4.0,4.0,3.0,5.0,2.0,4,3.6666666666666665,0.6486,Positive,0.6486,2,6,1,171,club suite seats a huge improvement,157
"""had to hand in my hand luggage""",A320,Business,Economy Class,London to Amsterdam,2022-06-01,2.0,2.0,2.7091954022988505,2.636533432947329,2.0,1,2.05762147254103,0.7506,Positive,0.7506,2,7,8,662,had to hand in my hand luggage,26
"""BA are putting the 'economy' back in premium economy""",Boeing 777,Couple Leisure,Premium Economy,Cancun to London Gatwick,2022-06-01,4.0,3.0,2.0,4.0,3.0,3,3.1666666666666665,0.0,Neutral,0.0,1,9,1,452,ba are putting the economy back in premium economy,145
"""no information where my luggage is""",A350,Couple Leisure,Economy Class,Phoenix to Hamburg via London,2022-06-01,2.0,2.0,3.0,4.0,1.0,1,2.1666666666666665,0.0,Neutral,0.0,1,6,1,39,no information where my luggage is,79
"""This airline is a complete disaster""",A321,Family Leisure,Business Class,Dallas Fort-Worth to Toulouse via London,2022-06-01,1.0,1.0,1.0,1.0,1.0,1,1.0,-0.6249,Negative,-0.6249,0,6,1,126,this airline is a complete disaster,59
"""the nicest crew I've ever had""",A320,Couple Leisure,Business Class,London to Thira,2022-06-01,5.0,5.0,5.0,3.4,5.0,5,4.733333333333333,0.4939,Positive,0.4939,2,6,1,662,the nicest crew ive ever had,26
"""she went above and beyond""",Boeing 777,Family Leisure,Economy Class,Islamabad to Manchester via Gatwick,2022-04-01,5.0,5.0,5.0,3.4,5.0,4,4.566666666666666,0.0,Neutral,0.0,1,5,1,452,she went above and beyond,145
"""crew made the flight outstanding""",A380,Solo Leisure,Business Class,Vancouver to London,2022-06-01,4.0,5.0,3.0,4.0,2.0,5,3.8333333333333335,0.6124,Positive,0.6124,2,5,17,302,crew made the flight outstanding,81
"""Overall it was a great flight""",Boeing 777-300ER,Business,Economy Class,London to Boston,2022-05-01,4.0,5.0,5.0,3.4,5.0,3,4.233333333333333,0.6249,Positive,0.6249,2,6,10,18,overall it was a great flight,169
"""provide a hassle free flight to my son""",A380,Solo Leisure,Economy Class,Johannesburg to Toronto via London,2022-05-01,4.0,4.0,4.0,2.6,4.0,3,3.6,0.5106,Positive,0.5106,2,8,1,302,provide a hassle free flight to my son,81
"""finally agreed to refund my baggage charge""",Boeing 767,Couple Leisure,Economy Class,Zurich to London,2022-02-01,2.859667633869692,3.2404661016949152,2.7091954022988505,2.636533432947329,1.0,1,2.2409770951351313,0.2732,Positive,0.2732,2,7,5,68,finally agreed to refund my baggage charge,140
"""Crew were good but lacked the personal touch""",Boeing 777,Couple Leisure,Business Class,Johannesburg to London Heathrow,2022-04-01,4.0,4.0,3.0,3.4,3.0,3,3.4,0.2382,Positive,0.2382,2,8,2,452,crew were good but lacked the personal touch,145
"""do not recommend this airline""",A380,Couple Leisure,Business Class,Miami to Zurich via London,2022-05-01,4.0,3.0,3.0,4.0,1.0,1,2.6666666666666665,-0.2755,Negative,-0.2755,0,5,1,302,do not recommend this airline,81
"""I will never use them again""",Boeing 777-300,Family Leisure,Economy Class,Bridgetown to London,2022-05-01,1.0,5.0,1.0,3.0,3.0,1,2.3333333333333335,0.0,Neutral,0.0,1,6,2,54,i will never use them again,167
"""they should be ashamed""",A320,Family Leisure,Business Class,London to Malaga,2022-05-01,2.859667633869692,3.2404661016949152,2.7091954022988505,2.636533432947329,2.755620723362659,2,2.7002472156955744,-0.4767,Negative,-0.4767,0,4,7,662,they should be ashamed,26
"""economy style with an unsold middle seat""",Embraer 190,Couple Leisure,Business Class,Dubrovnik to London,2022-05-01,2.0,2.0,1.0,1.4,4.0,1,1.9000000000000001,0.0,Neutral,0.0,1,7,1,15,economy style with an unsold middle seat,202
"""Amsterdam is the worst airport I have experienced""",A320,Couple Leisure,Economy Class,Amsterdam to London,2022-05-01,2.0,1.0,1.0,1.4,1.0,1,1.2333333333333334,-0.6249,Negative,-0.6249,0,8,9,662,amsterdam is the worst airport i have experienced,26
"""They actually give me a voucher""",Boeing 787-9,Business,Economy Class,Columbus to Nairobi via Chicago / London,2022-05-01,2.859667633869692,3.2404661016949152,2.7091954022988505,2.636533432947329,2.755620723362659,1,2.533580549028908,0.0,Neutral,0.0,1,6,1,54,they actually give me a voucher,184
"""battling a long overdue refund""",A319,Solo Leisure,Economy Class,London to Geneva,2022-03-01,2.859667633869692,3.2404661016949152,2.7091954022988505,2.636533432947329,2.755620723362659,1,2.533580549028908,-0.2732,Negative,-0.2732,0,5,4,196,battling a long overdue refund,10
"""I will never fly with them again""",Boeing 777,Solo Leisure,Business Class,London to Mauritius,2022-03-01,2.859667633869692,3.2404661016949152,2.7091954022988505,2.636533432947329,1.0,1,2.2409770951351313,0.0,Neutral,0.0,1,7,2,452,i will never fly with them again,145
"""one excuse after another with BA these days""",A320,Solo Leisure,Economy Class,London Heathrow to Malaga,2022-05-01,3.0,2.0,1.0,1.0,1.0,3,1.8333333333333333,0.0772,Positive,0.0772,2,8,4,662,one excuse after another with ba these days,26
"""Cancelled connection flight""",A319 / Boeing 777,Solo Leisure,Economy Class,Basel to Johannesburg via London,2022-05-01,1.0,2.0,2.0,2.0,1.0,2,1.6666666666666667,-0.25,Negative,-0.25,0,3,1,5,cancelled connection flight,16
"""no cabin divider in the aircraft""",A320,Couple Leisure,Business Class,Athens to London,2022-05-01,2.0,4.0,3.0,3.4,3.0,2,2.9,0.0,Neutral,0.0,1,6,10,662,no cabin divider in the aircraft,26
"""worth the extra money for Premium Economy""",Boeing 787,Solo Leisure,Premium Economy,London to Mexico City,2022-04-01,5.0,4.0,4.0,3.0,4.0,4,4.0,0.2263,Positive,0.2263,2,7,3,97,worth the extra money for premium economy,172
"""decline in customer service""",A319,Business,Economy Class,Glasgow to New York,2022-05-01,3.0,4.0,4.0,4.0,1.0,1,2.8333333333333335,0.0,Neutral,0.0,1,4,1,196,decline in customer service,10
"""I’m extremely frustrated""",A380,Solo Leisure,Economy Class,London Heathrow to Los Angeles,2022-05-01,1.0,5.0,2.7091954022988505,2.636533432947329,4.0,1,2.724288139207696,-0.5709,Negative,-0.5709,0,3,3,302,im extremely frustrated,81
"""Staff very friendly and professional""",Boeing 777,Solo Leisure,Premium Economy,Dubai to Milan Malpensa via London,2022-05-01,5.0,5.0,5.0,5.0,5.0,5,5.0,0.5413,Positive,0.5413,2,5,1,452,staff very friendly and professional,145
"""upgrade had been given away to someone else""",A380,Solo Leisure,Economy Class,Los Angeles to London,2022-05-01,2.859667633869692,3.2404661016949152,2.7091954022988505,2.636533432947329,2.755620723362659,1,2.533580549028908,0.0,Neutral,0.0,1,8,12,302,upgrade had been given away to someone else,81
"""discrepancy with the baggage allowance""",Boeing 777,Solo Leisure,Economy Class,London to Cape Town,2022-04-01,2.0,1.0,2.0,2.0,1.0,1,1.5,0.0,Neutral,0.0,1,5,15,452,discrepancy with the baggage allowance,145
"""thank you for the great service""",Boeing 777-300ER,Solo Leisure,Economy Class,São Paulo to Milan via London,2022-04-01,5.0,5.0,5.0,5.0,5.0,5,5.0,0.765,Positive,0.765,2,6,1,18,thank you for the great service,169
"""food was first class, nothing was too much for the staff""",A321 Neo,Family Leisure,Business Class,Madrid to London Heathrow,2022-04-01,3.0,5.0,5.0,3.4,5.0,4,4.233333333333333,0.0,Neutral,0.0,1,11,7,4,food was first class nothing was too much for the staff,64
"""Overall a very pleasant trip""",A320,Couple Leisure,Business Class,Dubrovnik to London Heathrow,2022-04-01,4.0,5.0,5.0,3.4,5.0,5,4.566666666666666,0.5563,Positive,0.5563,2,5,1,662,overall a very pleasant trip,26
"""have lost all patience with this airline""",A320,Business,Business Class,London to Aberdeen,2022-04-01,1.0,2.0,1.0,1.4,3.0,1,1.5666666666666667,-0.3182,Negative,-0.3182,0,7,3,662,have lost all patience with this airline,26
"""BA have no intention of resolving this""",A320,Solo Leisure,Business Class,Pisa to London Heathrow,2022-03-01,1.0,1.0,1.0,1.0,1.0,1,1.0,0.1027,Positive,0.1027,2,7,3,662,ba have no intention of resolving this,26
"""absolutely shocking service""",Boeing 737 800,Couple Leisure,Economy Class,Johannesburg to Durban,2022-04-01,1.0,1.0,1.0,1.4,1.0,1,1.0666666666666667,-0.4576,Negative,-0.4576,0,3,1,1,absolutely shocking service,113
"""was a really bad experience""",A320,Couple Leisure,Economy Class,Gothenburg to Manchester via London,2022-04-01,3.0,3.0,1.0,1.4,1.0,1,1.7333333333333334,-0.5849,Negative,-0.5849,0,5,1,662,was a really bad experience,26
"""lots of space and privacy, very good seat""",Boeing 787,Solo Leisure,Business Class,Chicago to London,2022-03-01,5.0,5.0,5.0,4.0,3.0,4,4.333333333333333,0.4927,Positive,0.4927,2,8,6,97,lots of space and privacy very good seat,172
"""been an appalling experience""",Boeing 767,Couple Leisure,Economy Class,Riyadh to Nice via London,2022-04-01,2.0,3.0,2.0,3.0,1.0,2,2.1666666666666665,-0.3612,Negative,-0.3612,0,4,1,68,been an appalling experience,140
"""such terrible customer service""",A320,Couple Leisure,Business Class,London to Glasgow,2022-04-01,2.859667633869692,3.2404661016949152,2.7091954022988505,2.636533432947329,2.755620723362659,1,2.533580549028908,-0.4767,Negative,-0.4767,0,4,5,662,such terrible customer service,26
"""The service was very good""",A380,Family Leisure,Economy Class,Glasgow to Washington via London,2022-04-01,4.0,5.0,4.0,3.0,4.0,3,3.8333333333333335,0.4927,Positive,0.4927,2,5,1,302,the service was very good,81
"""BA is becoming more and more shambolic""",A320neo,Business,Business Class,Malaga to London,2022-04-01,2.0,4.0,2.0,2.0,2.0,2,2.3333333333333335,0.0,Neutral,0.0,1,7,4,9,ba is becoming more and more shambolic,58
"""Shout out to the help desk at Heathrow""",A320,Couple Leisure,Economy Class,Nice to Dallas via London,2022-04-01,5.0,5.0,4.0,5.0,5.0,4,4.666666666666667,0.4019,Positive,0.4019,2,8,1,662,shout out to the help desk at heathrow,26
"""watched their decline with great sadness""",A321,Solo Leisure,Economy Class,London to Paris,2022-03-01,1.0,1.0,1.0,1.4,1.0,3,1.4000000000000001,0.296,Positive,0.296,2,6,8,126,watched their decline with great sadness,59
"""disgraceful that a full fare paying passenger should be treated like this""",A320 / Boeing 777,Couple Leisure,Business Class,Phoenix to Paris via London,2022-04-01,3.0,2.0,2.0,1.0,2.0,2,2.0,0.3612,Positive,0.3612,2,12,1,3,disgraceful that a full fare paying passenger should be treated like this,30
"""Generally a positive experience""",Boeing 777-200,Business,Business Class,Phoenix to London Heathrow,2022-04-01,5.0,5.0,5.0,5.0,4.0,5,4.833333333333333,0.5574,Positive,0.5574,2,4,2,171,generally a positive experience,157
"""most terrible airline I’ve dealt with""",Boeing 777,Couple Leisure,Economy Class,Santorini to Los Angeles via London,2022-04-01,1.0,1.0,1.0,1.4,1.0,1,1.0666666666666667,-0.5256,Negative,-0.5256,0,6,1,452,most terrible airline ive dealt with,145
"""caused our family extreme stress and disappointment""",Boeing 777,Family Leisure,Business Class,London to Tokyo,2022-06-01,2.859667633869692,3.2404661016949152,2.7091954022988505,2.636533432947329,2.755620723362659,1,2.533580549028908,-0.7688,Negative,-0.7688,0,7,4,452,caused our family extreme stress and disappointment,145
"""a virtually flawless experience""",Embraer,Solo Leisure,Business Class,Edinburgh to London City,2022-04-01,5.0,5.0,5.0,3.4,5.0,4,4.566666666666666,0.5106,Positive,0.5106,2,4,4,18,a virtually flawless experience,200
"""New Club Suites are amazing""",Boeing 777-200ER,Solo Leisure,Business Class,Vancouver to London,2022-03-01,4.0,4.0,4.0,4.0,2.0,5,3.8333333333333335,0.5859,Positive,0.5859,2,5,17,10,new club suites are amazing,163
"""Service was good but food not so""",A319,Couple Leisure,Business Class,London to Venice,2022-03-01,2.0,4.0,2.0,2.0,2.0,3,2.5,0.2382,Positive,0.2382,2,7,4,196,service was good but food not so,10
"""still no refunds 3 months on""",A320,Business,Business Class,London to Barcelona,2022-04-01,1.0,1.0,1.0,1.4,1.0,1,1.0666666666666667,-0.296,Negative,-0.296,0,6,5,662,still no refunds  months on,26
"""old Club Class a huge disappointment""",Boeing 777,Couple Leisure,Business Class,Barbados to Heathrow,2022-03-01,2.0,3.0,3.0,1.0,4.0,3,2.6666666666666665,-0.25,Negative,-0.25,0,6,1,452,old club class a huge disappointment,145
"""Spent an hour checking in""",A319,Business,Economy Class,Heathrow to Bologna,2022-04-01,1.0,1.0,2.7091954022988505,2.636533432947329,1.0,1,1.5576214725410298,0.0,Neutral,0.0,1,5,1,196,spent an hour checking in,10
"""Onboard 10/10, getting to be onboard 1/10""",A320,Business,Business Class,Geneva to London,2022-04-01,4.0,5.0,4.0,2.6,1.0,4,3.4333333333333336,0.0,Neutral,0.0,1,7,6,662,onboard  getting to be onboard ,26
"""Food and service appalling""",A380,Solo Leisure,Economy Class,London to Singapore,2022-04-01,1.0,1.0,1.0,1.0,1.0,1,1.0,-0.3612,Negative,-0.3612,0,4,8,302,food and service appalling,81
"""stop nickel and diming""",Boeing 777,Couple Leisure,Business Class,London to Barbados,2022-03-01,4.0,5.0,4.0,2.0,4.0,4,3.8333333333333335,-0.296,Negative,-0.296,0,4,4,452,stop nickel and diming,145
"""you can and need to do better than this""",Boeing 777,Couple Leisure,Business Class,Cape Town to London Heathrow,2022-03-01,3.0,3.0,1.0,1.4,3.0,1,2.066666666666667,0.4404,Positive,0.4404,2,9,7,452,you can and need to do better than this,145
"""the limited food served was bland""",Boeing 747-400,Couple Leisure,Economy Class,Sydney to Heathrow,2022-03-01,3.0,1.0,1.0,1.0,2.0,4,2.0,-0.2263,Negative,-0.2263,0,6,1,275,the limited food served was bland,129
"""Complete and utter chaos""",A320,Business,Business Class,London to Malaga,2022-03-01,2.0,1.0,2.0,1.0,1.0,1,1.3333333333333333,-0.6115,Negative,-0.6115,0,4,7,662,complete and utter chaos,26
"""There is no customer support""",Boeing 767,Couple Leisure,Economy Class,Austin to London via Dublin,2022-03-01,2.0,1.0,2.0,2.0,1.0,1,1.5,-0.5358,Negative,-0.5358,0,5,1,68,there is no customer support,140
"""packed-like-sardines Club World product""",Boeing 777-200,Couple Leisure,Business Class,Cape Town to London,2022-03-01,2.0,1.0,1.0,2.0,3.0,2,1.8333333333333333,0.0,Neutral,0.0,1,4,14,171,packedlikesardines club world product,157
"""I couldn’t check in online""",A320,Couple Leisure,Economy Class,London Heathrow to Funchal,2022-03-01,3.0,3.0,1.0,1.4,1.0,3,2.066666666666667,0.0,Neutral,0.0,1,5,1,662,i couldnt check in online,26
"""flight to Antalya in May 2022 was cancelled""",A319,Couple Leisure,Economy Class,Gatwick to Antalya,2022-03-01,2.859667633869692,3.2404661016949152,2.7091954022988505,2.636533432947329,2.755620723362659,1,2.533580549028908,-0.25,Negative,-0.25,0,8,2,196,flight to antalya in may  was cancelled,10
"""If I had the option I would not fly BA""",Boeing 787-9,Couple Leisure,Economy Class,London to Austin,2022-03-01,4.0,1.0,1.0,1.0,1.0,3,1.8333333333333333,0.0,Neutral,0.0,1,10,3,54,if i had the option i would not fly ba,184
"""The food was awful""",Boeing 777-300,Couple Leisure,Premium Economy,Dubai to Heathrow,2022-03-01,3.0,2.0,1.0,3.0,4.0,2,2.5,-0.4588,Negative,-0.4588,0,4,1,54,the food was awful,167
"""really can’t believe they have the audacity to call this First Class""",Boeing 787-900,Solo Leisure,First Class,Singapore to London,2022-03-01,5.0,1.0,1.0,4.0,2.0,2,2.5,0.0,Neutral,0.0,1,12,12,8,really cant believe they have the audacity to call this first class,190
"""overall very medium experience""",A350,Family Leisure,Economy Class,Dublin to Dubai via London,2022-03-01,3.0,4.0,3.0,1.0,3.0,3,2.8333333333333335,0.0,Neutral,0.0,1,4,1,39,overall very medium experience,79
"""Ryanair has more finesse""",A321 neo,Couple Leisure,Economy Class,London Heathrow to Cairo,2022-02-01,1.0,3.0,1.0,1.4,1.0,1,1.4000000000000001,0.0,Neutral,0.0,1,4,3,11,ryanair has more finesse,66
"""never use BA again for a long haul flight""",Boeing 777,Couple Leisure,Premium Economy,Male to London,2022-03-01,4.0,2.0,2.0,3.0,4.0,3,3.0,0.0,Neutral,0.0,1,9,2,452,never use ba again for a long haul flight,145
"""can't be reached on the phone""",Boeing 787-9,Business,Economy Class,Copenhagen to London,2022-03-01,2.0,2.0,1.0,1.4,1.0,1,1.4000000000000001,-0.0762,Negative,-0.0762,0,6,4,54,cant be reached on the phone,184
"""downgraded at airport check in""",Boeing 747-400,Family Leisure,Premium Economy,New York to London,2022-03-01,1.0,3.0,3.0,3.0,1.0,1,2.0,0.0,Neutral,0.0,1,5,8,275,downgraded at airport check in,129
"""Absolutely shambolic customer service""",A321-neo,Business,Business Class,London Heathrow to Sofia,2021-08-01,3.0,5.0,2.0,2.0,1.0,2,2.5,0.0,Neutral,0.0,1,4,5,1,absolutely shambolic customer service,68
"""worst customer service""",Boeing 747,Family Leisure,Economy Class,Athens to Boston via London,2021-10-01,2.0,3.0,2.0,2.0,1.0,1,1.8333333333333333,-0.6249,Negative,-0.6249,0,3,1,135,worst customer service,117
"""First time using BA premium and likely my last""",Boeing 777,Solo Leisure,Premium Economy,Cape Town to Glasgow via London,2022-02-01,3.0,3.0,2.0,3.0,2.0,3,2.6666666666666665,0.0,Neutral,0.0,1,9,1,452,first time using ba premium and likely my last,145
"""the most shambolic customer support""",Boeing 777-200,Business,Business Class,Bangalore to London,2022-03-01,3.0,4.0,1.0,1.0,2.0,1,2.0,0.4522,Positive,0.4522,2,5,2,171,the most shambolic customer support,157
"""smacks of continued cost-cutting""",Boeing 777-200,Couple Leisure,Business Class,London to Cape Town,2022-03-01,3.0,3.0,2.0,1.0,3.0,3,2.5,0.0,Neutral,0.0,1,4,15,171,smacks of continued costcutting,157
"""continues to go downhill""",A320,Couple Leisure,Business Class,Lisbon to London,2022-02-01,1.0,3.0,1.0,1.4,3.0,1,1.7333333333333334,0.0,Neutral,0.0,1,4,8,662,continues to go downhill,26
"""this flight was excellent""",A350,Solo Leisure,Premium Economy,Vancouver to London,2022-02-01,4.0,5.0,5.0,5.0,4.0,5,4.666666666666667,0.5719,Positive,0.5719,2,4,17,39,this flight was excellent,79
"""scrapped the mandatory wearing of face masks""",A320,Business,Business Class,London to Malaga,2022-02-01,3.0,3.0,2.0,2.0,3.0,2,2.5,0.0772,Positive,0.0772,2,7,7,662,scrapped the mandatory wearing of face masks,26
"""got it all wrong with 6 hours delay""",A322,Business,Economy Class,London to Athens,2022-02-01,2.0,3.0,1.0,1.4,1.0,1,1.5666666666666667,-0.6597,Negative,-0.6597,0,8,11,1,got it all wrong with  hours delay,73
"""could not rebook via BA’s website""",A319,Solo Leisure,Economy Class,London to Edinburgh,2022-02-01,2.859667633869692,3.2404661016949152,2.7091954022988505,2.636533432947329,1.0,1,2.2409770951351313,0.0,Neutral,0.0,1,6,7,196,could not rebook via bas website,10
"""T5 arrivals lounge was excellent""",Boeing 787-9,Family Leisure,Business Class,Washington to London,2022-02-01,4.0,5.0,4.0,4.0,5.0,4,4.333333333333333,0.5719,Positive,0.5719,2,5,10,54,t arrivals lounge was excellent,184
"""minimal leg room in economy""",A320Neo,Couple Leisure,Economy Class,Accra to London,2022-01-01,1.0,2.0,1.0,1.0,1.0,1,1.1666666666666667,0.0,Neutral,0.0,1,5,2,6,minimal leg room in economy,57
"""very disengaged management model""",A320,Business,Business Class,Dublin to London,2022-02-01,2.859667633869692,3.2404661016949152,2.7091954022988505,2.636533432947329,2.755620723362659,1,2.533580549028908,0.0,Neutral,0.0,1,4,5,662,very disengaged management model,26
"""BA got everything right""",Boeing 787-9,Family Leisure,Business Class,London to Washington,2022-02-01,4.0,5.0,5.0,4.0,5.0,4,4.5,0.0,Neutral,0.0,1,4,6,54,ba got everything right,184
"""Appalling customer service""",A320,Family Leisure,Business Class,London to Porto,2022-02-01,2.859667633869692,3.2404661016949152,2.7091954022988505,2.636533432947329,2.755620723362659,1,2.533580549028908,-0.3612,Negative,-0.3612,0,3,1,662,appalling customer service,26
"""cabin crews remain the best in the business""",A380,Solo Leisure,Business Class,Washington to London,2021-12-01,5.0,5.0,5.0,3.4,4.0,5,4.566666666666666,0.6369,Positive,0.6369,2,8,10,302,cabin crews remain the best in the business,81
"""such a nice employee""",Boeing 777-200,Couple Leisure,Economy Class,Montréal to Dubai via London,2022-02-01,2.859667633869692,3.2404661016949152,2.7091954022988505,2.636533432947329,2.755620723362659,4,3.033580549028908,0.4215,Positive,0.4215,2,4,1,171,such a nice employee,157
"""think that BA are getting their mojo back again""",Boeing 787-9,Couple Leisure,Business Class,Atlanta to Belfast via Heathrow,2022-01-01,4.0,5.0,4.0,4.0,5.0,5,4.5,0.0,Neutral,0.0,1,9,1,54,think that ba are getting their mojo back again,184
"""Performance of the flight deck was up to its usual high standard""",Boeing 777,Couple Leisure,Business Class,Cape Town to London Heathrow,2022-01-01,3.0,4.0,2.0,4.0,3.0,3,3.1666666666666665,0.0,Neutral,0.0,1,12,7,452,performance of the flight deck was up to its usual high standard,145
"""BA has a lot to do to regain its standing""",Boeing 777,Couple Leisure,Business Class,London Heathrow to Orlando,2022-01-01,2.0,4.0,3.0,1.0,3.0,3,2.6666666666666665,0.0,Neutral,0.0,1,10,1,452,ba has a lot to do to regain its standing,145
"""Utterly appalling company""",A380,Couple Leisure,Economy Class,London Heathrow to Dubai,2022-01-01,2.0,1.0,1.0,2.0,1.0,1,1.3333333333333333,-0.4201,Negative,-0.4201,0,3,8,302,utterly appalling company,81
"""I said I wanted 20-25% back off my holiday""",Boeing 777-200 and A319,Solo Leisure,Economy Class,New York to Newcastle via London,2021-11-01,3.0,4.0,4.0,4.0,1.0,4,3.3333333333333335,0.4019,Positive,0.4019,2,9,1,2,i said i wanted  back off my holiday,161
"""return trip was disappointing""",Boeing 737-800,Couple Leisure,Business Class,Cape Town to Durban,2022-01-01,3.0,2.0,3.0,3.4,4.0,3,3.0666666666666664,-0.4939,Negative,-0.4939,0,4,1,6,return trip was disappointing,115
"""staff was very kind and friendly""",Boeing 747-400,Solo Leisure,Economy Class,Durban to Cape Town,2022-01-01,5.0,5.0,5.0,3.4,5.0,5,4.733333333333333,0.7996,Positive,0.7996,2,6,2,275,staff was very kind and friendly,129
"""complete disregard for your passengers""",Boeing 777,Solo Leisure,Business Class,Bangalore to Detroit via London,2022-01-01,4.0,2.0,1.0,3.0,1.0,1,2.0,-0.2732,Negative,-0.2732,0,5,1,452,complete disregard for your passengers,145
"""decline into a sub-par service""",Boeing 747-400,Business,Economy Class,New York to London,2022-01-01,1.0,1.0,2.0,3.0,1.0,2,1.6666666666666667,0.0,Neutral,0.0,1,5,8,275,decline into a subpar service,129
"""very basic generic airline""",A350,Business,Economy Class,Las Vegas to London,2022-01-01,1.0,4.0,1.0,1.0,1.0,1,1.5,0.0,Neutral,0.0,1,4,3,39,very basic generic airline,79
"""doors cannot close till take off""",Boeing 777,Couple Leisure,Business Class,London to Dubai,2021-10-01,2.0,1.0,1.0,3.0,1.0,1,1.5,0.0,Neutral,0.0,1,6,10,452,doors cannot close till take off,145
"""sort ground service at Warsaw Airport""",A320,Family Leisure,Economy Class,Warsaw to London,2021-12-01,2.0,4.0,2.7091954022988505,2.636533432947329,1.0,2,2.390954805874363,-0.0258,Neutral,-0.0258,1,6,3,662,sort ground service at warsaw airport,26
"""a pretty poor show by BA""",A319,Business,Business Class,Glasgow to London Heathrow,2021-12-01,2.0,1.0,1.0,1.4,2.0,1,1.4000000000000001,0.0258,Neutral,0.0258,1,6,1,196,a pretty poor show by ba,10
"""seats are a huge improvement""",Boeing 777,Couple Leisure,Business Class,London to Cape Town,2021-12-01,3.0,3.0,2.0,5.0,4.0,3,3.3333333333333335,0.6486,Positive,0.6486,2,5,15,452,seats are a huge improvement,145
"""they've yet to respond""",Boeing 777,Solo Leisure,Premium Economy,London to Tampa,2021-11-01,1.0,1.0,2.7091954022988505,2.636533432947329,1.0,1,1.5576214725410298,0.0,Neutral,0.0,1,4,6,452,theyve yet to respond,145
"""Very nice return flight with BA""",A320-200,Solo Leisure,Business Class,Edinburgh to London,2021-12-01,4.0,5.0,4.0,2.6,5.0,4,4.1000000000000005,0.4754,Positive,0.4754,2,6,2,14,very nice return flight with ba,45
"""Overall a very lovely flight""",A320-200,Solo Leisure,Business Class,London to Edinburgh,2021-12-01,4.0,5.0,5.0,3.4,3.0,4,4.066666666666666,0.624,Positive,0.624,2,5,7,14,overall a very lovely flight,45
"""the legroom was appalling""",A380,Family Leisure,Economy Class,London Heathrow to Los Angeles,2021-12-01,1.0,4.0,1.0,1.0,2.0,1,1.6666666666666667,-0.3612,Negative,-0.3612,0,4,3,302,the legroom was appalling,81
"""friendly and keen to please""",Boeing 777,Business,Economy Class,London to St Lucia,2021-12-01,5.0,5.0,4.0,2.6,5.0,5,4.433333333333334,0.7906,Positive,0.7906,2,5,1,452,friendly and keen to please,145
"""Food and drinks choices and tastes amazing""",Boeing 787,Couple Leisure,First Class,London to Chicago,2021-11-01,4.0,5.0,5.0,3.0,4.0,4,4.166666666666667,0.5859,Positive,0.5859,2,7,9,97,food and drinks choices and tastes amazing,172
"""BA hang your head in shame""",A320,Solo Leisure,Business Class,London to Istanbul,2021-12-01,1.0,2.0,3.0,1.0,1.0,2,1.6666666666666667,-0.4767,Negative,-0.4767,0,6,10,662,ba hang your head in shame,26
"""just used the new Club World""",Boeing 777,Couple Leisure,Business Class,Dubai to London Heaathrow,2021-12-01,4.0,2.0,3.0,4.0,1.0,4,3.0,0.0,Neutral,0.0,1,6,1,452,just used the new club world,145
"""waited for my bags for 3 hours""",A320,Solo Leisure,Economy Class,London to Aberdeen,2021-12-01,2.859667633869692,3.2404661016949152,2.7091954022988505,2.636533432947329,1.0,1,2.2409770951351313,0.0,Neutral,0.0,1,7,3,662,waited for my bags for  hours,26
"""certainly make us avoid BA in future""",Boeing 777,Couple Leisure,Business Class,London Gatwick to Cancun,2021-12-01,1.0,5.0,3.0,2.0,5.0,3,3.1666666666666665,0.0516,Positive,0.0516,2,7,4,452,certainly make us avoid ba in future,145
"""I am still waiting for an answer""",Boeing 777 -200,Business,Business Class,Kingston to London,2021-08-01,1.0,2.0,2.0,3.0,2.0,1,1.8333333333333333,0.0,Neutral,0.0,1,7,2,3,i am still waiting for an answer,147
"""BA did nothing to ease the process""",B777-200,Family Leisure,Business Class,London to Delhi,2021-01-01,1.0,1.0,1.0,1.0,1.0,1,1.0,-0.2755,Negative,-0.2755,0,7,8,8,ba did nothing to ease the process,108
"""I don't even get an apology""",A319,Solo Leisure,Economy Class,Washington DC to Moscow via London,2021-12-01,1.0,1.0,2.7091954022988505,2.636533432947329,1.0,1,1.5576214725410298,0.0516,Positive,0.0516,2,6,1,196,i dont even get an apology,10
"""whole experience was stressful, costly""",A380,Solo Leisure,Economy Class,Singapore to London,2021-07-01,3.0,4.0,1.0,3.0,1.0,1,2.1666666666666665,-0.5719,Negative,-0.5719,0,5,12,302,whole experience was stressful costly,81
"""British Airways had rebooked with Delta""",Boeing 747-400,Family Leisure,Economy Class,Cairo to Portland via London / Seattle,2021-11-01,2.859667633869692,3.2404661016949152,2.7091954022988505,2.636533432947329,1.0,1,2.2409770951351313,0.0,Neutral,0.0,1,6,1,275,british airways had rebooked with delta,129
"""British Airways happy to encourage the spread of Covid""",A320,Business,Business Class,London Heathrow to Paris CDG,2021-11-01,3.0,4.0,4.0,2.6,1.0,3,2.9333333333333336,0.7906,Positive,0.7906,2,9,3,662,british airways happy to encourage the spread of covid,26
"""was refused an early check in""",A320neo,Business,Business Class,Manchester to London Heathrow,2021-11-01,1.0,3.2404661016949152,2.7091954022988505,2.636533432947329,1.0,2,2.097699156156849,-0.296,Negative,-0.296,0,6,1,9,was refused an early check in,58
"""The crew failed to work as a team""",A321 neo,Solo Leisure,Business Class,London to Tenerife,2021-11-01,3.0,2.0,3.0,3.4,4.0,2,2.9,-0.5106,Negative,-0.5106,0,8,2,11,the crew failed to work as a team,66
"""an OK experience with a great cabin crew""",A321 neo,Solo Leisure,Business Class,Tenerife to London,2021-11-01,4.0,5.0,5.0,3.4,4.0,4,4.233333333333333,0.7925,Positive,0.7925,2,8,2,11,an ok experience with a great cabin crew,66
"""Crew good, seats very uncomfortable""",A320,Solo Leisure,Economy Class,Stockholm to London Heathrow,2021-11-01,1.0,5.0,1.0,1.4,1.0,2,1.9000000000000001,0.0018,Neutral,0.0018,1,5,3,662,crew good seats very uncomfortable,26
"""my booked seat is not available""",Embraer,Business,Economy Class,Frankfurt to London,2021-11-01,2.859667633869692,3.2404661016949152,2.7091954022988505,2.636533432947329,1.0,1,2.2409770951351313,0.0,Neutral,0.0,1,6,5,18,my booked seat is not available,200
"""penny pinching by BA in club class""",A320neo,Couple Leisure,Business Class,London Heathrow to Tenerife South,2021-11-01,3.0,3.0,1.0,1.4,2.0,1,1.9000000000000001,0.0,Neutral,0.0,1,7,1,9,penny pinching by ba in club class,58
"""only just about recommend""",A320 Neo,Couple Leisure,Business Class,Heathrow to Tenerife South,2021-11-01,2.0,5.0,3.0,3.4,3.0,3,3.233333333333333,0.3612,Positive,0.3612,2,4,1,2,only just about recommend,37
"""They are so unorganized and slow!""",Boeing 747-400,Solo Leisure,Economy Class,London to Chicago,2021-11-01,1.0,2.0,2.0,2.0,1.0,1,1.5,0.0,Neutral,0.0,1,6,9,275,they are so unorganized and slow,129
"""Customer service is non existent""",Boeing 787-8,Solo Leisure,Economy Class,London to Mexico,2021-10-01,2.0,3.0,2.0,5.0,2.0,2,2.6666666666666665,0.0,Neutral,0.0,1,5,1,16,customer service is non existent,178
"""their customer service is a shambles""",Boeing 777,Couple Leisure,Economy Class,Manchester to Nassau via London,2021-10-01,2.0,2.0,2.0,2.0,1.0,1,1.6666666666666667,0.0,Neutral,0.0,1,6,1,452,their customer service is a shambles,145
"""Poorly mismanaged services""",A321,Family Leisure,Economy Class,Mumbai to Dublin via London,2021-11-01,3.0,2.0,2.0,3.0,2.0,3,2.5,0.0,Neutral,0.0,1,3,1,126,poorly mismanaged services,59
"""Their customer service is a shambles""",Boeing 747-400 & A320/321,Solo Leisure,Premium Economy,Gibraltar to London,2021-11-01,4.0,4.0,2.7091954022988505,2.636533432947329,1.0,3,2.890954805874363,0.0,Neutral,0.0,1,6,1,2,their customer service is a shambles,130
"""Good professional crew""",A321,Business,Economy Class,Belfast to London,2021-11-01,4.0,5.0,4.0,2.6,4.0,4,3.9333333333333336,0.4404,Positive,0.4404,2,3,7,126,good professional crew,59
"""Not dreadful but something for BA to think about""",A321,Family Leisure,Business Class,Larnaca to London Heathrow,2021-10-01,2.0,4.0,2.0,2.0,3.0,3,2.6666666666666665,0.1786,Positive,0.1786,2,9,6,126,not dreadful but something for ba to think about,59
"""could not have asked for better service""",A320,Couple Leisure,Business Class,Lisbon to London Heathrow,2021-09-01,4.0,4.0,4.0,2.6,5.0,4,3.9333333333333336,0.4404,Positive,0.4404,2,7,3,662,could not have asked for better service,26
"""BA at its best""",Boeing 787,Couple Leisure,Premium Economy,Madrid to London,2021-10-01,4.0,5.0,5.0,4.0,3.0,5,4.333333333333333,0.6369,Positive,0.6369,2,4,9,97,ba at its best,172
"""boarding was chaos""",A320NEO,Family Leisure,Economy Class,London to Bologna,2021-10-01,5.0,5.0,3.0,3.4,2.0,4,3.733333333333333,-0.5719,Negative,-0.5719,0,3,4,3,boarding was chaos,56
"""This time it was good value""",A321 Neo,Business,Economy Class,London to Alicante,2021-10-01,1.0,4.0,4.0,2.6,4.0,5,3.4333333333333336,0.6486,Positive,0.6486,2,6,1,4,this time it was good value,64
"""nothing bad about food but nothing great either""",A321,Family Leisure,Business Class,London to Larnaca,2021-10-01,3.0,5.0,3.0,2.0,4.0,4,3.5,-0.5448,Negative,-0.5448,0,8,7,126,nothing bad about food but nothing great either,59
"""Who’d have thought BA could ever make Ryanair look like an attractive option""",A320,Business,Economy Class,Prague to London,2021-10-01,4.0,5.0,2.7091954022988505,2.636533432947329,1.0,1,2.724288139207696,0.6597,Positive,0.6597,2,13,5,662,whod have thought ba could ever make ryanair look like an attractive option,26
"""it was an absolute delight""",Boeing 767,Couple Leisure,Economy Class,Male to London,2021-10-01,5.0,5.0,5.0,5.0,5.0,5,5.0,0.5994,Positive,0.5994,2,5,2,68,it was an absolute delight,140
"""plane was clean and air quality very good""",Boeing 777,Solo Leisure,Premium Economy,London to Toronto,2021-10-01,3.0,3.0,4.0,4.0,4.0,4,3.6666666666666665,0.7089,Positive,0.7089,2,8,10,452,plane was clean and air quality very good,145
"""Overall a very enjoyable flight""",A350,Business,Business Class,London to Toronto,2021-10-01,5.0,5.0,5.0,5.0,5.0,5,5.0,0.4927,Positive,0.4927,2,5,10,39,overall a very enjoyable flight,79
"""a clear case of BA mis-selling""",A320,Solo Leisure,Business Class,London Heathrow to Athens Greece,2021-09-01,2.0,4.0,4.0,3.0,4.0,1,3.0,0.3818,Positive,0.3818,2,6,2,662,a clear case of ba misselling,26
"""voucher is valid for another two years""",Boeing 747-400,Solo Leisure,Economy Class,London to Cayman Islands,2020-11-01,2.859667633869692,3.2404661016949152,2.7091954022988505,2.636533432947329,2.755620723362659,1,2.533580549028908,0.0,Neutral,0.0,1,7,1,275,voucher is valid for another two years,129
"""Check-in was longer than normal""",A320,Family Leisure,Economy Class,London to Prague,2021-10-01,1.0,1.0,1.0,1.4,1.0,2,1.2333333333333334,0.0,Neutral,0.0,1,5,2,662,checkin was longer than normal,26
"""Drinks and meal service was efficient""",A321,Couple Leisure,Business Class,Larnaca to London Heathrow,2021-10-01,3.0,4.0,3.0,3.4,4.0,4,3.5666666666666664,0.4215,Positive,0.4215,2,6,6,126,drinks and meal service was efficient,59
"""no response to my emails/messages""",A320,Couple Leisure,Economy Class,Heathrow to Manchester,2021-08-01,2.859667633869692,3.2404661016949152,2.7091954022988505,2.636533432947329,1.0,1,2.2409770951351313,0.0,Neutral,0.0,1,5,3,662,no response to my emailsmessages,26
"""crew were so unorganised""",A380,Business,Business Class,London to Jersey,2021-09-01,2.0,1.0,2.7091954022988505,2.636533432947329,1.0,1,1.7242881392076965,0.0,Neutral,0.0,1,4,1,302,crew were so unorganised,81
"""impressed with their customer service""",Boeing 747-400,Solo Leisure,Premium Economy,Denver to London,2021-10-01,5.0,5.0,2.7091954022988505,2.636533432947329,5.0,5,4.2242881392076965,0.4767,Positive,0.4767,2,5,4,275,impressed with their customer service,129
"""ordinary BA domestic flight""",A321,Business,Economy Class,Belfast to London,2021-09-01,4.0,3.0,3.0,3.4,4.0,5,3.733333333333333,0.0,Neutral,0.0,1,4,7,126,ordinary ba domestic flight,59
"""our national flag carrier is being comfortably out performed by budget airlines""",A320,Couple Leisure,Economy Class,Manchester to Aberdeen via Heathrow,2021-08-01,1.0,1.0,1.0,1.4,1.0,1,1.0666666666666667,0.4215,Positive,0.4215,2,12,1,662,our national flag carrier is being comfortably out performed by budget airlines,26
"""got to the hotel and no dinner for us""",A320neo,Couple Leisure,Business Class,London Heathrow to Tenerife south,2021-09-01,3.0,1.0,2.0,2.0,1.0,1,1.6666666666666667,-0.296,Negative,-0.296,0,9,1,9,got to the hotel and no dinner for us,58
"""Such indifference and lackadaisical attitude""",Boeing 747,Business,Business Class,London to New York,2021-09-01,3.0,1.0,1.0,2.0,3.0,4,2.3333333333333335,-0.4215,Negative,-0.4215,0,5,9,135,such indifference and lackadaisical attitude,117
"""Post-COVID lunch remains restricted""",A320,Couple Leisure,Business Class,London Heathrow to Larnaca,2021-09-01,3.0,3.0,3.0,3.4,3.0,3,3.0666666666666664,-0.3818,Negative,-0.3818,0,4,3,662,postcovid lunch remains restricted,26
"""in the air great service""",A320,Family Leisure,Business Class,London to Lisbon,2021-09-01,3.0,5.0,4.0,2.6,3.0,4,3.6,0.6249,Positive,0.6249,2,5,6,662,in the air great service,26
"""No check in staff for Economy""",Embraer,Solo Leisure,Economy Class,Frankfurt to London,2021-09-01,4.0,4.0,1.0,1.4,1.0,1,2.066666666666667,0.0,Neutral,0.0,1,6,5,18,no check in staff for economy,200
"""No refund for flights cancelled""",A319,Business,Economy Class,Geneva to Sao Paulo via London,2020-10-01,2.859667633869692,3.2404661016949152,2.7091954022988505,2.636533432947329,2.755620723362659,1,2.533580549028908,-0.25,Negative,-0.25,0,5,1,196,no refund for flights cancelled,10
"""I wasn't allocated a seat""",Boeing 777,Family Leisure,Economy Class,Abuja to London,2021-09-01,2.859667633869692,3.2404661016949152,2.7091954022988505,2.636533432947329,1.0,3,2.5743104284684644,0.0,Neutral,0.0,1,5,1,452,i wasnt allocated a seat,145
"""stupidity of this whole situation""",A320,Business,Business Class,Mykonos to New York via London,2021-08-01,2.859667633869692,3.2404661016949152,2.7091954022988505,2.636533432947329,2.755620723362659,1,2.533580549028908,-0.4404,Negative,-0.4404,0,5,1,662,stupidity of this whole situation,26
"""lost the connecting flight to Tirana""",Boeing 747-400,Solo Leisure,Economy Class,Boston to Tirana London,2021-09-01,2.0,3.0,3.0,3.0,1.0,3,2.5,-0.3182,Negative,-0.3182,0,6,1,275,lost the connecting flight to tirana,129
"""service on the same route is becoming worse""",Boeing 777,Couple Leisure,Economy Class,Washington Dulles to London,2021-08-01,1.0,1.0,1.0,1.0,1.0,1,1.0,-0.4767,Negative,-0.4767,0,8,1,452,service on the same route is becoming worse,145
"""cancellation two weeks before I was due to travel""",A320,Business,Economy Class,Gatwick to Catania,2021-08-01,2.859667633869692,3.2404661016949152,2.7091954022988505,2.636533432947329,2.755620723362659,1,2.533580549028908,0.0,Neutral,0.0,1,9,1,662,cancellation two weeks before i was due to travel,26
"""the most comfortable seats""",Boeing 787-8,Solo Leisure,Economy Class,London to Moscow Domodedovo,2021-08-01,5.0,4.0,1.0,1.0,3.0,2,2.6666666666666665,0.5563,Positive,0.5563,2,4,1,16,the most comfortable seats,178
"""value for money here is incredible""",A320,Solo Leisure,Economy Class,London to Athens,2021-08-01,4.0,5.0,4.0,2.6,5.0,5,4.266666666666667,0.34,Positive,0.34,2,6,11,662,value for money here is incredible,26
"""Food and drinks fine""",A320,Family Leisure,Economy Class,London to Corfu,2021-08-01,4.0,5.0,4.0,4.0,4.0,4,4.166666666666667,0.2023,Positive,0.2023,2,4,2,662,food and drinks fine,26
"""frustrated, upset and disappointed""",A319,Family Leisure,Business Class,Moscow to London Heathrow,2021-08-01,4.0,1.0,2.0,3.0,1.0,1,2.0,-0.8442,Negative,-0.8442,0,4,1,196,frustrated upset and disappointed,10
"""piled into the bus and left""",A320,Business,Business Class,London Heathrow to Munich,2021-08-01,3.0,2.0,2.0,2.0,1.0,2,2.0,0.0,Neutral,0.0,1,6,4,662,piled into the bus and left,26
"""On board staff were good""",A330,Couple Leisure,Business Class,London Heathrow to Nice,2021-07-01,3.0,4.0,5.0,3.4,3.0,3,3.5666666666666664,0.4404,Positive,0.4404,2,5,4,3,on board staff were good,75
"""cancelled a flight booked three months ago """,A380,Family Leisure,Economy Class,London to Hong Kong,2021-04-01,2.859667633869692,3.2404661016949152,2.7091954022988505,2.636533432947329,2.755620723362659,1,2.533580549028908,-0.25,Negative,-0.25,0,8,15,302,cancelled a flight booked three months ago ,81
"""decided to avoid BA from now on""",A230,Solo Leisure,Premium Economy,Belfast to Budapest via Heathrow,2021-07-01,1.0,1.0,2.7091954022988505,2.636533432947329,1.0,1,1.5576214725410298,-0.296,Negative,-0.296,0,7,1,3,decided to avoid ba from now on,8
"""very slick on board experience""",Boeing 777-200,Family Leisure,Business Class,Cancun to Gatwick,2021-07-01,4.0,5.0,5.0,4.0,4.0,4,4.333333333333333,0.0,Neutral,0.0,1,5,1,171,very slick on board experience,157
"""Not complete return to old days""",Boeing 777-200,Family Leisure,Business Class,Gatwick to Cancun,2021-07-01,5.0,5.0,4.0,4.0,4.0,5,4.5,0.0,Neutral,0.0,1,6,5,171,not complete return to old days,157
"""no refund issued yet""",Boeing 747 / 777,Family Leisure,Economy Class,No Route,2021-07-01,2.859667633869692,3.2404661016949152,2.7091954022988505,2.636533432947329,2.755620723362659,1,2.533580549028908,0.0,Neutral,0.0,1,4,6,9,no refund issued yet,119
"""asking for upgrades to a best seat""",A321Neo,Family Leisure,Economy Class,Bucharest to Toronto via London,2021-07-01,3.0,3.0,2.7091954022988505,2.636533432947329,1.0,2,2.390954805874363,0.6369,Positive,0.6369,2,7,1,5,asking for upgrades to a best seat,71
"""didn't allow us to seat together""",Boeing 787-8,Business,Business Class,Seattle to Bangalore via London,2021-06-01,3.0,4.0,2.7091954022988505,2.636533432947329,3.0,3,3.0576214725410296,-0.1695,Negative,-0.1695,0,6,1,16,didnt allow us to seat together,178
"""uncomfortable, miserly experience """,Boeing 787,Solo Leisure,Business Class,London to Mexico City,2021-06-01,1.0,2.0,3.0,3.0,3.0,1,2.1666666666666665,-0.6124,Negative,-0.6124,0,4,3,97,uncomfortable miserly experience ,172
"""Service was a little perfunctory""",A320,Couple Leisure,Business Class,Preveza to London,2021-06-01,4.0,3.0,3.0,3.4,5.0,4,3.733333333333333,0.0,Neutral,0.0,1,5,1,662,service was a little perfunctory,26
"""I am really grateful""",A320,Solo Leisure,Economy Class,London to Accra,2021-06-01,4.0,4.0,4.0,4.0,4.0,4,4.0,0.5095,Positive,0.5095,2,4,1,662,i am really grateful,26
"""a thoroughly reassuring, coming out of COVID, experience""",A320,Couple Leisure,Business Class,London Heathrow to Preveza,2021-05-01,4.0,4.0,4.0,2.6,5.0,4,3.9333333333333336,0.4576,Positive,0.4576,2,8,1,662,a thoroughly reassuring coming out of covid experience,26
"""going in circles to avoid issuing any voucher""",Boeing 747-400,Family Leisure,Economy Class,Durban to Cape Town,2021-01-01,3.0,3.0,2.7091954022988505,2.636533432947329,3.0,1,2.55762147254103,-0.296,Negative,-0.296,0,8,2,275,going in circles to avoid issuing any voucher,129
"""Fantastic flight down to Heathrow""",A321NEO,Solo Leisure,Economy Class,Aberdeen to London Heathrow,2021-05-01,4.0,5.0,4.0,3.0,4.0,4,4.0,0.5574,Positive,0.5574,2,5,2,1,fantastic flight down to heathrow,70
"""appreciated the COVID measures""",A320neo,Business,Business Class,Malaga to London,2021-04-01,3.0,3.0,2.7091954022988505,2.636533432947329,4.0,4,3.224288139207696,0.5106,Positive,0.5106,2,4,4,9,appreciated the covid measures,58
"""COVID protocols are not as robust as they should be""",Boeing 737-800,Solo Leisure,Economy Class,Johannesburg to Cape Town,2021-04-01,4.0,5.0,4.0,2.6,5.0,4,4.1000000000000005,-0.2584,Negative,-0.2584,0,10,3,6,covid protocols are not as robust as they should be,115
"""I would need to call up to rebook""",Boeing 777-200,Solo Leisure,Economy Class,Gatwick to Cancun,2020-12-01,2.0,4.0,1.0,3.0,3.0,1,2.3333333333333335,0.0,Neutral,0.0,1,8,5,171,i would need to call up to rebook,157
"""had my flight cancelled on 3 occasions""",Boeing 777-300,Couple Leisure,Economy Class,Bridgetown to London,2021-02-01,1.0,1.0,1.0,1.4,1.0,1,1.0666666666666667,-0.25,Negative,-0.25,0,7,2,54,had my flight cancelled on  occasions,167
"""A poor show with BA""",Boeing 777-200,Family Leisure,Economy Class,Ottawa to Ahmedabad,2020-11-01,1.0,1.0,2.7091954022988505,2.636533432947329,1.0,1,1.5576214725410298,-0.4767,Negative,-0.4767,0,5,1,171,a poor show with ba,157
"""promised to give me compensation""",A320,Solo Leisure,Economy Class,Antigua to London,2021-01-01,2.0,2.0,2.7091954022988505,2.636533432947329,1.0,1,1.8909548058743633,0.3612,Positive,0.3612,2,5,1,662,promised to give me compensation,26
"""Do not recommend to anyone in Covid restrictions""",A380/A320,Solo Leisure,Economy Class,Sofia to London Heathrow,2020-12-01,5.0,5.0,5.0,5.0,5.0,3,4.666666666666667,-0.2755,Negative,-0.2755,0,8,1,2,do not recommend to anyone in covid restrictions,95
"""She was an amazing person""",Boeing 777-200,Solo Leisure,Economy Class,Mumbai to London,2021-02-01,5.0,5.0,5.0,5.0,4.0,5,4.833333333333333,0.5859,Positive,0.5859,2,5,6,171,she was an amazing person,157
"""not what you'd expect from a premium product""",Boeing 787-9,Business,First Class,Mexico City to London Heathrow,2021-01-01,2.0,5.0,1.0,2.0,3.0,3,2.6666666666666665,0.0,Neutral,0.0,1,8,3,54,not what youd expect from a premium product,184
"""Absolutely disgraceful""",Boeing 777,Family Leisure,Economy Class,London to Maldives,2020-12-01,2.859667633869692,3.2404661016949152,2.7091954022988505,2.636533432947329,2.755620723362659,1,2.533580549028908,0.0,Neutral,0.0,1,2,1,452,absolutely disgraceful,145
"""Good service the whole way""",A319,Solo Leisure,Economy Class,Heathrow to Belfast,2020-12-01,5.0,4.0,4.0,2.6,5.0,3,3.9333333333333336,0.4404,Positive,0.4404,2,5,3,196,good service the whole way,10
British Airways customer review,A321,Solo Leisure,Economy Class,London to Paris,2020-09-01,5.0,5.0,2.7091954022988505,2.636533432947329,5.0,5,4.2242881392076965,0.0,Neutral,0.0,1,4,8,126,british airways customer review,59
"""I do want to thank BA""",A321neo,Solo Leisure,Economy Class,London to Cairo,2020-12-01,5.0,5.0,2.7091954022988505,2.636533432947329,5.0,4,4.05762147254103,0.4215,Positive,0.4215,2,6,5,15,i do want to thank ba,72
"""passengers with masks below nose""",A350,Solo Leisure,Premium Economy,London Heathrow to Dubai,2020-07-01,4.0,1.0,1.0,5.0,5.0,5,3.5,0.0,Neutral,0.0,1,5,8,39,passengers with masks below nose,79
"""happy with product and would use again""",A321,Solo Leisure,Business Class,London to Tenerife,2020-12-01,3.0,5.0,3.0,3.4,4.0,4,3.733333333333333,0.5719,Positive,0.5719,2,7,2,126,happy with product and would use again,59
"""It's not at all child friendly""",Boeing 747,Family Leisure,Economy Class,London Heathrow to Lahore,2020-12-01,1.0,1.0,1.0,1.0,1.0,1,1.0,0.4939,Positive,0.4939,2,6,1,135,its not at all child friendly,117
"""my experience with BA was very positive""",A319,Solo Leisure,Economy Class,London to Venice,2020-10-01,5.0,4.0,3.0,3.4,3.0,5,3.9,0.5984,Positive,0.5984,2,7,4,196,my experience with ba was very positive,10
"""refunded my tickets within 2 working days""",A321,Couple Leisure,Economy Class,Munich to London,2019-11-01,5.0,5.0,5.0,5.0,5.0,5,5.0,0.0,Neutral,0.0,1,7,2,126,refunded my tickets within  working days,59
"""Everything was nice except food""",Boeing 767,Family Leisure,Economy Class,London to Bangalore,2020-10-01,5.0,5.0,1.0,5.0,5.0,2,3.8333333333333335,0.4215,Positive,0.4215,2,5,3,68,everything was nice except food,140
"""Everything I expected""",A320neo,Solo Leisure,Business Class,Warsaw to London-Heathrow,2020-09-01,5.0,5.0,5.0,5.0,4.0,5,4.833333333333333,0.0,Neutral,0.0,1,3,1,9,everything i expected,58
"""told that the check-in had closed""",A321,Couple Leisure,Economy Class,London to Santorini,2020-08-01,4.0,4.0,3.0,3.4,1.0,2,2.9,0.0,Neutral,0.0,1,6,2,126,told that the checkin had closed,59
"""I filed a claim""",A321,Couple Leisure,Economy Class,London to Paris,2020-02-01,2.0,3.0,2.0,2.0,5.0,1,2.5,0.0,Neutral,0.0,1,4,8,126,i filed a claim,59
"""lack of social distancing""",A319,Business,Economy Class,Berlin to London,2020-08-01,1.0,1.0,2.0,2.0,2.0,2,1.6666666666666667,-0.3182,Negative,-0.3182,0,4,7,196,lack of social distancing,10
"""I was pleasantly surprised""",A320,Solo Leisure,Economy Class,Newcastle to London Heathrow,2020-07-01,5.0,5.0,3.0,3.4,5.0,5,4.3999999999999995,0.6124,Positive,0.6124,2,4,1,662,i was pleasantly surprised,26
"""have to call to redeem the voucher""",A380,Solo Leisure,Premium Economy,London to Singapore,2020-03-01,2.859667633869692,3.2404661016949152,2.7091954022988505,2.636533432947329,2.755620723362659,1,2.533580549028908,0.0,Neutral,0.0,1,7,8,302,have to call to redeem the voucher,81
"""Service is non-existent""",Boeing 747,Family Leisure,Economy Class,Austin to London,2020-07-01,2.859667633869692,3.2404661016949152,2.7091954022988505,2.636533432947329,2.755620723362659,1,2.533580549028908,0.0,Neutral,0.0,1,3,3,135,service is nonexistent,117
"""BA has failed completely""",A320,Solo Leisure,Economy Class,London to Frankfurt,2020-04-01,2.859667633869692,3.2404661016949152,2.7091954022988505,2.636533432947329,2.755620723362659,1,2.533580549028908,-0.5106,Negative,-0.5106,0,4,5,662,ba has failed completely,26
"""This is appalling business practice!""",A321,Business,Economy Class,London Heathrow to Lyon,2020-02-01,1.0,1.0,2.7091954022988505,2.636533432947329,1.0,1,1.5576214725410298,-0.4199,Negative,-0.4199,0,5,1,126,this is appalling business practice,59
"""efficient, clean and punctual""",Embraer 195,Business,Economy Class,London City to Edinburgh,2019-11-01,3.0,4.0,2.7091954022988505,2.636533432947329,5.0,3,3.390954805874363,0.6705,Positive,0.6705,2,4,2,1,efficient clean and punctual,203
""" Total rip off""",Boeing 777,Business,First Class,San Francisco to Edinburgh via London,2020-05-01,2.859667633869692,3.2404661016949152,2.7091954022988505,2.636533432947329,2.755620723362659,1,2.533580549028908,0.0,Neutral,0.0,1,4,1,452, total rip off,145
"""totally ripped off by BA""",Boeing 777,Business,Business Class,Rome to Los Angeles via London,2020-06-01,2.859667633869692,3.2404661016949152,2.7091954022988505,2.636533432947329,2.755620723362659,1,2.533580549028908,0.0,Neutral,0.0,1,5,1,452,totally ripped off by ba,145
"""tickets should have been refunded""",A320,Couple Leisure,Economy Class,Chicago to Seville via Miami / Madrid,2020-03-01,2.859667633869692,3.2404661016949152,2.7091954022988505,2.636533432947329,2.755620723362659,1,2.533580549028908,0.0,Neutral,0.0,1,5,1,662,tickets should have been refunded,26
"""unable to offer a full refund""",A350,Solo Leisure,Premium Economy,London to Tel Aviv,2020-04-01,2.859667633869692,3.2404661016949152,2.7091954022988505,2.636533432947329,2.755620723362659,1,2.533580549028908,0.0,Neutral,0.0,1,6,4,39,unable to offer a full refund,79
"""no refund or voucher""",Boeing 777,Couple Leisure,Business Class,San Diego to Barcelona via London,2019-12-01,2.859667633869692,3.2404661016949152,2.7091954022988505,2.636533432947329,2.755620723362659,1,2.533580549028908,0.0,Neutral,0.0,1,4,1,452,no refund or voucher,145
"""withholding my money""",Boeing 777,Solo Leisure,Economy Class,Toronto to London,2020-05-01,2.859667633869692,3.2404661016949152,2.7091954022988505,2.636533432947329,2.755620723362659,1,2.533580549028908,0.0,Neutral,0.0,1,3,10,452,withholding my money,145
"""all about money with them""",A380,Family Leisure,Premium Economy,Tokyo to London,2020-03-01,3.0,2.0,1.0,3.0,2.0,1,2.0,0.0,Neutral,0.0,1,5,2,302,all about money with them,81
"""arrived 3 hrs 25 mins late""",Boeing 777,Couple Leisure,Economy Class,Los Angeles to Paris via London,2020-03-01,3.0,3.0,2.0,3.0,5.0,1,2.8333333333333335,0.0,Neutral,0.0,1,6,1,452,arrived  hrs  mins late,145
"""it definitely lived up to my expectations""",A350,Couple Leisure,Business Class,London Heathrow to Toronto,2020-02-01,5.0,5.0,5.0,5.0,5.0,5,5.0,0.4019,Positive,0.4019,2,7,3,39,it definitely lived up to my expectations,79
"""cabin crew were friendly and professional""",Boeing 747-400,Couple Leisure,Business Class,Las Vegas to London Heathrow,2020-02-01,5.0,5.0,5.0,2.0,5.0,5,4.5,0.4939,Positive,0.4939,2,6,4,275,cabin crew were friendly and professional,129
"""never use this airline again""",Boeing 777,Solo Leisure,Economy Class,Sydney to London via Singapore,2020-03-01,1.0,1.0,1.0,2.0,1.0,1,1.1666666666666667,0.0,Neutral,0.0,1,5,8,452,never use this airline again,145
"""avoid BA as much as possible""",A380,Business,Economy Class,Zurich to London,2020-04-01,2.859667633869692,3.2404661016949152,2.7091954022988505,2.636533432947329,2.755620723362659,1,2.533580549028908,-0.296,Negative,-0.296,0,6,5,302,avoid ba as much as possible,81
"""trying every trick in the book""",Boeing 787-8 / A320,Couple Leisure,Business Class,Vienna to London,2020-02-01,3.0,3.0,2.7091954022988505,2.636533432947329,3.0,1,2.55762147254103,-0.0516,Negative,-0.0516,0,6,4,2,trying every trick in the book,180
"""stands out in many areas""",A321neo,Solo Leisure,Economy Class,London-Heathrow to Warsaw,2020-03-01,5.0,5.0,2.7091954022988505,2.636533432947329,4.0,3,3.724288139207696,0.0,Neutral,0.0,1,5,1,15,stands out in many areas,72
"""laptop was left inside the flight""",A380,Business,Economy Class,Johannesburg to London,2020-03-01,2.0,3.0,2.0,1.0,1.0,2,1.8333333333333333,0.0,Neutral,0.0,1,6,17,302,laptop was left inside the flight,81
"""worst sort of management bureaucracy""",Boeing 777,Business,Economy Class,London to Stockholm,2020-04-01,2.859667633869692,3.2404661016949152,2.7091954022988505,2.636533432947329,1.0,1,2.2409770951351313,-0.6249,Negative,-0.6249,0,5,1,452,worst sort of management bureaucracy,145
"""poor customer service""",A320,Solo Leisure,Economy Class,London to Budapest,2020-03-01,2.859667633869692,3.2404661016949152,2.7091954022988505,2.636533432947329,2.755620723362659,1,2.533580549028908,-0.4767,Negative,-0.4767,0,3,3,662,poor customer service,26
"""lies and lack of informatio""",Boeing 747,Solo Leisure,Business Class,Nashville to London via Chicago,2020-03-01,3.0,5.0,4.0,2.6,3.0,1,3.1,-0.6249,Negative,-0.6249,0,5,1,135,lies and lack of informatio,117
"""understand the turmoil caused by Covid-19""",A380,Solo Leisure,Economy Class,Vancouver to London,2020-03-01,2.859667633869692,3.2404661016949152,2.7091954022988505,2.636533432947329,1.0,1,2.2409770951351313,-0.3612,Negative,-0.3612,0,6,17,302,understand the turmoil caused by covid,81
"""A voucher is not sufficient""",A320,Family Leisure,Economy Class,London to Marrakesh,2019-08-01,2.859667633869692,3.2404661016949152,2.7091954022988505,2.636533432947329,2.755620723362659,1,2.533580549028908,0.0,Neutral,0.0,1,5,2,662,a voucher is not sufficient,26
"""use the travel credit by May 2020""",Boeing 777,Couple Leisure,Economy Class,Seattle to Heathrow,2020-03-01,2.859667633869692,3.2404661016949152,2.7091954022988505,2.636533432947329,2.755620723362659,5,3.2002472156955744,0.3818,Positive,0.3818,2,7,1,452,use the travel credit by may ,145
"""thank our crew in particular""",Boeing 777-200,Couple Leisure,Premium Economy,Mumbai to London Heathrow,2020-03-01,5.0,5.0,4.0,2.0,5.0,5,4.333333333333333,0.3612,Positive,0.3612,2,5,2,171,thank our crew in particular,157
"""such deceitful practices""",A320,Business,Economy Class,London to Valencia,2020-03-01,2.859667633869692,3.2404661016949152,2.7091954022988505,2.636533432947329,2.755620723362659,1,2.533580549028908,-0.4404,Negative,-0.4404,0,3,3,662,such deceitful practices,26
"""not surprised they are in trouble""",A320,Couple Leisure,Economy Class,London Gatwick to Funchal,2020-03-01,1.0,4.0,2.7091954022988505,2.636533432947329,1.0,1,2.05762147254103,-0.5213,Negative,-0.5213,0,6,2,662,not surprised they are in trouble,26
"""narrow business class facing seats""",Boeing 747-400,Business,Business Class,Chicago to London Heathrow,2020-03-01,1.0,1.0,1.0,1.0,1.0,1,1.0,0.0,Neutral,0.0,1,5,7,275,narrow business class facing seats,129
"""airline needs major overhaul""",Boeing 747-400,Business,Business Class,London to New York JFK,2020-02-01,1.0,1.0,1.0,1.0,1.0,1,1.0,0.0,Neutral,0.0,1,4,8,275,airline needs major overhaul,129
"""still forcing people to fly to Madrid""",A320,Solo Leisure,Economy Class,London to Madrid,2020-03-01,2.859667633869692,3.2404661016949152,2.7091954022988505,2.636533432947329,2.755620723362659,1,2.533580549028908,0.0,Neutral,0.0,1,7,9,662,still forcing people to fly to madrid,26
"""unfriendly and inconsiderate to me""",Embraer,Business,Economy Class,Frankfurt to Buenos Aires via London,2019-10-01,2.0,3.0,3.0,2.0,1.0,1,2.0,-0.6597,Negative,-0.6597,0,5,1,18,unfriendly and inconsiderate to me,200
"""live in a conceited bubble""",Boeing 787-9,Business,Business Class,London to Paris CDG,2020-03-01,2.859667633869692,3.2404661016949152,2.7091954022988505,2.636533432947329,2.755620723362659,1,2.533580549028908,0.0,Neutral,0.0,1,5,1,54,live in a conceited bubble,184
"""rude staff and service""",A320,Couple Leisure,Economy Class,London City to Berlin,2020-03-01,2.859667633869692,3.2404661016949152,2.7091954022988505,2.636533432947329,1.0,1,2.2409770951351313,-0.4588,Negative,-0.4588,0,4,1,662,rude staff and service,26
"""BA has really upped their game""",Boeing 787,Solo Leisure,Economy Class,London to Beijing,2020-01-01,3.0,5.0,4.0,5.0,4.0,4,4.166666666666667,0.0,Neutral,0.0,1,6,2,97,ba has really upped their game,172
"""friendly and helpful""",A380,Family Leisure,Economy Class,Hong Kong to London,2020-01-01,5.0,5.0,5.0,3.0,5.0,5,4.666666666666667,0.7184,Positive,0.7184,2,3,11,302,friendly and helpful,81
"""Very happy with the service""",Boeing 777-200,Couple Leisure,Economy Class,Mumbai to London,2020-03-01,4.0,5.0,5.0,4.0,5.0,5,4.666666666666667,0.6115,Positive,0.6115,2,5,6,171,very happy with the service,157
"""positive, friendly attitude""",Boeing 777-200,Couple Leisure,Economy Class,London to Delhi,2020-02-01,4.0,5.0,5.0,4.0,2.0,4,4.0,0.7783,Positive,0.7783,2,3,8,171,positive friendly attitude,157
"""flights to Italy for March, all cancelled""",A319,Business,Business Class,Paris to London,2020-02-01,1.0,4.0,2.7091954022988505,2.636533432947329,1.0,1,2.05762147254103,-0.25,Negative,-0.25,0,7,2,196,flights to italy for march all cancelled,10
"""never use British Airways again""",A380,Solo Leisure,Economy Class,Singapore to London,2020-02-01,3.0,3.0,3.0,3.0,1.0,1,2.3333333333333335,0.0,Neutral,0.0,1,5,12,302,never use british airways again,81
"""Food and drinks are expensive""",A319,Solo Leisure,Economy Class,Gatwick to Malaga,2020-02-01,2.0,3.0,1.0,1.4,3.0,3,2.2333333333333334,0.0,Neutral,0.0,1,5,5,196,food and drinks are expensive,10
"""the crew were outstanding""",Boeing 747-400,Solo Leisure,Premium Economy,Vancouver to London,2020-02-01,4.0,5.0,5.0,5.0,4.0,5,4.666666666666667,0.6124,Positive,0.6124,2,4,17,275,the crew were outstanding,129
British Airways customer review,Boeing 787,Business,Business Class,London to Seattle,2020-02-01,2.859667633869692,3.2404661016949152,2.7091954022988505,2.636533432947329,2.755620723362659,1,2.533580549028908,0.0,Neutral,0.0,1,4,5,97,british airways customer review,172
"""food is the standout problem""",Boeing 777,Solo Leisure,First Class,London Heathrow to Nairobi,2020-02-01,3.0,5.0,1.0,3.0,2.0,3,2.8333333333333335,-0.4019,Negative,-0.4019,0,5,3,452,food is the standout problem,145
"""came to me to give me his pillow""",Boeing 777,Couple Leisure,Premium Economy,Dubai to London,2020-02-01,1.0,1.0,1.0,1.4,1.0,1,1.0666666666666667,0.0,Neutral,0.0,1,8,5,452,came to me to give me his pillow,145
"""service that needs training""",Boeing 747-400,Couple Leisure,Business Class,London to Cape Town,2020-02-01,4.0,2.0,1.0,3.0,3.0,3,2.6666666666666665,0.0,Neutral,0.0,1,4,15,275,service that needs training,129
"""packed out seating""",Boeing 787,Solo Leisure,Economy Class,Rio de Janeiro to London,2020-02-01,1.0,3.0,1.0,1.0,1.0,2,1.5,0.0,Neutral,0.0,1,3,2,97,packed out seating,172
"""require a transit visa""",A320,Solo Leisure,Economy Class,Johannesburg to Dublin via London,2020-02-01,1.0,1.0,2.7091954022988505,2.636533432947329,1.0,1,1.5576214725410298,0.0,Neutral,0.0,1,4,1,662,require a transit visa,26
"""backward facing seats""",Boeing 747-400,Couple Leisure,Business Class,Las Vegas to Paris via London,2020-02-01,1.0,4.0,3.0,1.0,4.0,1,2.3333333333333335,0.0,Neutral,0.0,1,3,1,275,backward facing seats,129
"""I want a refund""",A320,Couple Leisure,Economy Class,Geneva to Gatwick,2020-01-01,2.859667633869692,3.2404661016949152,2.7091954022988505,2.636533432947329,1.0,1,2.2409770951351313,0.0772,Positive,0.0772,2,4,1,662,i want a refund,26
"""crew was amazingly kind and lovely""",Boeing 747-400,Solo Leisure,Economy Class,Mexico City to Manchester via London,2020-01-01,5.0,5.0,4.0,5.0,5.0,4,4.666666666666667,0.8297,Positive,0.8297,2,6,1,275,crew was amazingly kind and lovely,129
"""a good experience with no major complaints""",A321,Solo Leisure,Business Class,London Heathrow to Sofia,2019-10-01,4.0,4.0,4.0,2.6,5.0,4,3.9333333333333336,0.5025,Positive,0.5025,2,7,5,126,a good experience with no major complaints,59
"""Arriving late to board""",A320,Solo Leisure,Economy Class,Manchester to Melbourne via London / Singapore,2019-07-01,2.0,3.0,2.0,2.0,1.0,1,1.8333333333333333,0.0,Neutral,0.0,1,4,1,662,arriving late to board,26
"""a pathetic premium cabin""",A321neo,Business,Business Class,Madrid to London,2020-01-01,2.0,3.0,2.0,1.0,3.0,2,2.1666666666666665,-0.5719,Negative,-0.5719,0,4,9,15,a pathetic premium cabin,72
"""fly this airline again""",A320,Family Leisure,Economy Class,Prague to London,2020-01-01,5.0,5.0,2.7091954022988505,2.636533432947329,3.0,5,3.890954805874363,0.0,Neutral,0.0,1,4,5,662,fly this airline again,26
"""breakfast become rather perfunctory""",A380-800,Couple Leisure,Business Class,Johannesburg to London,2020-01-01,3.0,4.0,3.0,3.0,3.0,3,3.1666666666666665,0.0,Neutral,0.0,1,4,17,12,breakfast become rather perfunctory,94
"""very disappointing service""",Boeing 777-200,Business,Business Class,Las Vegas to Gatwick,2020-01-01,2.0,2.0,2.0,4.0,4.0,1,2.5,-0.5413,Negative,-0.5413,0,3,1,171,very disappointing service,157
"""roller coaster of incompetence""",Boeing 747-400,Business,Business Class,San Diego to Stockholm via London,2020-01-01,5.0,5.0,5.0,3.0,1.0,3,3.6666666666666665,-0.5106,Negative,-0.5106,0,4,1,275,roller coaster of incompetence,129
"""SLOW lounge continues to impress""",A320,Couple Leisure,Business Class,Cape Town to Johannesburg,2020-01-01,4.0,4.0,3.0,3.4,4.0,4,3.733333333333333,0.4404,Positive,0.4404,2,5,1,662,slow lounge continues to impress,26
"""thank you for your service and kindness""",Boeing 777 / A320,Solo Leisure,Economy Class,New York to London Heathrow via Copenhagen,2019-12-01,5.0,5.0,5.0,5.0,5.0,5,5.0,0.6705,Positive,0.6705,2,7,1,5,thank you for your service and kindness,150
"""more than acceptable service""",Boeing 787-9,Business,Business Class,Phoenix to London,2020-01-01,3.0,5.0,4.0,4.0,3.0,5,4.0,0.3774,Positive,0.3774,2,4,1,54,more than acceptable service,184
"""only saving grace was a superb cabin staff""",Boeing 777-200,Solo Leisure,Economy Class,London Heathrow to Bangkok,2020-01-01,2.0,4.0,4.0,1.0,4.0,2,2.8333333333333335,0.7845,Positive,0.7845,2,8,8,171,only saving grace was a superb cabin staff,157
"""the service was good""",Boeing 777-200ER,Solo Leisure,Economy Class,Mumbai to Boston via London,2020-01-01,2.0,5.0,5.0,2.0,1.0,3,3.0,0.4404,Positive,0.4404,2,4,1,10,the service was good,163
"""refund for seat assignments""",Boeing 777-200,Family Leisure,Economy Class,"Orlando, Florida to Accra, Ghana",2019-12-01,1.0,1.0,1.0,1.0,1.0,1,1.0,0.0,Neutral,0.0,1,4,1,171,refund for seat assignments,157
"""still consider other airlines""",Boeing 787 / A320,Solo Leisure,Economy Class,Toronto to Geneva via London,2020-01-01,4.0,5.0,4.0,3.0,4.0,3,3.8333333333333335,0.0,Neutral,0.0,1,4,1,6,still consider other airlines,174
"""sleeping was quite impossible""",Boeing 777-300,Solo Leisure,First Class,Hong Kong to London,2020-01-01,4.0,5.0,5.0,4.0,4.0,4,4.333333333333333,0.0,Neutral,0.0,1,4,11,54,sleeping was quite impossible,167
"""Layout of Boeing 787 cabin is poor""",Boeing 787,Business,Economy Class,San Jose to Amsterdam via London,2020-01-01,1.0,1.0,2.0,3.0,2.0,3,2.0,-0.4767,Negative,-0.4767,0,7,1,97,layout of boeing  cabin is poor,172
"""luggage was not loaded""",Boeing 777,Couple Leisure,Business Class,Singapore to Paris via London,2020-01-01,3.0,4.0,4.0,4.0,1.0,2,3.0,0.0,Neutral,0.0,1,4,1,452,luggage was not loaded,145
"""Everything went like clockwork""",A321neo,Solo Leisure,Economy Class,Warsaw to London,2020-01-01,5.0,5.0,5.0,3.4,4.0,5,4.566666666666666,0.3612,Positive,0.3612,2,4,3,15,everything went like clockwork,72
"""I would recommend BA""",Boeing 747-400,Family Leisure,Economy Class,New York  to London Heathrow,2020-01-01,4.0,5.0,3.0,4.0,5.0,4,4.166666666666667,0.3612,Positive,0.3612,2,4,1,275,i would recommend ba,129
"""never fly BA again""",A380,Family Leisure,Economy Class,London to Los Angeles,2019-12-01,2.0,1.0,2.0,2.0,1.0,3,1.8333333333333333,0.0,Neutral,0.0,1,4,10,302,never fly ba again,81
"""need to move with the times""",Boeing 737-800,Couple Leisure,Business Class,Johannesburg to Cape Town,2020-01-01,3.0,3.0,3.0,3.4,4.0,4,3.4,0.0,Neutral,0.0,1,6,3,6,need to move with the times,115
"""offer a kids free zone""",Boeing 777-200,Business,Business Class,London to Bangkok,2020-01-01,2.0,1.0,1.0,1.4,2.0,2,1.5666666666666667,0.5106,Positive,0.5106,2,5,6,171,offer a kids free zone,157
"""Overall a good flight""",A380,Couple Leisure,Business Class,London to Johannesburg,2020-01-01,4.0,4.0,4.0,3.0,4.0,4,3.8333333333333335,0.4404,Positive,0.4404,2,4,21,302,overall a good flight,81
"""a very comfortable flight""",Boeing 777-200 / 747-400,Solo Leisure,Economy Class,Boston to Mumbai via London,2019-12-01,2.0,5.0,4.0,2.0,1.0,5,3.1666666666666665,0.5563,Positive,0.5563,2,4,1,2,a very comfortable flight,158
"""my husbands seat was broken""",A380,Couple Leisure,Business Class,Los Angeles to London,2020-01-01,1.0,1.0,1.0,1.4,1.0,1,1.0666666666666667,-0.4767,Negative,-0.4767,0,5,12,302,my husbands seat was broken,81
"""My food was bad""",Boeing 777-200,Solo Leisure,Premium Economy,Gatwick to Cancun,2020-01-01,3.0,1.0,1.0,2.0,3.0,2,2.0,-0.5423,Negative,-0.5423,0,4,5,171,my food was bad,157
"""could not fault one aspect of the service""",A320,Solo Leisure,Business Class,London Gatwick to Glasgow,2020-01-01,4.0,5.0,4.0,2.6,5.0,4,4.1000000000000005,0.3089,Positive,0.3089,2,8,2,662,could not fault one aspect of the service,26
"""All in all great service""",Boeing 787-8,Solo Leisure,Business Class,Rio De Janeiro to London Heathrow,2019-12-01,5.0,5.0,5.0,3.4,4.0,5,4.566666666666666,0.6249,Positive,0.6249,2,5,1,16,all in all great service,178
"""disappointed by the service""",A320,Business,Business Class,Gatwick to Tirana,2020-01-01,1.0,3.0,2.0,1.0,4.0,2,2.1666666666666665,-0.4767,Negative,-0.4767,0,4,2,662,disappointed by the service,26
"""Crew very friendly""",A320,Couple Leisure,Business Class,Keflavik to London Heathrow,2020-01-01,3.0,5.0,5.0,3.4,4.0,5,4.233333333333333,0.5413,Positive,0.5413,2,3,2,662,crew very friendly,26
"""my food was inedible""",A350-1000,Couple Leisure,Economy Class,London Heathrow to Vancouver,2020-01-01,1.0,3.0,1.0,1.0,2.0,1,1.5,0.0,Neutral,0.0,1,4,4,10,my food was inedible,80
"""staff were incredibly rude and lazy""",Boeing 787-9,Couple Leisure,Economy Class,Tokyo to London Heathrow,2020-01-01,2.0,1.0,1.0,1.0,5.0,1,1.8333333333333333,-0.7233,Negative,-0.7233,0,6,2,54,staff were incredibly rude and lazy,184
"""job's worth high handed attitude""",A380,Couple Leisure,Business Class,London to Hong Kong,2019-12-01,3.0,4.0,3.0,4.0,1.0,3,3.0,0.2263,Positive,0.2263,2,5,15,302,jobs worth high handed attitude,81
"""They have the worst customer service""",Boeing 747,Family Leisure,Business Class,Los Angeles to London Heathrow,2020-01-01,1.0,3.0,2.0,2.0,1.0,1,1.6666666666666667,-0.6249,Negative,-0.6249,0,6,8,135,they have the worst customer service,117
"""BA product is now tired""",A320,Solo Leisure,Economy Class,Istanbul to London,2020-01-01,2.0,2.0,2.7091954022988505,2.636533432947329,1.0,1,1.8909548058743633,-0.4404,Negative,-0.4404,0,5,10,662,ba product is now tired,26
"""no sandwiches left to purchase""",A320,Solo Leisure,Economy Class,London to Bucharest,2019-12-01,2.0,2.0,1.0,1.4,1.0,1,1.4000000000000001,0.0,Neutral,0.0,1,5,2,662,no sandwiches left to purchase,26
"""another very good flight""",Boeing 787-9,Solo Leisure,Business Class,London to Rio De Janeiro,2019-12-01,5.0,5.0,5.0,5.0,4.0,5,4.833333333333333,0.4927,Positive,0.4927,2,4,1,54,another very good flight,184
"""don't provide free food and drink""",A321neo,Family Leisure,Economy Class,London to Athens,2019-12-01,3.0,1.0,1.0,1.4,3.0,4,2.2333333333333334,-0.4023,Negative,-0.4023,0,6,11,15,dont provide free food and drink,72
"""way below expected service""",A380,Solo Leisure,Economy Class,Copenhagen to London,2019-12-01,2.0,1.0,1.0,1.4,1.0,1,1.2333333333333334,0.0,Neutral,0.0,1,4,4,302,way below expected service,81
"""onboard charity collection is inappropriate""",A320,Solo Leisure,Economy Class,Budapest to Billund via London,2019-12-01,3.0,3.0,2.0,1.0,4.0,3,2.6666666666666665,0.4215,Positive,0.4215,2,5,1,662,onboard charity collection is inappropriate,26
"""staff were so friendly""",Boeing 737,Solo Leisure,Economy Class,Cape Town to Brussels via London,2019-12-01,3.0,5.0,4.0,3.0,4.0,4,3.8333333333333335,0.6269,Positive,0.6269,2,4,1,9,staff were so friendly,112
"""comfort and service superb""",Boeing 777-300ER,Solo Leisure,Economy Class,Sydney to Toulouse via Singapore / London,2019-12-01,5.0,5.0,5.0,2.0,4.0,5,4.333333333333333,0.765,Positive,0.765,2,4,1,18,comfort and service superb,169
"""good overall experience""",A321neo,Solo Leisure,Business Class,Sofia to London,2019-10-01,3.0,4.0,4.0,2.6,3.0,4,3.4333333333333336,0.4404,Positive,0.4404,2,3,1,15,good overall experience,72
"""cabin crew were very friendly""",B737-400 / A380 / A319,Couple Leisure,Business Class,Edinburgh to Barbados via Gatwick,2019-12-01,5.0,5.0,5.0,5.0,5.0,5,5.0,0.5413,Positive,0.5413,2,5,1,2,cabin crew were very friendly,100
"""delayed by 20 mins""",A320,Solo Leisure,Economy Class,London to Munich,2019-12-01,2.0,1.0,2.7091954022988505,2.636533432947329,1.0,1,1.7242881392076965,-0.2263,Negative,-0.2263,0,4,4,662,delayed by  mins,26
"""middle name was not on her ticket""",A380,Family Leisure,Economy Class,Hong Kong to London,2019-12-01,2.859667633869692,3.2404661016949152,2.7091954022988505,2.636533432947329,2.755620723362659,2,2.7002472156955744,0.0,Neutral,0.0,1,7,11,302,middle name was not on her ticket,81
"""charged 4 times for one bag""",A321,Couple Leisure,Economy Class,London to Paris,2019-08-01,2.0,2.0,2.7091954022988505,2.636533432947329,1.0,1,1.8909548058743633,-0.2023,Negative,-0.2023,0,6,8,126,charged  times for one bag,59
"""cabin manager did not greet me""",Boeing 777 - 200,Business,Economy Class,New York to London,2019-12-01,2.0,2.0,1.0,1.0,5.0,5,2.6666666666666665,-0.2411,Negative,-0.2411,0,6,8,1,cabin manager did not greet me,146
"""no proof I paid for them""",Boeing 747,Family Leisure,Premium Economy,Austin to London,2019-10-01,2.859667633869692,3.2404661016949152,2.7091954022988505,2.636533432947329,2.755620723362659,1,2.533580549028908,0.0,Neutral,0.0,1,6,3,135,no proof i paid for them,117
"""Awful airline""",Embraer,Couple Leisure,Economy Class,Frankfurt to London,2019-12-01,1.0,1.0,1.0,1.0,1.0,1,1.0,-0.4588,Negative,-0.4588,0,2,5,18,awful airline,200
""" Flight is again delayed""",A320,Solo Leisure,Economy Class,London to Glasgow,2019-12-01,1.0,1.0,1.0,1.0,1.0,1,1.0,-0.2263,Negative,-0.2263,0,5,5,662, flight is again delayed,26
"""This flight was a delight""",Boeing 747-400,Business,Business Class,London to San Francisco,2019-12-01,3.0,5.0,4.0,4.0,5.0,4,4.166666666666667,0.5994,Positive,0.5994,2,5,8,275,this flight was a delight,129
"""we had to print out boarding passes""",A319,Couple Leisure,Economy Class,Heathrow to Belfast,2019-12-01,2.0,5.0,5.0,3.4,1.0,3,3.233333333333333,0.0,Neutral,0.0,1,7,3,196,we had to print out boarding passes,10
"""You get what you pay for""",A380,Solo Leisure,Business Class,London to Singapore,2019-10-01,4.0,5.0,5.0,1.0,5.0,5,4.166666666666667,-0.1027,Negative,-0.1027,0,6,8,302,you get what you pay for,81
"""Awful, rude airline""",A320,Business,Economy Class,Toulouse to London,2019-11-01,1.0,1.0,2.7091954022988505,2.636533432947329,3.0,1,1.8909548058743633,-0.7184,Negative,-0.7184,0,3,1,662,awful rude airline,26
"""Seats the same as economy""",A319,Solo Leisure,Business Class,London Heathrow to Stockholm,2019-11-01,3.0,5.0,5.0,3.4,5.0,4,4.233333333333333,0.0,Neutral,0.0,1,5,3,196,seats the same as economy,10
"""we had limited recline seats seats""",A380,Family Leisure,Economy Class,Johannesburg to London,2019-11-01,1.0,3.0,3.0,3.0,2.0,1,2.1666666666666665,-0.2263,Negative,-0.2263,0,6,17,302,we had limited recline seats seats,81
"""Overall a good flight""",A380,Couple Leisure,Business Class,Johannesburg to London,2019-12-01,3.0,3.0,3.0,3.0,3.0,4,3.1666666666666665,0.4404,Positive,0.4404,2,4,17,302,overall a good flight,81
"""crew are so friendly""",Boeing 747-400,Solo Leisure,First Class,London Heathrow to Miami,2019-11-01,4.0,5.0,5.0,5.0,5.0,5,4.833333333333333,0.6269,Positive,0.6269,2,4,7,275,crew are so friendly,129
"""excellent with service""",A319,Solo Leisure,Business Class,Stockholm to London Heathrow,2019-11-01,3.0,5.0,5.0,3.4,5.0,4,4.233333333333333,0.5719,Positive,0.5719,2,3,3,196,excellent with service,10
"""cabin crew where fantastic""",Boeing 777-300,Couple Leisure,Economy Class,London to Sydney via Singapore,2019-11-01,3.0,4.0,4.0,2.0,3.0,4,3.3333333333333335,0.5574,Positive,0.5574,2,4,5,54,cabin crew where fantastic,167
"""utter nightmares""",Boeing 747-400,Couple Leisure,Business Class,London to New York JFK,2019-11-01,1.0,4.0,3.0,1.0,1.0,1,1.8333333333333333,0.0,Neutral,0.0,1,2,8,275,utter nightmares,129
"""the shortage of staff""",Boeing 777-200,Solo Leisure,Business Class,Gatwick to Bridgetown,2019-12-01,3.0,2.0,3.0,3.0,3.0,2,2.6666666666666665,-0.25,Negative,-0.25,0,4,4,171,the shortage of staff,157
"""lacks personalized attention""",Boeing 777,Business,Business Class,Brussels to Bangkok via London,2019-11-01,4.0,2.0,2.0,3.0,4.0,3,3.0,0.0,Neutral,0.0,1,3,1,452,lacks personalized attention,145
"""missed my connecting flight""",Boeing 777-200,Business,Economy Class,San Francisco to Oslo via London,2019-11-01,1.0,2.0,2.0,2.0,1.0,1,1.5,-0.296,Negative,-0.296,0,4,1,171,missed my connecting flight,157
"""said that I need to check my baggage""",Boeing 777,Couple Leisure,Economy Class,Los Angeles to Berlin via London,2019-11-01,3.0,1.0,2.7091954022988505,2.636533432947329,1.0,1,1.8909548058743633,0.0,Neutral,0.0,1,8,1,452,said that i need to check my baggage,145
"""inflight service was distinctly average""",A380,Couple Leisure,Business Class,London to Johannesburg,2019-11-01,3.0,3.0,3.0,3.0,3.0,3,3.0,0.0,Neutral,0.0,1,5,21,302,inflight service was distinctly average,81
"""delayed due to maintenance""",Boeing 787 Dreamliner,Business,Premium Economy,London to Bangalore,2019-11-01,4.0,4.0,2.0,2.0,2.0,2,2.6666666666666665,-0.2263,Negative,-0.2263,0,4,3,2,delayed due to maintenance,175
"""cabin crew were so kind""",Boeing 777-300,Solo Leisure,Economy Class,London to Sydney via Singapore,2019-11-01,5.0,5.0,3.0,3.4,5.0,5,4.3999999999999995,0.656,Positive,0.656,2,5,5,54,cabin crew were so kind,167
"""Will never fly BA again""",A320,Solo Leisure,Economy Class,Lisbon to London,2019-11-01,1.0,3.2404661016949152,2.7091954022988505,2.636533432947329,1.0,1,1.9310324894901825,0.0,Neutral,0.0,1,5,8,662,will never fly ba again,26
"""very disappointed with the service they provide""",A320,Solo Leisure,Economy Class,London Heathrow to Glasgow,2019-11-01,4.0,3.0,2.7091954022988505,2.636533432947329,4.0,2,3.0576214725410296,-0.5256,Negative,-0.5256,0,7,3,662,very disappointed with the service they provide,26
"""Surprisingly good flight""",Boeing 787-9,Family Leisure,Economy Class,doha to londonDoha to London,2019-11-01,5.0,5.0,4.0,4.0,5.0,5,4.666666666666667,0.6249,Positive,0.6249,2,3,1,54,surprisingly good flight,184
"""plane was old and cramped""",A380,Family Leisure,Economy Class,London to Buenos Aires,2019-11-01,2.0,3.0,2.0,1.0,3.0,2,2.1666666666666665,0.0,Neutral,0.0,1,5,2,302,plane was old and cramped,81
"""Movie selection below average""",A380,Couple Leisure,Economy Class,San Francisco to London,2019-11-01,4.0,2.0,3.0,2.0,3.0,3,2.8333333333333335,0.0,Neutral,0.0,1,4,10,302,movie selection below average,81
"""What a disappointment of an airline""",Boeing 777-300,Business,Business Class,Sydney to Singapore,2019-11-01,1.0,1.0,1.0,1.0,2.0,1,1.1666666666666667,-0.5106,Negative,-0.5106,0,6,4,54,what a disappointment of an airline,167
"""I begrudge flying with them""",Boeing 777,Family Leisure,Economy Class,London to Mauritius,2019-11-01,1.0,4.0,1.0,1.0,1.0,2,1.6666666666666667,0.0,Neutral,0.0,1,5,2,452,i begrudge flying with them,145
"""excellent premium host service""",Boeing 747-400,Business,Business Class,Los Angeles to Amsterdam via London,2019-11-01,5.0,5.0,5.0,5.0,5.0,5,5.0,0.5719,Positive,0.5719,2,4,1,275,excellent premium host service,129
"""a remarkably bad experience""",Boeing 747-400,Solo Leisure,Economy Class,London to Vancouver,2019-11-01,2.0,2.0,2.0,1.0,2.0,3,2.0,-0.5849,Negative,-0.5849,0,4,11,275,a remarkably bad experience,129
"""It used to be a good airline""",Boeing 747-400,Couple Leisure,Economy Class,New York to Paris via London,2019-11-01,1.0,1.0,1.0,1.0,1.0,1,1.0,0.4404,Positive,0.4404,2,7,1,275,it used to be a good airline,129
"""left a great deal to be desired""",A320,Couple Leisure,Business Class,London Heathrow to Lisbon,2019-11-01,4.0,1.0,2.0,2.0,5.0,2,2.6666666666666665,0.7351,Positive,0.7351,2,7,4,662,left a great deal to be desired,26
"""Food was fairly good both ways""",Boeing 777,Solo Leisure,Economy Class,London to Boston,2019-11-01,4.0,4.0,4.0,4.0,4.0,3,3.8333333333333335,0.4404,Positive,0.4404,2,6,10,452,food was fairly good both ways,145
"""a very friendly and welcoming crew""",A320,Business,Economy Class,Tirana to London,2019-11-01,4.0,5.0,3.0,5.0,5.0,5,4.5,0.7688,Positive,0.7688,2,6,1,662,a very friendly and welcoming crew,26
"""Great service on this flight""",Boeing 747-400,Solo Leisure,Economy Class,Gatwick to St Lucia,2019-11-01,5.0,5.0,5.0,5.0,5.0,5,5.0,0.6249,Positive,0.6249,2,5,4,275,great service on this flight,129
"""They were friendly, welcoming""",A380,Family Leisure,Economy Class,London to Singapore,2019-11-01,4.0,5.0,4.0,5.0,5.0,4,4.5,0.7269,Positive,0.7269,2,4,8,302,they were friendly welcoming,81
"""find an alternative airline""",A380,Solo Leisure,Economy Class,London to San Francisco,2019-11-01,1.0,4.0,3.0,2.0,4.0,2,2.6666666666666665,0.0,Neutral,0.0,1,4,8,302,find an alternative airline,81
"""pleased with all aspects""",A320,Couple Leisure,Business Class,Gatwick to Venice,2019-09-01,4.0,5.0,4.0,2.6,5.0,4,4.1000000000000005,0.4404,Positive,0.4404,2,4,4,662,pleased with all aspects,26
"""still awaiting a refund""",A320,Couple Leisure,Economy Class,Bordeaux to Gatwick,2019-09-01,2.859667633869692,3.2404661016949152,2.7091954022988505,2.636533432947329,2.755620723362659,1,2.533580549028908,0.0,Neutral,0.0,1,4,1,662,still awaiting a refund,26
"""loved every minute of the flight""",Boeing 787-9,Couple Leisure,Business Class,Seychelles to London,2019-10-01,5.0,5.0,5.0,5.0,4.0,5,4.833333333333333,0.5994,Positive,0.5994,2,6,2,54,loved every minute of the flight,184
"""don’t trust BA with your loved ones""",A320,Couple Leisure,Economy Class,London to Belfast,2019-10-01,3.0,2.0,2.7091954022988505,2.636533432947329,1.0,2,2.2242881392076965,0.802,Positive,0.802,2,7,6,662,dont trust ba with your loved ones,26
"""downgraded to premium economy""",Boeing 747-400,Business,Premium Economy,London to Cape Town,2019-10-01,2.859667633869692,3.2404661016949152,2.7091954022988505,2.636533432947329,1.0,1,2.2409770951351313,0.0,Neutral,0.0,1,4,15,275,downgraded to premium economy,129
"""seems they were understaffed""",Boeing 787,Couple Leisure,Business Class,San Jose to London,2019-10-01,2.0,4.0,4.0,1.0,3.0,2,2.6666666666666665,0.0,Neutral,0.0,1,4,1,97,seems they were understaffed,172
"""offering an ultra low cost service""",A321neo,Solo Leisure,Economy Class,London Heathrow to Edinburgh,2019-10-01,1.0,3.0,1.0,1.4,3.0,3,2.066666666666667,-0.2732,Negative,-0.2732,0,6,2,15,offering an ultra low cost service,72
"""Food was fine and service friendly""",Boeing 777-200,Family Leisure,Economy Class,Gatwick to Barbados,2019-10-01,4.0,4.0,4.0,5.0,5.0,5,4.5,0.6124,Positive,0.6124,2,6,6,171,food was fine and service friendly,157
"""Service was fantastic""",Boeing 777,Couple Leisure,Economy Class,Toronto to London,2019-10-01,3.0,5.0,5.0,5.0,5.0,5,4.666666666666667,0.5574,Positive,0.5574,2,3,10,452,service was fantastic,145
"""check in counter was closed""",A320,Solo Leisure,Economy Class,Jeddah to London,2019-10-01,1.0,1.0,1.0,5.0,1.0,1,1.6666666666666667,0.0,Neutral,0.0,1,5,1,662,check in counter was closed,26
"""no free food nor drink""",A320,Business,Economy Class,Zurich to London,2019-10-01,1.0,1.0,2.7091954022988505,2.636533432947329,2.0,3,2.05762147254103,0.5106,Positive,0.5106,2,5,5,662,no free food nor drink,26
"""we had an excellent flight""",A380,Couple Leisure,Business Class,San Francisco to London,2019-10-01,5.0,5.0,5.0,4.0,5.0,4,4.666666666666667,0.5719,Positive,0.5719,2,5,10,302,we had an excellent flight,81
"""very happy with this short flight""",A319,Solo Leisure,Business Class,London to Belfast,2019-10-01,5.0,5.0,5.0,3.4,5.0,5,4.733333333333333,0.6115,Positive,0.6115,2,6,6,196,very happy with this short flight,10
"""Worst customer experience""",Boeing 777-200,Couple Leisure,Economy Class,London Gatwick to Salzburg,2019-04-01,2.0,3.0,3.0,2.0,2.0,2,2.3333333333333335,-0.6249,Negative,-0.6249,0,3,2,171,worst customer experience,157
"""three hours to get rebooking""",Embraer,Business,Economy Class,Frankfurt to London,2019-10-01,1.0,4.0,2.0,2.0,1.0,1,1.8333333333333333,0.0,Neutral,0.0,1,5,5,18,three hours to get rebooking,200
"""an awesome experience""",A321 Neo,Business,Economy Class,Hyderabad to San Francisco via London,2019-10-01,3.0,5.0,2.0,3.0,3.0,3,3.1666666666666665,0.6249,Positive,0.6249,2,3,1,4,an awesome experience,64
"""seat are surprisingly comfortable""",Boeing 747-400,Business,Business Class,Vancouver to London,2019-10-01,4.0,1.0,1.0,4.0,3.0,2,2.5,0.6705,Positive,0.6705,2,4,17,275,seat are surprisingly comfortable,129
"""clueless staff full of attitude""",A320,Solo Leisure,Economy Class,London to Malaga,2019-10-01,1.0,1.0,2.7091954022988505,2.636533432947329,1.0,1,1.5576214725410298,-0.3612,Negative,-0.3612,0,5,7,662,clueless staff full of attitude,26
"""Extremely poor communication""",A320,Business,Economy Class,Brussels to London,2019-10-01,4.0,4.0,2.7091954022988505,2.636533432947329,1.0,2,2.724288139207696,-0.5256,Negative,-0.5256,0,3,4,662,extremely poor communication,26
"""The seat was uncomfortable""",Boeing 777,Couple Leisure,Premium Economy,London to Singapore,2019-10-01,1.0,1.0,1.0,1.4,3.0,1,1.4000000000000001,-0.3818,Negative,-0.3818,0,4,8,452,the seat was uncomfortable,145
"""did not mention it was normal coffee""",Boeing 787,Solo Leisure,Premium Economy,Kuala Lumpur to Glasgow via London,2019-10-01,5.0,1.0,2.0,3.0,2.0,1,2.3333333333333335,0.0,Neutral,0.0,1,7,1,97,did not mention it was normal coffee,172
"""crew were very attentive""",Boeing 787-900,Couple Leisure,Business Class,London Heathrow to Seychelles,2019-10-01,5.0,5.0,5.0,5.0,5.0,5,5.0,0.0,Neutral,0.0,1,4,1,8,crew were very attentive,190
"""45 minutes before my bag came""",A320-200,Couple Leisure,Economy Class,Edinburgh to London Heathrow,2019-10-01,3.0,3.0,2.7091954022988505,2.636533432947329,1.0,1,2.2242881392076965,0.0,Neutral,0.0,1,6,1,14, minutes before my bag came,45
"""comfortable seats""",A321,Couple Leisure,Economy Class,Amman to London,2019-09-01,4.0,4.0,4.0,4.0,4.0,4,4.0,0.5106,Positive,0.5106,2,2,5,126,comfortable seats,59
"""glorified budget airline""",A320,Business,Economy Class,London to Athens,2019-10-01,3.0,2.0,2.7091954022988505,2.636533432947329,4.0,2,2.724288139207696,0.5106,Positive,0.5106,2,3,11,662,glorified budget airline,26
"""easily the most cramped space I have ever flown""",Boeing 777,Couple Leisure,Economy Class,New York JFK to London,2019-10-01,1.0,2.0,1.0,1.0,1.0,1,1.1666666666666667,0.34,Positive,0.34,2,9,4,452,easily the most cramped space i have ever flown,145
"""Seats were uncomfortable""",Boeing 777-200,Couple Leisure,Premium Economy,Buenos Aires to London Heathrow,2019-09-01,1.0,3.0,1.0,1.0,4.0,1,1.8333333333333333,-0.3818,Negative,-0.3818,0,3,2,171,seats were uncomfortable,157
"""It’s almost like a low cost""","Boeing 787-9, A320-200",Solo Leisure,Economy Class,Mexico City to Barcelona via London Heathrow,2019-09-01,5.0,4.0,4.0,4.0,4.0,3,4.0,0.0953,Positive,0.0953,2,6,1,1,its almost like a low cost,188
"""Couldn’t ask for more""",A319,Couple Leisure,Economy Class,Bari to London Gatwick,2019-09-01,4.0,5.0,4.0,2.6,4.0,5,4.1000000000000005,0.0,Neutral,0.0,1,4,2,196,couldnt ask for more,10
"""zero feeling of comfort""",Boeing 787,Couple Leisure,Premium Economy,Abu Dhabi to London Heathrow,2019-09-01,1.0,3.0,1.0,1.4,4.0,1,1.9000000000000001,0.4588,Positive,0.4588,2,4,1,97,zero feeling of comfort,172
"""they were really good""",Boeing 787-900,Couple Leisure,Economy Class,London Heathrow to Abu Dhabi,2019-10-01,5.0,5.0,5.0,4.0,5.0,4,4.666666666666667,0.4927,Positive,0.4927,2,4,1,8,they were really good,190
"""cancelled and rescheduled""",Boeing 787,Couple Leisure,Economy Class,Johannesburg to Amsterdam via London,2019-09-01,4.0,5.0,1.0,1.0,1.0,2,2.3333333333333335,-0.25,Negative,-0.25,0,3,1,97,cancelled and rescheduled,172
"""the experience was outstanding""",A350,Business,Business Class,Dubai to London Heathrow,2019-09-01,5.0,5.0,5.0,3.0,5.0,4,4.5,0.6124,Positive,0.6124,2,4,6,39,the experience was outstanding,79
"""first and definitely last time""",A320,Solo Leisure,Economy Class,Istanbul to New York via London,2019-10-01,3.0,3.0,3.0,3.0,1.0,1,2.3333333333333335,0.4019,Positive,0.4019,2,5,1,662,first and definitely last time,26
"""appreciate your excellent service""",Boeing 767,Couple Leisure,Economy Class,Rome to London Heathrow,2019-10-01,2.0,5.0,5.0,3.4,5.0,5,4.233333333333333,0.7506,Positive,0.7506,2,4,3,68,appreciate your excellent service,140
"""one of the worst experiences""",A320,Business,Economy Class,London to Athens,2019-10-01,1.0,3.0,2.7091954022988505,2.636533432947329,1.0,1,1.8909548058743633,-0.6249,Negative,-0.6249,0,5,11,662,one of the worst experiences,26
"""seats on the flight were comfortable""",A320,Solo Leisure,Economy Class,London Heathrow to Newcastle,2019-10-01,4.0,4.0,2.7091954022988505,2.636533432947329,5.0,4,3.724288139207696,0.5106,Positive,0.5106,2,6,1,662,seats on the flight were comfortable,26
"""seats are incredibly uncomfortable""",A380,Solo Leisure,Economy Class,Calgary to Gothenburg via London,2019-09-01,1.0,4.0,3.0,4.0,4.0,3,3.1666666666666665,-0.4391,Negative,-0.4391,0,4,1,302,seats are incredibly uncomfortable,81
"""such a pleasant experience""",Boeing 787-9,Family Leisure,Economy Class,Kuala Lumpur to London,2019-10-01,5.0,5.0,5.0,5.0,5.0,5,5.0,0.5106,Positive,0.5106,2,4,3,54,such a pleasant experience,184
"""Another pleasant flight""",Boeing 747,Couple Leisure,Business Class,Austin to London,2019-10-01,3.0,3.0,3.0,3.4,3.0,4,3.233333333333333,0.5106,Positive,0.5106,2,3,3,135,another pleasant flight,117
"""Better than I was expecting""",Boeing 787,Couple Leisure,Premium Economy,London to Kuala Lumpur,2019-08-01,5.0,4.0,3.0,4.0,4.0,4,4.0,0.4404,Positive,0.4404,2,5,5,97,better than i was expecting,172
"""zero customer service""",Boeing 777,Couple Leisure,Premium Economy,Newark to Madrid via London,2019-10-01,3.0,3.0,1.0,3.0,3.0,3,2.6666666666666665,0.0,Neutral,0.0,1,3,1,452,zero customer service,145
"""there is no lounge at Kos""",A320,Couple Leisure,Business Class,Kos to Gatwick,2019-10-01,4.0,3.0,2.0,2.0,1.0,3,2.5,-0.296,Negative,-0.296,0,6,1,662,there is no lounge at kos,26
"""Club Europe had no advantages""",A320,Business,Business Class,Gatwick to Alicante,2019-09-01,5.0,5.0,5.0,5.0,2.0,5,4.5,-0.2755,Negative,-0.2755,0,5,4,662,club europe had no advantages,26
"""Very enjoyable flight""",A380,Solo Leisure,Premium Economy,Vancouver to London,2019-09-01,5.0,5.0,4.0,4.0,4.0,4,4.333333333333333,0.4927,Positive,0.4927,2,3,17,302,very enjoyable flight,81
"""No room to move""",A319,Couple Leisure,Economy Class,Gatwick to Alicante,2019-09-01,1.0,3.0,2.7091954022988505,2.636533432947329,3.0,1,2.2242881392076965,0.0,Neutral,0.0,1,4,4,196,no room to move,10
"""staff wonderful. cheerful, efficient""",Boeing 747,Couple Leisure,Business Class,London Heathrow to Austin,2019-09-01,4.0,5.0,4.0,2.0,3.0,5,3.8333333333333335,0.875,Positive,0.875,2,4,3,135,staff wonderful cheerful efficient,117
"""it was the most enjoyable flight""",Boeing 747,Couple Leisure,Business Class,London Heathrow to Austin,2019-09-01,4.0,4.0,4.0,1.0,4.0,4,3.5,0.4927,Positive,0.4927,2,6,3,135,it was the most enjoyable flight,117
"""I never received the refund""",A320,Couple Leisure,Economy Class,London Gatwick to Jersey,2019-09-01,2.859667633869692,3.2404661016949152,2.7091954022988505,2.636533432947329,2.755620723362659,1,2.533580549028908,0.0,Neutral,0.0,1,5,1,662,i never received the refund,26
"""not too bad, all in all""",A320,Couple Leisure,Business Class,Cephalonia to London,2019-09-01,3.0,4.0,4.0,2.6,3.0,3,3.266666666666667,0.431,Positive,0.431,2,6,1,662,not too bad all in all,26
"""Delays after delays""",A380,Family Leisure,Economy Class,Chicago to Zurich via London,2019-08-01,1.0,4.0,1.0,1.0,1.0,3,1.8333333333333333,0.0,Neutral,0.0,1,3,1,302,delays after delays,81
"""a great flight""",A320,Solo Leisure,Business Class,Glasgow to London,2019-09-01,4.0,5.0,5.0,3.4,5.0,5,4.566666666666666,0.6249,Positive,0.6249,2,3,4,662,a great flight,26
"""the value was very good""",A321,Solo Leisure,Economy Class,London Heathrow to Berlin Tegel,2019-09-01,5.0,5.0,3.0,3.4,3.0,5,4.066666666666666,0.6801,Positive,0.6801,2,5,1,126,the value was very good,59
"""Abysmal customer services""",A319,Couple Leisure,Business Class,London to Milan,2019-09-01,1.0,1.0,2.7091954022988505,2.636533432947329,1.0,1,1.5576214725410298,0.0,Neutral,0.0,1,3,6,196,abysmal customer services,10
"""no different to a budget airline""",EMB190,Business,Economy Class,London to Geneva,2019-09-01,4.0,2.0,1.0,1.4,4.0,2,2.4,0.0,Neutral,0.0,1,6,4,1,no different to a budget airline,199
"""wanted to change our departure date""",A380,Couple Leisure,Business Class,Los Angeles to Istanbul via London,2019-09-01,2.0,4.0,1.0,1.4,1.0,1,1.7333333333333334,0.0,Neutral,0.0,1,6,1,302,wanted to change our departure date,81
"""a nightmare""",Boeing 747-400,Family Leisure,Premium Economy,Phoenix to Tel Aviv via London,2019-08-01,3.0,5.0,3.0,3.0,1.0,1,2.6666666666666665,0.0,Neutral,0.0,1,2,1,275,a nightmare,129
"""lacklustre at best""",A320,Couple Leisure,Business Class,London to Kefalonia,2019-09-01,3.0,2.0,2.0,2.0,3.0,3,2.5,0.6369,Positive,0.6369,2,3,1,662,lacklustre at best,26
"""don’t know which airline is at fault""",A320,Solo Leisure,Economy Class,London to Dublin,2019-09-01,2.0,5.0,2.7091954022988505,2.636533432947329,1.0,3,2.724288139207696,-0.4019,Negative,-0.4019,0,7,5,662,dont know which airline is at fault,26
"""decline in the service level""",A380,Couple Leisure,Business Class,Hong Kong to London,2019-09-01,3.0,4.0,1.0,1.0,1.0,1,1.8333333333333333,0.0,Neutral,0.0,1,5,11,302,decline in the service level,81
"""suitcase was 4cm oversize""",A320,Couple Leisure,Economy Class,Gatwick to Seville,2019-09-01,3.0,3.0,2.7091954022988505,2.636533432947329,1.0,1,2.2242881392076965,0.0,Neutral,0.0,1,4,1,662,suitcase was cm oversize,26
"""Full credit to the crew""",Boeing 777-200,Business,Economy Class,London Heathrow to Abuja Nigeria,2019-09-01,3.0,4.0,1.0,1.0,1.0,2,2.0,0.3818,Positive,0.3818,2,5,1,171,full credit to the crew,157
"""What an awful plane""",Boeing 777-300,Solo Leisure,Economy Class,London to Bangkok,2019-09-01,2.0,3.0,4.0,1.0,4.0,3,2.8333333333333335,-0.4588,Negative,-0.4588,0,4,6,54,what an awful plane,167
"""inflight service was top notch""",Boeing 747-400,Couple Leisure,Business Class,Belfast to San Francisco via London,2019-08-01,5.0,5.0,5.0,5.0,5.0,5,5.0,0.2023,Positive,0.2023,2,5,2,275,inflight service was top notch,129
"""Still recommended by me""",A319,Couple Leisure,Economy Class,London to Gothenburg,2019-09-01,4.0,4.0,2.7091954022988505,2.636533432947329,4.0,4,3.5576214725410296,0.2023,Positive,0.2023,2,4,2,196,still recommended by me,10
"""a waste of money""",Boeing 777-200,Family Leisure,Business Class,Orlando to Gatwick,2019-07-01,1.0,1.0,1.0,1.4,1.0,1,1.0666666666666667,-0.4215,Negative,-0.4215,0,4,5,171,a waste of money,157
"""welcome wasn’t especially friendly""",Boeing 787 / A320,Solo Leisure,Business Class,Mahe to Stockholm via London,2019-09-01,1.0,2.0,2.0,4.0,1.0,2,2.0,0.7574,Positive,0.7574,2,4,1,6,welcome wasnt especially friendly,174
"""been upgraded to Club World""",A319 / Boeing777,Couple Leisure,Business Class,Glasgow to Tampa via Gatwick,2019-09-01,4.0,5.0,3.0,3.0,5.0,4,4.0,0.0,Neutral,0.0,1,5,1,1,been upgraded to club world,21
"""standards on BA have plummeted""",Boeing 777-200,Family Leisure,Economy Class,Orlando to Gatwick,2019-09-01,2.0,3.0,1.0,4.0,3.0,1,2.3333333333333335,0.0,Neutral,0.0,1,5,5,171,standards on ba have plummeted,157
"""Good value flight""",Boeing 787,Family Leisure,Economy Class,London to Abu Dhabi,2019-08-01,3.0,4.0,5.0,5.0,4.0,4,4.166666666666667,0.6486,Positive,0.6486,2,3,2,97,good value flight,172
"""not worth the money""",A320,Couple Leisure,Business Class,London to St Petersburgh,2019-08-01,1.0,3.0,1.0,1.4,5.0,1,2.066666666666667,-0.1695,Negative,-0.1695,0,4,2,662,not worth the money,26
"""the food was horrendous""",Boeing 777,Business,Premium Economy,Sydney to London via Singapore,2019-05-01,4.0,2.0,1.0,2.0,4.0,3,2.6666666666666665,-0.5859,Negative,-0.5859,0,4,8,452,the food was horrendous,145
"""buyer beware""",A380,Couple Leisure,Business Class,London to Johannesburg,2019-09-01,1.0,1.0,2.7091954022988505,2.636533432947329,1.0,1,1.5576214725410298,0.0,Neutral,0.0,1,2,21,302,buyer beware,81
"""a waste of money""",Boeing 747-400,Family Leisure,Business Class,Palma de Mallorca to London Heathrow,2019-08-01,1.0,3.0,2.0,2.0,3.0,1,2.0,-0.4215,Negative,-0.4215,0,4,1,275,a waste of money,129
"""trip has been really smooth""",Boeing 777,Family Leisure,Economy Class,Chennai to London,2019-08-01,5.0,5.0,4.0,4.0,5.0,5,4.666666666666667,0.0,Neutral,0.0,1,5,3,452,trip has been really smooth,145
"""she looked after me so well""",Boeing 747-400,Solo Leisure,Economy Class,Edinburgh to Kuala Lumpur via London,2019-07-01,5.0,5.0,5.0,5.0,5.0,5,5.0,0.4101,Positive,0.4101,2,6,1,275,she looked after me so well,129
"""feel worthless as a customer""",Boeing 777,Business,Business Class,London City to Amsterdam,2019-07-01,3.0,3.0,2.7091954022988505,2.636533432947329,1.0,1,2.2242881392076965,-0.4404,Negative,-0.4404,0,5,1,452,feel worthless as a customer,145
"""asked them to cancel my ticket""",Embraer 190,Solo Leisure,Economy Class,Dublin to Mauritius via London,2019-02-01,2.859667633869692,3.2404661016949152,2.7091954022988505,2.636533432947329,2.755620723362659,1,2.533580549028908,-0.25,Negative,-0.25,0,6,1,15,asked them to cancel my ticket,202
"""Overall, the journey was great""",Boeing 777-200,Family Leisure,First Class,London to Shanghai,2019-08-01,5.0,5.0,4.0,3.0,5.0,5,4.5,0.6249,Positive,0.6249,2,5,4,171,overall the journey was great,157
"""you will not be able to get any help""",Boeing 747,Business,Business Class,Chicago to Heathrow via Barcelona,2019-08-01,3.0,3.0,3.0,4.0,1.0,3,2.8333333333333335,0.4019,Positive,0.4019,2,9,1,135,you will not be able to get any help,117
"""They were beyond amazing!""",Boeing 787,Family Leisure,Economy Class,New Orleans to London,2018-11-01,5.0,5.0,5.0,5.0,5.0,5,5.0,0.6239,Positive,0.6239,2,4,3,97,they were beyond amazing,172
"""flight was cancelled 3 days in a row""",Boeing 747,Family Leisure,Premium Economy,Boston to Copenhagen via London,2019-06-01,1.0,1.0,1.0,1.0,1.0,1,1.0,-0.25,Negative,-0.25,0,8,1,135,flight was cancelled  days in a row,117
"""service was totally unacceptable""",A320,Couple Leisure,Economy Class,Hong Kong to Copenhagen via London,2019-08-01,3.0,2.0,2.7091954022988505,2.636533432947329,1.0,2,2.2242881392076965,-0.5095,Negative,-0.5095,0,4,1,662,service was totally unacceptable,26
"""customer service is increasingly low cost in feel""",Boeing 777-200,Business,Business Class,London Gatwick to San Jose Costa Rica,2019-07-01,1.0,3.0,4.0,1.0,5.0,1,2.5,-0.2732,Negative,-0.2732,0,8,2,171,customer service is increasingly low cost in feel,157
"""crew were very helpful""",Boeing 777,Solo Leisure,Economy Class,London to Dubai,2019-08-01,3.0,4.0,3.0,3.0,1.0,3,2.8333333333333335,0.4754,Positive,0.4754,2,4,10,452,crew were very helpful,145
"""Crew on board very friendly and helpful""","A340-300, A320",Family Leisure,Business Class,Toronto to Pisa London Heathrow,2019-08-01,4.0,5.0,5.0,5.0,5.0,5,4.833333333333333,0.762,Positive,0.762,2,7,1,1,crew on board very friendly and helpful,78
"""crew were welcoming and informative""",A320,Family Leisure,Economy Class,London Heathrow to Venice Marco Polo,2019-08-01,4.0,5.0,2.7091954022988505,2.636533432947329,4.0,4,3.724288139207696,0.4404,Positive,0.4404,2,5,1,662,crew were welcoming and informative,26
"""would do everything to never fly British Airways again""",A380,Couple Leisure,Premium Economy,Chicago to London,2019-08-01,2.0,4.0,2.0,2.0,1.0,3,2.3333333333333335,0.0,Neutral,0.0,1,9,6,302,would do everything to never fly british airways again,81
"""aircraft was narrow""",A321neo,Family Leisure,Economy Class,London to Larnaca,2019-08-01,1.0,3.0,2.7091954022988505,2.636533432947329,2.0,1,2.05762147254103,0.0,Neutral,0.0,1,3,7,15,aircraft was narrow,72
"""Excellent customer service""",Boeing 777-200,Family Leisure,Economy Class,Gatwick to Orlando,2019-07-01,4.0,5.0,4.0,4.0,5.0,4,4.333333333333333,0.5719,Positive,0.5719,2,3,6,171,excellent customer service,157
"""There is enough legroom2",A320,Family Leisure,Economy Class,London to Munich,2019-08-01,4.0,4.0,2.7091954022988505,2.636533432947329,2.0,3,3.0576214725410296,0.0,Neutral,0.0,1,4,4,662,there is enough legroom,26
"""will try to avoid this airline""",A320,Business,Economy Class,London to Glasgow,2019-06-01,2.0,2.0,3.0,3.4,1.0,1,2.066666666666667,-0.296,Negative,-0.296,0,6,5,662,will try to avoid this airline,26
"""seats are aging and uncomfortable""",A380,Business,Business Class,London to Hong Kong,2019-08-01,1.0,5.0,3.0,3.0,4.0,1,2.8333333333333335,-0.3818,Negative,-0.3818,0,5,15,302,seats are aging and uncomfortable,81
"""the flight was very pleasant""",A320,Solo Leisure,Economy Class,Vienna to Heathrow,2019-07-01,4.0,5.0,5.0,3.0,5.0,4,4.333333333333333,0.5563,Positive,0.5563,2,5,1,662,the flight was very pleasant,26
"""A shambolic airline""",A321,Couple Leisure,Business Class,Malaga to London,2019-08-01,1.0,2.0,2.0,1.0,1.0,1,1.3333333333333333,0.0,Neutral,0.0,1,3,4,126,a shambolic airline,59
"""Extremely disappointed trip""",Boeing 777-300,Couple Leisure,Business Class,Sydney to Singapore,2019-08-01,1.0,4.0,3.0,3.0,1.0,1,2.1666666666666665,-0.5256,Negative,-0.5256,0,3,4,54,extremely disappointed trip,167
"""Utterly appalling""",A319,Solo Leisure,Economy Class,London Heathrow to Inverness,2019-08-01,2.0,3.0,2.7091954022988505,2.636533432947329,1.0,1,2.05762147254103,-0.4201,Negative,-0.4201,0,2,1,196,utterly appalling,10
"""Very tired and disappointed""",A319,Solo Leisure,Economy Class,Heathrow to Glasgow,2019-08-01,1.0,1.0,2.7091954022988505,2.636533432947329,1.0,1,1.5576214725410298,-0.762,Negative,-0.762,0,4,2,196,very tired and disappointed,10
"""awful experience from beginning to end""",A320,Solo Leisure,Economy Class,Inverness to Vancouver via London,2019-08-01,2.0,2.0,1.0,1.0,1.0,1,1.3333333333333333,-0.4588,Negative,-0.4588,0,6,1,662,awful experience from beginning to end,26
"""a below average service""",A19,Couple Leisure,Economy Class,London Heathrow to Brussels,2019-08-01,2.0,4.0,2.0,1.0,1.0,1,1.8333333333333333,0.0,Neutral,0.0,1,4,5,4,a below average service,6
"""they managed to cut more costs""",A319,Solo Leisure,Economy Class,London to Nice,2019-08-01,2.859667633869692,3.2404661016949152,2.7091954022988505,2.636533432947329,1.0,1,2.2409770951351313,-0.2732,Negative,-0.2732,0,6,3,196,they managed to cut more costs,10
"""time for some heads to roll""",A320,Couple Leisure,Business Class,Palma to London Heathrow,2019-08-01,1.0,1.0,1.0,1.0,1.0,1,1.0,0.0,Neutral,0.0,1,6,1,662,time for some heads to roll,26
"""Trip was basic""",Embraer 190,Couple Leisure,Economy Class,London City to Ibiza,2019-08-01,3.0,2.0,1.0,1.4,2.0,2,1.9000000000000001,0.0,Neutral,0.0,1,3,2,15,trip was basic,202
"""split all family quite far away apart""",A318,Family Leisure,Economy Class,London to Faro,2019-08-01,2.859667633869692,3.2404661016949152,2.7091954022988505,2.636533432947329,2.755620723362659,1,2.533580549028908,0.0,Neutral,0.0,1,7,2,6,split all family quite far away apart,9
"""Staff  not in high standards""",Boeing 787,Couple Leisure,Economy Class,Calgary to London,2019-07-01,3.0,1.0,1.0,4.0,5.0,3,2.8333333333333335,0.0,Neutral,0.0,1,5,4,97,staff  not in high standards,172
"""pretty good, despite the delay""",A321-200,Family Leisure,Economy Class,London Heathrow to Sofia,2019-07-01,5.0,5.0,4.0,2.6,4.0,4,4.1000000000000005,0.7942,Positive,0.7942,2,5,5,5,pretty good despite the delay,67
"""due to the delay I had to miss it""",Boeing 747,Solo Leisure,Business Class,Nice to Kuwait via London,2019-07-01,1.0,1.0,2.7091954022988505,2.636533432947329,1.0,1,1.5576214725410298,-0.4404,Negative,-0.4404,0,9,1,135,due to the delay i had to miss it,117
"""made memorable by air hostess""",Boeing 777,Couple Leisure,Economy Class,Buenos Aires to London Heathrow,2019-07-01,3.0,5.0,4.0,2.0,4.0,4,3.6666666666666665,0.0,Neutral,0.0,1,5,2,452,made memorable by air hostess,145
"""seat is quite comfortable.""",Boeing 777-300ER,Family Leisure,Economy Class,Hong Kong to London,2019-07-01,4.0,3.0,3.0,3.0,2.0,3,3.0,0.5563,Positive,0.5563,2,4,11,18,seat is quite comfortable,169
"""What a useless organisation""",Boeing 747,Business,Premium Economy,London Heathrow to Las Vegas,2019-07-01,3.0,4.0,4.0,4.0,1.0,3,3.1666666666666665,-0.4215,Negative,-0.4215,0,4,4,135,what a useless organisation,117
"""are staff preparing to go on strike""",A320,Solo Leisure,Business Class,London Heathrow to Malaga,2019-07-01,2.0,1.0,1.0,1.4,3.0,1,1.5666666666666667,-0.128,Negative,-0.128,0,7,4,662,are staff preparing to go on strike,26
"""777 aircraft is looking old""",B777-200,Business,Economy Class,London to Delhi,2019-06-01,1.0,1.0,3.0,2.0,3.0,2,2.0,0.0,Neutral,0.0,1,5,8,8, aircraft is looking old,108
"""Thank you so much!""",A380,Solo Leisure,Economy Class,Seattle to Durban via London,2019-07-01,4.0,5.0,3.0,4.0,5.0,5,4.333333333333333,0.4199,Positive,0.4199,2,4,1,302,thank you so much,81
"""Noisy cabin, tiny screens""",Boeing 747-400,Family Leisure,Economy Class,London Heathrow to Austin,2019-07-01,1.0,3.0,1.0,1.0,3.0,2,1.8333333333333333,-0.1779,Negative,-0.1779,0,4,3,275,noisy cabin tiny screens,129
"""worst business class experience""",A320,Business,Business Class,Mykonos to London,2019-07-01,2.0,1.0,2.7091954022988505,2.636533432947329,1.0,1,1.7242881392076965,-0.6249,Negative,-0.6249,0,4,2,662,worst business class experience,26
"""flight has improved my opinion on British Airways""",Boeing 737-800,Family Leisure,Economy Class,Johannesburg OR Tambo to Cape Town,2019-07-01,4.0,5.0,5.0,5.0,5.0,5,4.833333333333333,0.4767,Positive,0.4767,2,8,1,6,flight has improved my opinion on british airways,115
"""seat comfort has been sacrificed""",Boeing 777-200,Family Leisure,Economy Class,Grenada to Gatwick,2019-07-01,1.0,4.0,3.0,5.0,4.0,3,3.3333333333333335,0.3612,Positive,0.3612,2,5,1,171,seat comfort has been sacrificed,157
"""delayed by 3 hours""",A320,Family Leisure,Economy Class,Prague to London,2019-07-01,1.0,1.0,2.7091954022988505,2.636533432947329,1.0,1,1.5576214725410298,-0.2263,Negative,-0.2263,0,4,5,662,delayed by  hours,26
"""professional and very friendly""",Boeing 777,Solo Leisure,Premium Economy,London to Dubai,2019-07-01,5.0,5.0,3.0,5.0,5.0,5,4.666666666666667,0.5413,Positive,0.5413,2,4,10,452,professional and very friendly,145
"""staff were helpful and friendly""",Boeing 777-200,Family Leisure,Economy Class,Tel Aviv to Toronto via London,2019-07-01,4.0,5.0,4.0,4.0,4.0,5,4.333333333333333,0.7184,Positive,0.7184,2,5,1,171,staff were helpful and friendly,157
"""sent to the wrong baggage drop""",A321,Solo Leisure,Business Class,Heathrow to Manchester,2019-07-01,2.0,3.0,2.7091954022988505,2.636533432947329,1.0,1,2.05762147254103,-0.6369,Negative,-0.6369,0,6,3,126,sent to the wrong baggage drop,59
"""team was very friendly""",A320,Solo Leisure,Business Class,Brussels to Larnaca via London,2019-06-01,3.0,4.0,4.0,2.6,4.0,4,3.6,0.5413,Positive,0.5413,2,4,1,662,team was very friendly,26
"""The meal was inedible""",A320,Couple Leisure,Business Class,Stockholm to London,2019-07-01,2.0,1.0,1.0,1.4,3.0,1,1.5666666666666667,0.0,Neutral,0.0,1,4,4,662,the meal was inedible,26
"""no apologies from the staff""",Boeing 777,Business,Business Class,Toronto to London,2019-07-01,2.0,1.0,3.0,3.4,1.0,1,1.9000000000000001,0.0,Neutral,0.0,1,5,10,452,no apologies from the staff,145
"""don’t waste your money on an overnight flight""",Boeing 737,Family Leisure,Premium Economy,Orlando to London,2019-07-01,3.0,4.0,1.0,3.0,3.0,3,2.8333333333333335,-0.4215,Negative,-0.4215,0,8,5,9,dont waste your money on an overnight flight,112
"""Meal service had no choice""",A320,Couple Leisure,Business Class,Lisbon to London,2019-07-01,1.0,1.0,1.0,1.4,2.0,1,1.2333333333333334,-0.296,Negative,-0.296,0,5,8,662,meal service had no choice,26
"""changed to late evening arrival""",A320,Solo Leisure,Economy Class,Heathrow to Marseille,2018-09-01,1.0,1.0,1.0,1.0,1.0,1,1.0,0.0,Neutral,0.0,1,5,2,662,changed to late evening arrival,26
"""nothing left of business class""",A320,Business,Business Class,Madrid to London,2019-07-01,3.0,1.0,2.7091954022988505,2.636533432947329,1.0,1,1.8909548058743633,0.0,Neutral,0.0,1,5,9,662,nothing left of business class,26
"""would not help compensate\2",A319,Family Leisure,Economy Class,Gatwick to Glasgow,2019-07-01,1.0,1.0,2.7091954022988505,2.636533432947329,1.0,1,1.5576214725410298,-0.3089,Negative,-0.3089,0,4,1,196,would not help compensate,10
"""flight dispatcher closed the flight""",Embraer,Couple Leisure,Economy Class,Frankfurt to London,2019-07-01,3.0,1.0,2.7091954022988505,2.636533432947329,1.0,1,1.8909548058743633,0.0,Neutral,0.0,1,5,5,18,flight dispatcher closed the flight,200
"""Complete confusion""",A321,Couple Leisure,Economy Class,London to Olbia,2019-07-01,2.0,1.0,1.0,1.4,2.0,1,1.4000000000000001,-0.296,Negative,-0.296,0,2,1,126,complete confusion,59
"""I asked to be put in a hotel""",A319 / E190,Solo Leisure,Economy Class,Rotterdam to London City,2019-07-01,3.0,4.0,3.0,3.4,1.0,2,2.733333333333333,0.0,Neutral,0.0,1,8,3,3,i asked to be put in a hotel,22
"""Staff on both flights fine""",A320 neo,Business,Economy Class,Dublin to London,2019-07-01,4.0,4.0,2.7091954022988505,2.636533432947329,4.0,4,3.5576214725410296,0.2023,Positive,0.2023,2,5,5,1,staff on both flights fine,39
"""last we saw of the crew for 4 hours""",B777-200,Couple Leisure,Economy Class,Barbados to Gatwick,2019-07-01,3.0,1.0,1.0,4.0,3.0,3,2.5,0.0,Neutral,0.0,1,9,1,8,last we saw of the crew for  hours,108
"""outstanding courtesy and service""",A380,Solo Leisure,Economy Class,London Heathrow to Singapore,2019-06-01,5.0,5.0,5.0,5.0,5.0,5,5.0,0.7579,Positive,0.7579,2,4,5,302,outstanding courtesy and service,81
"""last ever trip on BA""",A321,Business,Economy Class,Madrid to London Heathrow,2019-06-01,1.0,1.0,1.0,1.4,1.0,1,1.0666666666666667,0.0,Neutral,0.0,1,5,7,126,last ever trip on ba,59
"""went above and beyond for me""",A320,Solo Leisure,Economy Class,London Heathrow to Oslo,2019-06-01,4.0,5.0,5.0,3.4,4.0,4,4.233333333333333,0.0,Neutral,0.0,1,6,1,662,went above and beyond for me,26
"""delayed by over 3hrs""",A319 / Boeing 789,Business,Economy Class,Hamburg to Abu Dhabi via London Heathrow,2019-06-01,1.0,2.0,2.0,2.0,1.0,3,1.8333333333333333,-0.2263,Negative,-0.2263,0,4,1,1,delayed by over hrs,20
"""a positive experience""",Boeing 777-200 and A319,Solo Leisure,Economy Class,New York to Glasgow via London,2019-06-01,3.0,3.0,3.0,4.0,3.0,4,3.3333333333333335,0.5574,Positive,0.5574,2,3,1,2,a positive experience,161
"""staff went above and beyond""",Boeing 747-400,Family Leisure,Economy Class,London Heathrow to New York,2019-06-01,5.0,5.0,5.0,1.0,5.0,5,4.333333333333333,0.0,Neutral,0.0,1,5,1,275,staff went above and beyond,129
"""10/10 for this flight""",Boeing 777-200,Family Leisure,Business Class,Gatwick to Bermuda,2019-06-01,4.0,5.0,5.0,5.0,3.0,5,4.5,0.0,Neutral,0.0,1,4,1,171, for this flight,157
"""a very enjoyable trip""",A320,Couple Leisure,Business Class,London Heathrow to Larnaca,2019-06-01,4.0,5.0,5.0,3.4,5.0,5,4.566666666666666,0.4927,Positive,0.4927,2,4,3,662,a very enjoyable trip,26
"""Outbound flight was fine""",A320-200,Couple Leisure,Economy Class,Gatwick to Cagliari,2019-06-01,3.0,2.0,1.0,1.4,4.0,1,2.066666666666667,0.2023,Positive,0.2023,2,4,2,14,outbound flight was fine,45
"""all in all decent flights""",A320,Couple Leisure,Economy Class,Heathrow to Kalamata,2019-06-01,5.0,4.0,3.0,3.4,3.0,3,3.5666666666666664,0.0,Neutral,0.0,1,5,1,662,all in all decent flights,26
"""Terminal 5 is the most bizarre""",A319,Business,Economy Class,London to Gothenburg,2019-06-01,2.859667633869692,3.2404661016949152,2.7091954022988505,2.636533432947329,2.0,2,2.5743104284684644,-0.3804,Negative,-0.3804,0,6,2,196,terminal  is the most bizarre,10
"""I was told the gate was shut""",A320,Solo Leisure,Economy Class,Amsterdam to London,2019-02-01,2.859667633869692,3.2404661016949152,2.7091954022988505,2.636533432947329,1.0,1,2.2409770951351313,0.0,Neutral,0.0,1,7,9,662,i was told the gate was shut,26
"""the cabin crew were great""",A321 Neo,Business,Economy Class,Istanbul to London,2019-06-01,1.0,4.0,2.0,2.0,4.0,3,2.6666666666666665,0.6249,Positive,0.6249,2,5,10,4,the cabin crew were great,64
"""return flight was very cold""",A321 / Boeing 787-9,Family Leisure,Economy Class,Manchester to Kuala Lumpur via London,2018-10-01,2.0,2.0,2.0,4.0,3.0,3,2.6666666666666665,0.0,Neutral,0.0,1,5,1,2,return flight was very cold,63
"""Crew was pretty average""",A320,Solo Leisure,Economy Class,London to Dusseldorf,2019-01-01,3.0,3.0,3.0,3.4,5.0,4,3.5666666666666664,0.4939,Positive,0.4939,2,4,2,662,crew was pretty average,26
"""certainly one of the worst""",Boeing 787,Solo Leisure,Business Class,London to Seoul,2019-06-01,1.0,1.0,2.0,1.0,1.0,1,1.1666666666666667,-0.4019,Negative,-0.4019,0,5,3,97,certainly one of the worst,172
"""more cramped than I expected""",A380,Solo Leisure,Economy Class,London to Vancouver,2019-06-01,2.0,4.0,4.0,2.0,3.0,3,3.0,0.0,Neutral,0.0,1,5,11,302,more cramped than i expected,81
"""ready with another ticket""",A320,Solo Leisure,Economy Class,Newcastle to Delhi via London,2019-06-01,2.0,2.0,2.0,1.0,1.0,1,1.5,0.3612,Positive,0.3612,2,4,1,662,ready with another ticket,26
"""Not worth the money""",Boeing 747,Business,Business Class,Miami to Delhi via London Heathrow,2019-06-01,1.0,3.0,3.0,3.4,2.0,1,2.2333333333333334,-0.1695,Negative,-0.1695,0,4,1,135,not worth the money,117
"""So much for British Airways""",Boeing 777-300,Solo Leisure,Economy Class,London to Sydney via Singapore,2019-06-01,3.0,3.0,1.0,5.0,1.0,2,2.5,0.0,Neutral,0.0,1,5,5,54,so much for british airways,167
"""cramped seat with no lights""",Boeing 777,Couple Leisure,Economy Class,Phoenix to Amsterdam via London,2019-05-01,1.0,3.0,1.0,1.0,4.0,3,2.1666666666666665,-0.296,Negative,-0.296,0,5,1,452,cramped seat with no lights,145
"""special meal not on either flight""",Boeing 777 / 747,Solo Leisure,Economy Class,Tel Aviv to New York via London,2019-06-01,3.0,4.0,1.0,5.0,3.0,3,3.1666666666666665,0.4019,Positive,0.4019,2,6,1,2,special meal not on either flight,148
"""I might fly them again""",A319 / Boeing 777,Solo Leisure,Economy Class,Belfast  to Atlanta via London,2019-04-01,3.0,4.0,2.0,3.0,3.0,2,2.8333333333333335,0.0,Neutral,0.0,1,5,1,5,i might fly them again,16
"""the crew that was so nice""",Boeing 777-200,Family Leisure,Economy Class,Buenos Aires to London,2019-06-01,5.0,5.0,4.0,5.0,5.0,5,4.833333333333333,0.5598,Positive,0.5598,2,6,3,171,the crew that was so nice,157
"""my luggage arrived soaking wet""",Boeing 787-9,Business,Business Class,London to Nashville,2019-05-01,1.0,1.0,1.0,1.0,1.0,1,1.0,0.0,Neutral,0.0,1,5,1,54,my luggage arrived soaking wet,184
"""high level of service and friendliness""",B747-400 in retro,Solo Leisure,First Class,London to Washington,2019-06-01,5.0,5.0,5.0,3.0,5.0,5,4.666666666666667,0.4588,Positive,0.4588,2,6,6,1,high level of service and friendliness,105
"""process was ridiculously slow""",Boeing 787-9,Couple Leisure,Economy Class,Newcastle to Berlin via London,2019-06-01,3.0,3.0,2.7091954022988505,2.636533432947329,1.0,1,2.2242881392076965,-0.34,Negative,-0.34,0,4,1,54,process was ridiculously slow,184
"""suitcase didn’t arrive""",A320,Family Leisure,Economy Class,Gatwick to Madrid,2019-05-01,2.0,2.0,2.7091954022988505,2.636533432947329,1.0,1,1.8909548058743633,0.0,Neutral,0.0,1,3,1,662,suitcase didnt arrive,26
"""wanted to return a day early""",Boeing 777,Couple Leisure,Economy Class,London to Tampa,2019-05-01,1.0,1.0,1.0,1.0,1.0,1,1.0,0.0,Neutral,0.0,1,6,6,452,wanted to return a day early,145
"""asked me to keep my luggage down""",Boeing 777,Business,Economy Class,London to Bengaluru,2019-06-01,4.0,3.0,4.0,3.0,3.0,4,3.5,0.0,Neutral,0.0,1,7,2,452,asked me to keep my luggage down,145
"""first class experience""",B777-200,Couple Leisure,First Class,London to Delhi,2019-05-01,4.0,5.0,4.0,4.0,4.0,4,4.166666666666667,0.0,Neutral,0.0,1,3,8,8,first class experience,108
"""cancelled as we missed outgoing flight""",Boeing 777-200,Couple Leisure,Economy Class,London Heathrow to Dubai,2019-05-01,2.859667633869692,3.2404661016949152,2.7091954022988505,2.636533432947329,2.755620723362659,1,2.533580549028908,-0.25,Negative,-0.25,0,6,8,171,cancelled as we missed outgoing flight,157
"""service went from good to superb""",Boeing 747,Couple Leisure,Economy Class,London to Seattle,2019-05-01,4.0,5.0,4.0,2.6,5.0,5,4.266666666666667,0.7906,Positive,0.7906,2,6,5,135,service went from good to superb,117
"""trying to seat together""",A380,Couple Leisure,Economy Class,Johannesburg to London,2019-05-01,3.0,4.0,3.0,5.0,4.0,5,4.0,0.0,Neutral,0.0,1,4,17,302,trying to seat together,81
"""couple of very good flights""",A319/A320,Business,Economy Class,London to Milan,2019-05-01,3.0,5.0,3.0,3.4,4.0,3,3.5666666666666664,0.4927,Positive,0.4927,2,5,6,3,couple of very good flights,24
"""service on this flight was superb""",B737-400 / A380 / A319,Couple Leisure,Business Class,Durban to Leeds via Johannesburg / Heathrow,2019-05-01,4.0,5.0,5.0,5.0,5.0,5,4.833333333333333,0.6249,Positive,0.6249,2,6,1,2,service on this flight was superb,100
"""Very nice experience""",Boeing 787,Couple Leisure,Business Class,London Heathrow to Los Angeles,2019-05-01,4.0,5.0,5.0,5.0,5.0,4,4.666666666666667,0.4754,Positive,0.4754,2,3,3,97,very nice experience,172
"""an old style business class experience""",Boeing 744,Couple Leisure,Business Class,Cape Town to London Heathrow,2019-05-01,3.0,4.0,4.0,3.0,4.0,3,3.5,0.0,Neutral,0.0,1,6,7,1,an old style business class experience,116
"""The legroom was terrible""",A321,Business,Economy Class,Sofia to Belfast via London,2019-05-01,1.0,1.0,1.0,1.4,1.0,1,1.0666666666666667,-0.4767,Negative,-0.4767,0,4,1,126,the legroom was terrible,59
"""seat was uncomfortable""",Boeing 777-200,Couple Leisure,Economy Class,Lima to Gatwick,2019-05-01,2.0,4.0,4.0,1.0,4.0,3,3.0,-0.3818,Negative,-0.3818,0,3,1,171,seat was uncomfortable,157
"""comfort was very bad""",A320,Solo Leisure,Economy Class,Inverness to Auckland via Singapore,2019-05-01,1.0,5.0,4.0,4.0,4.0,2,3.3333333333333335,-0.3167,Negative,-0.3167,0,4,1,662,comfort was very bad,26
"""expected a better level of attention to detail""",A380,Solo Leisure,Business Class,Heathrow to Singapore,2019-05-01,3.0,3.0,2.0,4.0,3.0,3,3.0,0.4404,Positive,0.4404,2,8,2,302,expected a better level of attention to detail,81
"""an hour or so to drop off luggage""",A320,Business,Economy Class,Lyon to London,2019-05-01,4.0,3.0,2.0,2.0,1.0,3,2.5,-0.3353,Negative,-0.3353,0,8,2,662,an hour or so to drop off luggage,26
"""return flight extremely poor""",Boeing 777-200,Couple Leisure,Economy Class,Gatwick to Barbados,2019-05-01,3.0,1.0,2.0,4.0,3.0,3,2.6666666666666665,-0.5256,Negative,-0.5256,0,4,6,171,return flight extremely poor,157
"""should not have to pay water """,A320,Couple Leisure,Economy Class,Marseille to London,2019-05-01,3.0,1.0,3.0,3.4,1.0,2,2.2333333333333334,0.0762,Positive,0.0762,2,7,2,662,should not have to pay water ,26
"""crew were very efficient""",Boeing 787,Family Leisure,Business Class,London to Chennai,2019-05-01,4.0,5.0,5.0,5.0,5.0,4,4.666666666666667,0.4754,Positive,0.4754,2,4,3,97,crew were very efficient,172
"""Overall a decent flight""",A320,Solo Leisure,Economy Class,Gatwick to Malaga,2019-05-01,5.0,5.0,4.0,2.6,4.0,5,4.266666666666667,0.0,Neutral,0.0,1,4,5,662,overall a decent flight,26
"""Was very comfortable""",A380 / Boeing 777,Solo Leisure,Economy Class,Boston to London Heathrow,2019-05-01,4.0,4.0,3.0,3.0,4.0,4,3.6666666666666665,0.5563,Positive,0.5563,2,3,1,4,was very comfortable,85
"""a pretty good flight""",Boeing 747-400,Couple Leisure,First Class,London to Cape Town,2019-05-01,4.0,4.0,4.0,3.0,3.0,3,3.5,0.7269,Positive,0.7269,2,4,15,275,a pretty good flight,129
"""the excellent cabin crew""",Boeing 747-400,Couple Leisure,Economy Class,New York to Heathrow,2019-05-01,3.0,5.0,3.0,5.0,2.0,3,3.5,0.5719,Positive,0.5719,2,4,1,275,the excellent cabin crew,129
"""check in my bag at the gate""",A321,Business,Economy Class,London to Aberdeen,2019-05-01,2.0,2.0,2.7091954022988505,2.636533432947329,1.0,1,1.8909548058743633,0.0,Neutral,0.0,1,7,3,126,check in my bag at the gate,59
British Airways customer review,A319,Business,Business Class,Gatwick to Dubrovnik,2019-05-01,1.0,3.0,2.7091954022988505,2.636533432947329,1.0,1,1.8909548058743633,0.0,Neutral,0.0,1,4,3,196,british airways customer review,10
"""was very disappointed""",Boeing 777-200,Couple Leisure,Premium Economy,London to Shanghai,2019-03-01,1.0,1.0,1.0,1.0,1.0,1,1.0,-0.5256,Negative,-0.5256,0,3,4,171,was very disappointed,157
"""baggage is always last off""",A320,Business,Business Class,Faro to Heathrow,2019-05-01,3.0,4.0,4.0,2.6,1.0,2,2.766666666666667,0.0,Neutral,0.0,1,5,2,662,baggage is always last off,26
"""BA were way ahead of the competition""",A380,Couple Leisure,Economy Class,Vancouver to London,2019-05-01,4.0,5.0,4.0,3.0,4.0,4,4.0,0.0,Neutral,0.0,1,7,17,302,ba were way ahead of the competition,81
"""four rows away from my partner""",A320,Couple Leisure,Business Class,Gatwick to Tenerife,2019-05-01,1.0,4.0,1.0,1.4,1.0,1,1.5666666666666667,0.0,Neutral,0.0,1,6,2,662,four rows away from my partner,26
"""nothing too much trouble""",Boeing 747 400,Business,First Class,Washington to London,2019-05-01,4.0,4.0,4.0,4.0,3.0,4,3.8333333333333335,0.3089,Positive,0.3089,2,4,10,10,nothing too much trouble,123
"""pleasant and professional""",Embraer,Solo Leisure,Economy Class,Rome Fiumicino to London City,2019-05-01,5.0,5.0,5.0,3.4,5.0,5,4.733333333333333,0.5106,Positive,0.5106,2,3,1,18,pleasant and professional,200
"""disappointing business class""",Boeing 777-200,Business,Business Class,London to Shanghai,2019-04-01,2.0,1.0,1.0,1.0,3.0,2,1.6666666666666667,-0.4939,Negative,-0.4939,0,3,4,171,disappointing business class,157
"""customer service is horrible""",Boeing 777,Couple Leisure,Economy Class,Seattle to London,2019-05-01,3.0,5.0,2.0,2.0,1.0,1,2.3333333333333335,-0.5423,Negative,-0.5423,0,4,3,452,customer service is horrible,145
"""Thanks to the crew""",A321,Business,Economy Class,London City to Zurich,2019-04-01,5.0,5.0,5.0,3.4,4.0,5,4.566666666666666,0.4404,Positive,0.4404,2,4,1,126,thanks to the crew,59
"""delayed for 5 hours""",A320,Couple Leisure,Economy Class,Bucharest to London,2019-04-01,3.0,3.0,2.7091954022988505,2.636533432947329,1.0,1,2.2242881392076965,-0.2263,Negative,-0.2263,0,4,4,662,delayed for  hours,26
"""impeccable, attentive and delightful""",Boeing 787,Solo Leisure,Business Class,London to Calgary,2018-12-01,5.0,5.0,5.0,5.0,1.0,5,4.333333333333333,0.5859,Positive,0.5859,2,4,2,97,impeccable attentive and delightful,172
"""staff were absolutely delightful""",Boeing 747,Couple Leisure,Business Class,Vancouver to London,2019-04-01,5.0,5.0,5.0,5.0,5.0,5,5.0,0.624,Positive,0.624,2,4,17,135,staff were absolutely delightful,117
"""Perfect welcome""",A380,Couple Leisure,Business Class,Miami to London Heathrow,2019-04-01,4.0,5.0,4.0,3.0,4.0,4,4.0,0.7717,Positive,0.7717,2,2,7,302,perfect welcome,81
"""appears it was a window""",A380,Solo Leisure,Economy Class,Houston to London Heathrow,2019-04-01,2.0,1.0,1.0,1.4,2.0,2,1.5666666666666667,0.0,Neutral,0.0,1,5,2,302,appears it was a window,81
"""worst business class trip""",B777-200,Business,Business Class,London to Delhi,2019-04-01,2.0,2.0,2.0,2.0,3.0,2,2.1666666666666665,-0.6249,Negative,-0.6249,0,4,8,8,worst business class trip,108
"""no longer getting compensated""",A320,Business,Economy Class,Bucharest to London,2019-04-01,2.0,2.0,2.7091954022988505,2.636533432947329,1.0,1,1.8909548058743633,0.0,Neutral,0.0,1,4,4,662,no longer getting compensated,26
"""found the crew very friendly""",Boeing 777-200/300,Couple Leisure,Economy Class,London Heathrow to Bengaluru,2019-04-01,3.0,5.0,4.0,2.0,5.0,5,4.0,0.5413,Positive,0.5413,2,5,1,1,found the crew very friendly,162
"""seats had been changed by BA""",A320,Business,Business Class,Madrid to London,2019-04-01,1.0,1.0,2.7091954022988505,2.636533432947329,1.0,1,1.5576214725410298,0.0,Neutral,0.0,1,6,9,662,seats had been changed by ba,26
"""a very good overall service""",A319,Solo Leisure,Economy Class,Dublin to London Heathrow,2019-04-01,4.0,3.0,1.0,1.4,4.0,3,2.733333333333333,0.4927,Positive,0.4927,2,5,3,196,a very good overall service,10
"""the product is outdated""",Boeing 747-400,Business,Business Class,London to Seattle,2019-04-01,4.0,2.0,3.0,3.0,3.0,2,2.8333333333333335,0.0,Neutral,0.0,1,4,5,275,the product is outdated,129
"""Flight was good""",A320,Family Leisure,Business Class,London to Gibraltar,2019-04-01,4.0,5.0,5.0,3.4,4.0,5,4.3999999999999995,0.4404,Positive,0.4404,2,3,1,662,flight was good,26
"""Not good for business""",Boeing 747,Business,Business Class,London to Boston,2019-03-01,2.0,3.0,4.0,1.0,4.0,2,2.6666666666666665,-0.3412,Negative,-0.3412,0,4,10,135,not good for business,117
"""behind the competition""",Boeing 787-9,Family Leisure,Business Class,London to Doha,2019-04-01,3.0,4.0,3.0,1.0,5.0,4,3.3333333333333335,0.0,Neutral,0.0,1,3,2,54,behind the competition,184
"""staff exceptionally friendly""",Boeing 747,Couple Leisure,Economy Class,London Heathrow to Houston,2019-04-01,5.0,5.0,5.0,4.0,4.0,4,4.5,0.5413,Positive,0.5413,2,3,1,135,staff exceptionally friendly,117
"""personal space is so tight""",A320,Business,Business Class,Larnaca to London,2019-03-01,1.0,4.0,4.0,2.6,3.0,1,2.6,0.0,Neutral,0.0,1,5,2,662,personal space is so tight,26
"""arrived reasonably promptly""",A321-200,Solo Leisure,Economy Class,Zurich to London,2019-04-01,4.0,1.0,1.0,1.4,3.0,2,2.066666666666667,0.0,Neutral,0.0,1,3,5,5,arrived reasonably promptly,67
"""very professional and pleasant""",A320,Solo Leisure,Economy Class,London to Pisa,2019-04-01,5.0,4.0,2.0,2.0,3.0,3,3.1666666666666665,0.552,Positive,0.552,2,4,5,662,very professional and pleasant,26
"""a fantastic flight""",Boeing 787-9,Couple Leisure,First Class,London to Tokyo Narita,2018-11-01,5.0,5.0,5.0,5.0,5.0,5,5.0,0.5574,Positive,0.5574,2,3,1,54,a fantastic flight,184
"""onboard service was abysmal""",Boeing 777,Couple Leisure,Business Class,Bridgetown to Gatwick,2019-03-01,4.0,1.0,2.0,2.0,4.0,1,2.3333333333333335,0.0,Neutral,0.0,1,4,3,452,onboard service was abysmal,145
"""both involuntarily downgraded""",777,Couple Leisure,Economy Class,St Lucia to Gatwick,2019-04-01,1.0,2.0,1.0,1.0,1.0,1,1.1666666666666667,0.0,Neutral,0.0,1,3,5,3,both involuntarily downgraded,1
"""had to have a middle seat""",A380,Solo Leisure,Economy Class,Chicago to London,2019-04-01,1.0,1.0,1.0,1.4,1.0,1,1.0666666666666667,0.0,Neutral,0.0,1,6,6,302,had to have a middle seat,81
"""food portions so meagre""",Boeing 777,Family Leisure,Economy Class,London to Bangalore,2018-09-01,3.0,1.0,1.0,1.4,2.0,3,1.9000000000000001,0.0,Neutral,0.0,1,4,3,452,food portions so meagre,145
"""Seats very uncomfortable""",A320/B788,Solo Leisure,Economy Class,Hamburg to Abu Dhabi via Heathrow,2019-04-01,1.0,3.0,2.0,2.0,3.0,4,2.5,-0.4391,Negative,-0.4391,0,3,1,1,seats very uncomfortable,53
"""treat customers with care.""",A321,Couple Leisure,Economy Class,London to Seville,2019-03-01,2.859667633869692,3.2404661016949152,2.7091954022988505,2.636533432947329,4.0,4,3.2409770951351313,0.7096,Positive,0.7096,2,4,2,126,treat customers with care,59
"""nothing has changed""",Boeing 787-9 / A319,Family Leisure,Business Class,Doha to Paris via London,2019-03-01,5.0,4.0,2.0,2.0,4.0,3,3.3333333333333335,0.0,Neutral,0.0,1,3,1,2,nothing has changed,186
"""best short haul flight""",A320 Neo,Couple Leisure,Business Class,Madrid to London,2019-03-01,3.0,5.0,5.0,3.4,4.0,4,4.066666666666666,0.6369,Positive,0.6369,2,4,9,2,best short haul flight,37
"""Very, very mediocre""",Boeing 777-300,Couple Leisure,Economy Class,Tokyo to London,2019-03-01,2.0,3.0,1.0,2.0,3.0,2,2.1666666666666665,0.0,Neutral,0.0,1,3,2,54,very very mediocre,167
"""The crew were excellent""",Boeing 747-400,Solo Leisure,Economy Class,London to Vancouver,2019-03-01,3.0,5.0,4.0,4.0,4.0,4,4.0,0.5719,Positive,0.5719,2,4,11,275,the crew were excellent,129
"""Service on board was excellent""",Boeing 777,Solo Leisure,First Class,London to Mumbai,2019-03-01,4.0,5.0,2.0,3.0,4.0,4,3.6666666666666665,0.5719,Positive,0.5719,2,5,6,452,service on board was excellent,145
"""special meal was not available""",Boeing 777,Business,First Class,London to Chicago,2019-03-01,2.0,2.0,1.0,1.0,2.0,2,1.6666666666666667,0.4019,Positive,0.4019,2,5,9,452,special meal was not available,145
"""my question never answered""",A320,Solo Leisure,Economy Class,Leeds Bradford to Las Vegas via Heathrow,2018-09-01,3.0,5.0,3.0,4.0,5.0,3,3.8333333333333335,0.0,Neutral,0.0,1,4,1,662,my question never answered,26
"""the worst experience""",Boeing 777,Solo Leisure,First Class,Dallas to London Heathrow,2019-03-01,2.0,1.0,3.0,3.0,3.0,1,2.1666666666666665,-0.6249,Negative,-0.6249,0,3,1,452,the worst experience,145
"""Effectively a budget airline""",Boeing 777,Couple Leisure,Economy Class,Tenerife to Heathrow,2019-03-01,1.0,4.0,1.0,1.4,2.0,1,1.7333333333333334,0.4404,Positive,0.4404,2,4,1,452,effectively a budget airline,145
"""such a poor product""",A320,Business,Economy Class,London Heathrow to Larnaca Cyprus,2019-03-01,2.0,3.0,1.0,1.4,1.0,1,1.5666666666666667,-0.4767,Negative,-0.4767,0,4,1,662,such a poor product,26
"""a good product and service""",Boeing 787,Couple Leisure,Business Class,Los Angeles to London,2019-03-01,4.0,5.0,5.0,5.0,4.0,5,4.666666666666667,0.4404,Positive,0.4404,2,5,12,97,a good product and service,172
"""missed my connecting flight""",Boeing 747,Solo Leisure,Economy Class,London to Phoenix,2019-03-01,2.0,5.0,5.0,5.0,1.0,2,3.3333333333333335,-0.296,Negative,-0.296,0,4,6,135,missed my connecting flight,117
"""wouldn't allow change of dates""",A380,Business,Business Class,San Francisco to London,2018-04-01,2.859667633869692,3.2404661016949152,2.7091954022988505,2.636533432947329,2.755620723362659,1,2.533580549028908,-0.1695,Negative,-0.1695,0,5,10,302,wouldnt allow change of dates,81
"""online website is very clear""",A321,Solo Leisure,Economy Class,Rome to London,2019-03-01,5.0,4.0,1.0,1.4,5.0,5,3.5666666666666664,0.4391,Positive,0.4391,2,5,9,126,online website is very clear,59
"""No online check-in available""",A319,Business,Economy Class,Cologne to Gatwick,2019-03-01,3.0,2.0,2.7091954022988505,2.636533432947329,1.0,2,2.2242881392076965,0.0,Neutral,0.0,1,4,1,196,no online checkin available,10
"""won't reimburse me""",Boeing 777,Couple Leisure,Economy Class,Tampa to Gatwick,2019-03-01,2.0,2.0,2.0,2.0,1.0,1,1.6666666666666667,0.0,Neutral,0.0,1,3,5,452,wont reimburse me,145
"""service is of good quality""",A320,Business,Economy Class,London Heathrow to Madrid,2019-03-01,5.0,5.0,2.7091954022988505,2.636533432947329,5.0,5,4.2242881392076965,0.4404,Positive,0.4404,2,5,4,662,service is of good quality,26
"""effectively a low cost airline""",Boeing 777,Couple Leisure,Business Class,Gatwick to St Lucia,2019-02-01,2.0,1.0,1.0,1.0,3.0,1,1.5,0.2023,Positive,0.2023,2,5,4,452,effectively a low cost airline,145
"""a very pleasant flight""",Boeing 777,Business,Economy Class,London to Austin,2019-02-01,4.0,5.0,3.0,4.0,5.0,4,4.166666666666667,0.5563,Positive,0.5563,2,4,3,452,a very pleasant flight,145
"""The most miserable rip off""",A320,Family Leisure,Business Class,London to Pisa,2019-03-01,1.0,4.0,2.0,2.0,3.0,1,2.1666666666666665,-0.5413,Negative,-0.5413,0,5,5,662,the most miserable rip off,26
"""planes are ancient""",B777,Couple Leisure,Economy Class,Edinburgh to Boston via London,2019-03-01,1.0,2.0,1.0,1.0,1.0,1,1.1666666666666667,0.0,Neutral,0.0,1,3,1,2,planes are ancient,107
"""British Airways are a disgrace""",Boeing 777,Couple Leisure,Economy Class,Gatwick to Mauritius,2019-02-01,1.0,3.0,2.0,1.0,2.0,2,1.8333333333333333,-0.4939,Negative,-0.4939,0,5,6,452,british airways are a disgrace,145
"""crew on this flight amazing""",A380,Family Leisure,Economy Class,Heathrow to New York,2019-02-01,4.0,5.0,5.0,3.0,5.0,5,4.5,0.5859,Positive,0.5859,2,5,1,302,crew on this flight amazing,81
"""Last long haul BA flight""",Boeing 777,Solo Leisure,Economy Class,Gatwick to Cape Town,2019-02-01,1.0,4.0,1.0,1.0,4.0,3,2.3333333333333335,0.0,Neutral,0.0,1,5,2,452,last long haul ba flight,145
"""business class is just coach class""",Boeing 747,Business,Business Class,New York to Venice via London,2019-02-01,1.0,2.0,1.0,4.0,1.0,1,1.6666666666666667,0.0,Neutral,0.0,1,6,1,135,business class is just coach class,117
"""out of date airplanes""",B747-400,Business,Business Class,Chicago to London Heathrow,2019-02-01,1.0,1.0,1.0,1.0,1.0,1,1.0,0.0,Neutral,0.0,1,4,7,2,out of date airplanes,103
"""twenty years out of date""",Boeing 747-400,Business,First Class,London to Chicago,2019-02-01,1.0,2.0,1.0,1.0,1.0,1,1.1666666666666667,0.0,Neutral,0.0,1,5,9,275,twenty years out of date,129
"""Very disappointing service""",Boeing 767,Family Leisure,Economy Class,Prague to London Heathrow,2019-02-01,3.0,1.0,2.7091954022988505,2.636533432947329,3.0,2,2.390954805874363,-0.5413,Negative,-0.5413,0,3,1,68,very disappointing service,140
"""canceled 3 hours before""",A320,Solo Leisure,Economy Class,London City to Florence,2019-02-01,2.859667633869692,3.2404661016949152,2.7091954022988505,2.636533432947329,1.0,2,2.407643761801798,0.0,Neutral,0.0,1,4,1,662,canceled  hours before,26
"""no pre-dinner drinks served""",A380,Business,Business Class,London to Johannesburg,2018-12-01,2.0,1.0,1.0,3.0,4.0,1,2.0,0.0,Neutral,0.0,1,4,21,302,no predinner drinks served,81
"""the breakfast has improved""",Boeing 787-9,Business,Economy Class,Doha to London Heathrow,2019-02-01,3.0,3.0,3.0,2.0,3.0,3,2.8333333333333335,0.4767,Positive,0.4767,2,4,4,54,the breakfast has improved,184
"""knowledgeable and nice agent""",A380,Solo Leisure,Premium Economy,Miami to Tel Aviv via London,2018-10-01,5.0,5.0,5.0,5.0,5.0,5,5.0,0.4215,Positive,0.4215,2,4,1,302,knowledgeable and nice agent,81
"""worth the price""",Boeing 787-9,Business,Premium Economy,London to Seoul,2019-02-01,5.0,4.0,3.0,3.0,2.0,4,3.5,0.2263,Positive,0.2263,2,3,3,54,worth the price,184
"""this was a good flight""",Boeing 747-400,Family Leisure,Premium Economy,London to New York JFK,2019-02-01,4.0,5.0,4.0,5.0,5.0,4,4.5,0.4404,Positive,0.4404,2,5,8,275,this was a good flight,129
"""negligent in the extreme""",Boeing 777,Couple Leisure,Business Class,San Diego to London,2019-02-01,4.0,1.0,2.0,2.0,4.0,2,2.5,0.0,Neutral,0.0,1,4,5,452,negligent in the extreme,145
"""Much improved, well done""",Boeing 777,Business,Business Class,Gatwick to St Lucia,2019-02-01,4.0,4.0,4.0,4.0,3.0,3,3.6666666666666665,0.6369,Positive,0.6369,2,4,4,452,much improved well done,145
"""crew were very friendly""",Boeing 787,Solo Leisure,Economy Class,London to Chennai,2018-03-01,5.0,5.0,5.0,5.0,5.0,5,5.0,0.5413,Positive,0.5413,2,4,3,97,crew were very friendly,172
"""pay BA to check the new bag""",Boeing 777,Business,Economy Class,London to Tampa,2019-01-01,4.0,4.0,4.0,5.0,1.0,2,3.3333333333333335,-0.1027,Negative,-0.1027,0,7,6,452,pay ba to check the new bag,145
"""would be my last choice""",Boeing 787,Couple Leisure,Economy Class,Baltimore to London Heathrow,2019-02-01,1.0,1.0,1.0,1.0,2.0,2,1.3333333333333333,0.0,Neutral,0.0,1,5,2,97,would be my last choice,172
"""is not worth the fare""",Boeing 777,Solo Leisure,First Class,Bridgetown to Gatwick,2018-11-01,2.0,4.0,3.0,3.0,3.0,1,2.6666666666666665,-0.1695,Negative,-0.1695,0,5,3,452,is not worth the fare,145
"""IT systems went down""",A320,Couple Leisure,Economy Class,London to Athens,2018-12-01,3.0,5.0,1.0,1.0,1.0,2,2.1666666666666665,0.0,Neutral,0.0,1,4,11,662,it systems went down,26
"""overall experience was terrible""",A320,Solo Leisure,Economy Class,Amsterdam to London,2019-02-01,2.0,1.0,1.0,1.4,2.0,1,1.4000000000000001,-0.4767,Negative,-0.4767,0,4,9,662,overall experience was terrible,26
"""an amazing experience""",Boeing 787,Couple Leisure,Premium Economy,New Orleans to London,2018-09-01,5.0,4.0,5.0,5.0,4.0,5,4.666666666666667,0.5859,Positive,0.5859,2,3,3,97,an amazing experience,172
"""both felt a bit disappointed""",Boeing 787-9,Couple Leisure,Business Class,Tokyo Narita to London Heathrow,2019-01-01,4.0,3.0,5.0,5.0,5.0,4,4.333333333333333,-0.4767,Negative,-0.4767,0,5,2,54,both felt a bit disappointed,184
"""cabin staff were fantastic""",Boeing 777,Couple Leisure,First Class,London to Tokyo Haneda,2019-01-01,5.0,5.0,5.0,5.0,5.0,4,4.833333333333333,0.5574,Positive,0.5574,2,4,2,452,cabin staff were fantastic,145
"""he made my experience""",Boeing 777,Solo Leisure,Economy Class,London to Billund,2019-02-01,5.0,5.0,2.7091954022988505,2.636533432947329,5.0,5,4.2242881392076965,0.0,Neutral,0.0,1,4,1,452,he made my experience,145
"""Online Check-in did not work""",Boeing 747,Business,Premium Economy,San Diego to Frankfurt via London,2019-02-01,3.0,3.0,3.0,1.0,1.0,2,2.1666666666666665,0.0,Neutral,0.0,1,5,1,135,online checkin did not work,117
"""Reclaiming lost baggage was simple""",A320,Couple Leisure,Economy Class,Edinburgh to London Gatwick,2019-01-01,3.0,4.0,2.7091954022988505,2.636533432947329,5.0,4,3.5576214725410296,-0.3182,Negative,-0.3182,0,5,1,662,reclaiming lost baggage was simple,26
"""don't care about customers""",A320,Business,Business Class,Geneva to Philadelphia via London,2019-02-01,2.0,3.0,1.0,1.0,1.0,1,1.5,-0.3875,Negative,-0.3875,0,4,1,662,dont care about customers,26
"""Quick and easy flight""",A320,Family Leisure,Economy Class,London Heathrow to Paris CDG,2018-11-01,3.0,4.0,4.0,2.0,4.0,4,3.5,0.4404,Positive,0.4404,2,4,3,662,quick and easy flight,26
"""an average experience""",A380,Family Leisure,Business Class,Johannesburg to London,2019-02-01,3.0,3.0,3.0,4.0,3.0,3,3.1666666666666665,0.0,Neutral,0.0,1,3,17,302,an average experience,81
"crew were extremely noisy""",Embraer 190,Solo Leisure,Economy Class,Edinburgh to Bangalore via Heathrow,2019-02-01,3.0,1.0,3.0,1.0,1.0,1,1.6666666666666667,-0.2484,Negative,-0.2484,0,4,1,15,crew were extremely noisy,202
"""don't include drinks or snacks""",A380 / A319,Solo Leisure,Economy Class,Berlin to Johannesburg via London,2018-03-01,3.0,3.0,2.0,3.0,4.0,4,3.1666666666666665,0.0,Neutral,0.0,1,5,1,2,dont include drinks or snacks,82
"""extremely average flight""",Boeing 777,Family Leisure,Economy Class,New York JFK to London Heathrow,2018-08-01,3.0,4.0,3.0,2.0,3.0,3,3.0,0.0,Neutral,0.0,1,3,4,452,extremely average flight,145
"""now struggle to see the value""",A319,Business,Economy Class,London to Milan,2018-11-01,3.0,4.0,2.0,2.0,4.0,2,2.8333333333333335,0.0258,Neutral,0.0258,1,6,6,196,now struggle to see the value,10
British Airways customer review,Boeing 747-400,Couple Leisure,Economy Class,New York to London via Geneva,2019-01-01,2.0,1.0,4.0,3.0,4.0,2,2.6666666666666665,0.0,Neutral,0.0,1,4,1,275,british airways customer review,129
"""reasonable flight""",A380,Couple Leisure,First Class,Johannesburg to London,2019-01-01,4.0,3.0,3.0,3.0,3.0,3,3.1666666666666665,0.0,Neutral,0.0,1,2,17,302,reasonable flight,81
"""it's showing its age""",A380,Couple Leisure,Business Class,London to Johannesburg,2019-01-01,3.0,4.0,4.0,3.0,3.0,3,3.3333333333333335,0.0,Neutral,0.0,1,4,21,302,its showing its age,81
"""Crew on this sector were good""",A380,Family Leisure,Business Class,London to Johannesburg,2019-01-01,4.0,5.0,4.0,5.0,4.0,4,4.333333333333333,0.4404,Positive,0.4404,2,6,21,302,crew on this sector were good,81
"""Excellent short flight""",A320,Business,Business Class,London to Dublin,2019-01-01,5.0,5.0,5.0,3.4,2.0,5,4.233333333333333,0.5719,Positive,0.5719,2,3,5,662,excellent short flight,26
"""a worn-out Boeing 777""",Boeing 777,Couple Leisure,Premium Economy,Bermuda to Gatwick,2019-01-01,1.0,1.0,1.0,1.0,3.0,1,1.3333333333333333,0.0,Neutral,0.0,1,4,2,452,a wornout boeing ,145
"""business class seats were small""",A319 / A320,Business,Business Class,Kuala Lumpur to Miami via London,2019-01-01,2.0,2.0,1.0,1.4,2.0,3,1.9000000000000001,0.0,Neutral,0.0,1,5,1,4,business class seats were small,11
"""I decided no BA anymore""",A321-200,Solo Leisure,Economy Class,Zurich to Heathrow,2019-01-01,1.0,4.0,2.2,1.0,1.0,2,1.8666666666666665,-0.296,Negative,-0.296,0,5,1,5,i decided no ba anymore,67
"""breakfast served was terrible""",A380,Solo Leisure,Premium Economy,Miami to London,2019-01-01,3.0,4.0,1.0,3.0,3.0,3,2.8333333333333335,-0.4767,Negative,-0.4767,0,4,7,302,breakfast served was terrible,81
British Airways customer review,A321,Solo Leisure,Economy Class,Copenhagen to Amsterdam via London Heathrow,2018-02-01,5.0,5.0,2.7091954022988505,2.636533432947329,2.0,5,3.724288139207696,0.0,Neutral,0.0,1,4,1,126,british airways customer review,59
"""bothered by the adjacent toilets""",Boeing 777-200,Couple Leisure,Premium Economy,Antigua to Gatwick,2019-01-01,1.0,2.0,2.0,3.0,4.0,1,2.1666666666666665,-0.3182,Negative,-0.3182,0,5,5,171,bothered by the adjacent toilets,157
"""they assigned me a middle seat""",Boeing 787,Solo Leisure,Economy Class,Bucharest to London Heathrow to Los Angeles,2019-01-01,1.0,5.0,2.0,1.0,5.0,1,2.5,0.0,Neutral,0.0,1,6,1,97,they assigned me a middle seat,172
"""Worst long haul business class""",Boeing 747,Business,Business Class,London to Miami,2019-01-01,1.0,2.0,1.0,1.0,3.0,1,1.5,-0.6249,Negative,-0.6249,0,5,8,135,worst long haul business class,117
""" a few more inches leg room""",Boeing 787 Dreamliner,Business,Premium Economy,London to Calgary,2018-06-01,3.0,3.0,3.0,4.0,4.0,2,3.1666666666666665,0.0,Neutral,0.0,1,7,2,2, a few more inches leg room,175
"""well turned out staff""",Boeing 787,Business,Premium Economy,Calgary to London,2018-06-01,3.0,4.0,3.0,3.0,3.0,2,3.0,0.2732,Positive,0.2732,2,4,4,97,well turned out staff,172
"""extremely run down and shabby""",Boeing 777-200,Business,Premium Economy,Bangalore to London,2019-01-01,2.0,2.0,2.0,1.0,2.0,1,1.6666666666666667,0.0,Neutral,0.0,1,5,2,171,extremely run down and shabby,157
"""offered me no compensation""",Boeing 777,Solo Leisure,Economy Class,Barcelona to New York via London,2018-11-01,2.0,2.0,1.0,2.0,1.0,1,1.5,-0.296,Negative,-0.296,0,4,1,452,offered me no compensation,145
"""Charging to choose seats""",A320,Solo Leisure,Economy Class,Gatwick to Fort Lauderdale,2018-12-01,2.0,3.0,3.0,3.4,3.0,2,2.733333333333333,0.0,Neutral,0.0,1,4,1,662,charging to choose seats,26
"""offered me half the money""",A320NEO,Couple Leisure,Economy Class,London to Bologna,2018-12-01,3.0,4.0,2.7091954022988505,2.636533432947329,1.0,1,2.390954805874363,0.0,Neutral,0.0,1,5,4,3,offered me half the money,56
"""had a great experience""",Boeing 777,Couple Leisure,Economy Class,Venice to London City,2018-10-01,5.0,5.0,4.0,2.6,5.0,5,4.433333333333334,0.6249,Positive,0.6249,2,4,1,452,had a great experience,145
"""Cramped uncomfortable seats""",777,Couple Leisure,Economy Class,San Francisco to London,2019-01-01,1.0,1.0,1.0,1.0,1.0,1,1.0,-0.3818,Negative,-0.3818,0,3,10,3,cramped uncomfortable seats,1
"""seats booked not given""",Boeing 747,Solo Leisure,Economy Class,Heathrow to Vancouver,2018-10-01,4.0,4.0,3.0,2.0,4.0,1,3.0,0.0,Neutral,0.0,1,4,2,135,seats booked not given,117
"""seats have so little cushion""",A320,Solo Leisure,Economy Class,London to Bucharest,2019-01-01,1.0,4.0,1.0,1.0,5.0,3,2.5,0.0,Neutral,0.0,1,5,2,662,seats have so little cushion,26
"""hand baggage only fare""",A319,Business,Economy Class,Stuttgart to London,2018-10-01,1.0,1.0,2.7091954022988505,2.636533432947329,1.0,1,1.5576214725410298,0.4939,Positive,0.4939,2,4,2,196,hand baggage only fare,10
"""dedicated and very professional""",Boeing 777-200,Couple Leisure,Economy Class,London to Boston,2018-12-01,1.0,5.0,4.0,4.0,4.0,4,3.6666666666666665,0.4588,Positive,0.4588,2,4,10,171,dedicated and very professional,157
"""meal was restaurant quality""",Boeing 747-400,Couple Leisure,Economy Class,Boston to London,2018-12-01,2.0,3.0,5.0,5.0,4.0,4,3.8333333333333335,0.0,Neutral,0.0,1,4,4,275,meal was restaurant quality,129
"""Bare bones service""",Airbus A320,Couple Leisure,Economy Class,London to Athens,2018-12-01,4.0,1.0,2.7091954022988505,2.636533432947329,2.0,4,2.724288139207696,0.0,Neutral,0.0,1,3,11,1,bare bones service,97
"""Thank you British Airways""",A380,Couple Leisure,Economy Class,London to Johannesburg,2019-01-01,5.0,5.0,5.0,5.0,5.0,5,5.0,0.3612,Positive,0.3612,2,4,21,302,thank you british airways,81
"""offer some additional comfort""",Boeing 787-9 / 777,Solo Leisure,Premium Economy,Newark to Bangalore via London,2018-12-01,4.0,4.0,4.0,4.0,4.0,3,3.8333333333333335,0.3612,Positive,0.3612,2,4,1,1,offer some additional comfort,185
"""my flight was canceled""",A321,Solo Leisure,Economy Class,London to Berlin,2018-12-01,2.859667633869692,3.2404661016949152,2.7091954022988505,2.636533432947329,1.0,3,2.5743104284684644,0.0,Neutral,0.0,1,4,3,126,my flight was canceled,59
British Airways customer review,Boeing 777,Solo Leisure,Economy Class,London to Mumbai,2018-12-01,5.0,5.0,5.0,3.0,5.0,4,4.5,0.0,Neutral,0.0,1,4,6,452,british airways customer review,145
"""I think they had overbooked""",A230,Solo Leisure,Premium Economy,Athens to Los Angeles via London,2018-12-01,2.0,4.0,3.0,2.0,2.0,1,2.3333333333333335,0.0,Neutral,0.0,1,5,1,3,i think they had overbooked,8
"""gave us some First Class goodies""",Boeing 777,Family Leisure,Economy Class,Heathrow to Sydney via Singapore,2018-12-01,1.0,3.0,2.0,1.0,2.0,2,1.8333333333333333,0.0,Neutral,0.0,1,6,1,452,gave us some first class goodies,145
"""the cabin was modern and clean""",A319,Solo Leisure,Economy Class,Leeds Bradford to London Heathrow,2018-12-01,3.0,5.0,2.7091954022988505,2.636533432947329,5.0,4,3.724288139207696,0.4019,Positive,0.4019,2,6,1,196,the cabin was modern and clean,10
"""most uncomfortable plane""",A320,Solo Leisure,Economy Class,Gatwick to Tenerife,2018-12-01,1.0,3.0,4.0,2.6,5.0,3,3.1,-0.4391,Negative,-0.4391,0,3,2,662,most uncomfortable plane,26
"""could not upgrade the flight""",Boeing 777,Couple Leisure,Premium Economy,Denver to Paris via London,2018-12-01,2.859667633869692,3.2404661016949152,2.7091954022988505,2.636533432947329,2.755620723362659,1,2.533580549028908,0.0,Neutral,0.0,1,5,1,452,could not upgrade the flight,145
"""a total disappointment""",A380,Couple Leisure,Business Class,Johannesburg to London,2018-11-01,1.0,1.0,1.0,3.0,2.0,1,1.5,-0.5563,Negative,-0.5563,0,3,17,302,a total disappointment,81
"""last time flying with BA""",Boeing 787,Solo Leisure,Economy Class,London to Kuala Lumpur,2018-12-01,1.0,4.0,3.0,1.0,5.0,1,2.5,0.0,Neutral,0.0,1,5,5,97,last time flying with ba,172
"""I don’t like pasta""",Boeing 747,Solo Leisure,Economy Class,Los Angeles to London Heathrow,2018-12-01,2.0,2.0,1.0,4.0,1.0,2,2.0,0.3612,Positive,0.3612,2,4,8,135,i dont like pasta,117
"""not going to receive refund""",Boeing 777,Business,Economy Class,Seattle to London,2018-11-01,2.859667633869692,3.2404661016949152,2.7091954022988505,2.636533432947329,2.755620723362659,1,2.533580549028908,0.0,Neutral,0.0,1,5,3,452,not going to receive refund,145
"""so much BA could do to improve""",Boeing 777-200,Couple Leisure,First Class,Gatwick to Barbados,2018-12-01,2.0,5.0,2.0,2.0,3.0,3,2.8333333333333335,0.4404,Positive,0.4404,2,7,6,171,so much ba could do to improve,157
"""Fantastic first class service""",Boeing 787-9,Solo Leisure,First Class,Moscow to London,2018-12-01,5.0,5.0,5.0,5.0,5.0,5,5.0,0.5574,Positive,0.5574,2,4,1,54,fantastic first class service,184
"""I felt like a nuisance""",A380,Solo Leisure,Economy Class,Johannesburg to London,2018-12-01,3.0,2.0,3.0,2.0,3.0,3,2.6666666666666665,0.3612,Positive,0.3612,2,5,17,302,i felt like a nuisance,81
"""Poor cabin staff attitude""",Boeing 777,Couple Leisure,Business Class,Bridgetown to Gatwick,2018-12-01,1.0,1.0,2.0,2.0,2.0,1,1.5,-0.4767,Negative,-0.4767,0,4,3,452,poor cabin staff attitude,145
"""crew were very friendly""",A319 / Boeing 777,Couple Leisure,Economy Class,Glasgow to New York via London,2018-12-01,4.0,5.0,5.0,5.0,4.0,4,4.5,0.5413,Positive,0.5413,2,4,2,5,crew were very friendly,16
"""would not recommend BA""",Boeing 777,Business,Business Class,Sydney to London via Singapore,2018-12-01,1.0,1.0,1.0,1.0,2.0,1,1.1666666666666667,-0.2755,Negative,-0.2755,0,4,8,452,would not recommend ba,145
"""lacked the wow factor""",A380,Couple Leisure,First Class,Johannesburg to London,2018-12-01,4.0,3.0,3.0,2.0,3.0,3,3.0,0.5859,Positive,0.5859,2,4,17,302,lacked the wow factor,81
"""worst business class""",Boeing 777,Business,Business Class,Antigua to Gatwick,2018-12-01,2.0,1.0,1.0,1.4,3.0,2,1.7333333333333334,-0.6249,Negative,-0.6249,0,3,5,452,worst business class,145
"""First class was third rate""",Boeing 777,Couple Leisure,First Class,Gatwick to Barbados,2018-12-01,2.0,2.0,2.0,1.0,1.0,1,1.5,0.0,Neutral,0.0,1,5,6,452,first class was third rate,145
"""unimpressive amenities and service""",Boeing 747-400,Couple Leisure,Business Class,Cape Town to London,2018-11-01,2.0,1.0,1.0,3.0,3.0,1,1.8333333333333333,-0.34,Negative,-0.34,0,4,14,275,unimpressive amenities and service,129
"""not giving free food and drinks""",A320,Couple Leisure,Economy Class,Bucharest to London,2018-12-01,1.0,1.0,2.7091954022988505,2.636533432947329,1.0,1,1.5576214725410298,-0.5773,Negative,-0.5773,0,6,4,662,not giving free food and drinks,26
"""wonderful cabin crew""",A320,Business,Economy Class,Kuala Lumpur to Mexico City via London,2018-12-01,4.0,5.0,4.0,4.0,5.0,5,4.5,0.5719,Positive,0.5719,2,3,1,662,wonderful cabin crew,26
"""I didn’t like either choice""",Boeing 747-400,Family Leisure,Economy Class,Miami to London,2018-12-01,1.0,1.0,1.0,1.0,3.0,1,1.3333333333333333,0.3612,Positive,0.3612,2,5,7,275,i didnt like either choice,129
"""a very enjoyable flight""",A350,Solo Leisure,Premium Economy,London Gatwick to Tampa,2018-11-01,5.0,5.0,5.0,3.0,5.0,5,4.666666666666667,0.4927,Positive,0.4927,2,4,1,39,a very enjoyable flight,79
"""transformation into an overpriced EasyJet""",A320,Couple Leisure,Economy Class,Bordeaux to London Gatwick,2018-07-01,3.0,2.0,2.7091954022988505,2.636533432947329,1.0,1,2.05762147254103,0.0,Neutral,0.0,1,5,2,662,transformation into an overpriced easyjet,26
British Airways customer review,A320 / A380,Family Leisure,Economy Class,Los Angeles to Rome via London,2018-10-01,2.859667633869692,3.2404661016949152,2.7091954022988505,2.636533432947329,2.755620723362659,1,2.533580549028908,0.0,Neutral,0.0,1,4,1,6,british airways customer review,27
"""a very enjoyable flight""",Boeing 777,Family Leisure,Economy Class,Gatwick to Las Vegas,2018-12-01,3.0,4.0,4.0,1.0,4.0,4,3.3333333333333335,0.4927,Positive,0.4927,2,4,4,452,a very enjoyable flight,145
"""Premium Economy is a joke""",Boeing 777,Couple Leisure,Premium Economy,Nassau to London,2018-11-01,2.0,3.0,1.0,1.0,3.0,1,1.8333333333333333,0.296,Positive,0.296,2,5,1,452,premium economy is a joke,145
"""gesture of professionalism""",Boeing 747,Business,Business Class,Phoenix to Accra via London,2018-11-01,5.0,5.0,5.0,3.0,5.0,5,4.666666666666667,0.0,Neutral,0.0,1,3,1,135,gesture of professionalism,117
"""Not exactly best of British""",A320-200,Solo Leisure,Economy Class,Manchester to London,2018-11-01,3.0,1.0,2.7091954022988505,2.636533432947329,1.0,2,2.05762147254103,-0.5216,Negative,-0.5216,0,5,2,14,not exactly best of british,45
"""miserable customer service""",Boeing 777,Solo Leisure,Economy Class,San Diego to Hannover via London,2018-11-01,2.0,4.0,4.0,4.0,2.0,2,3.0,-0.4939,Negative,-0.4939,0,3,1,452,miserable customer service,145
"""not offered any assistance""",A319,Business,Economy Class,London Heathrow to Stuttgart,2018-11-01,1.0,3.2404661016949152,2.7091954022988505,2.636533432947329,1.0,1,1.9310324894901825,0.0,Neutral,0.0,1,4,2,196,not offered any assistance,10
"""an excellent flight""",A380,Couple Leisure,First Class,London to Johannesburg,2018-11-01,5.0,5.0,5.0,4.0,4.0,4,4.5,0.5719,Positive,0.5719,2,3,21,302,an excellent flight,81
"""Completely inadequate service""",Boeing 777,Business,Business Class,London to Dubai,2018-11-01,4.0,5.0,4.0,1.0,4.0,1,3.1666666666666665,-0.4576,Negative,-0.4576,0,3,10,452,completely inadequate service,145
"""the staff were very helpful""",Boeing 747-400,Family Leisure,Economy Class,Vancouver to London Heathrow,2018-11-01,5.0,5.0,4.0,2.0,5.0,4,4.166666666666667,0.4754,Positive,0.4754,2,5,6,275,the staff were very helpful,129
"""service was below standard""",Boeing 747-400,Solo Leisure,Economy Class,Boston to Nairobi via London,2018-10-01,3.0,1.0,1.0,1.4,3.0,3,2.066666666666667,0.0,Neutral,0.0,1,4,1,275,service was below standard,129
"""space around the seat is cramped""",Boeing 747,Solo Leisure,Premium Economy,Basel to San Fransisco via Heathrow,2018-11-01,2.0,3.0,2.0,3.0,5.0,2,2.8333333333333335,0.0,Neutral,0.0,1,6,1,135,space around the seat is cramped,117
"""forced me to check-in my suitcase""",A320,Solo Leisure,Economy Class,London to Lyon,2018-11-01,2.0,1.0,2.7091954022988505,2.636533432947329,1.0,1,1.7242881392076965,-0.4588,Negative,-0.4588,0,6,3,662,forced me to checkin my suitcase,26
"""extremely nice and helpful """,A380,Business,Economy Class,London to Boston,2018-11-01,3.0,5.0,4.0,4.0,4.0,5,4.166666666666667,0.7316,Positive,0.7316,2,5,10,302,extremely nice and helpful ,81
"""wonderful crew""",A320,Solo Leisure,Business Class,Stockholm to London,2018-11-01,3.0,5.0,2.0,2.0,1.0,3,2.6666666666666665,0.5719,Positive,0.5719,2,2,4,662,wonderful crew,26
"""I’m sure it’s bad luck""",A320,Business,Economy Class,Amsterdam to London,2018-11-01,4.0,4.0,2.7091954022988505,2.636533432947329,1.0,3,2.890954805874363,0.2023,Positive,0.2023,2,5,9,662,im sure its bad luck,26
"""plane seating is worn out""",Boeing 777-200,Couple Leisure,Economy Class,Buenos Aires to London,2018-11-01,1.0,2.0,1.0,1.0,1.0,1,1.1666666666666667,-0.296,Negative,-0.296,0,5,3,171,plane seating is worn out,157
"""space is ridiculously narrow""",Boeing 777,Business,Business Class,Riyadh to London,2018-11-01,1.0,2.0,2.0,3.0,3.0,1,2.0,-0.34,Negative,-0.34,0,4,2,452,space is ridiculously narrow,145
"""not allowing me to add a bag""",A319,Solo Leisure,Economy Class,Aberdeen to London,2018-11-01,2.859667633869692,3.2404661016949152,2.7091954022988505,2.636533432947329,1.0,1,2.2409770951351313,0.0,Neutral,0.0,1,7,2,196,not allowing me to add a bag,10
"""would not recommend""",Boeing 777,Family Leisure,Economy Class,Singapore to Sydney,2018-11-01,1.0,1.0,1.0,1.0,1.0,1,1.0,-0.2755,Negative,-0.2755,0,3,6,452,would not recommend,145
"""plane was clean, but cold""",A320,Family Leisure,Economy Class,London to Budapest,2018-11-01,5.0,1.0,2.7091954022988505,2.636533432947329,5.0,5,3.5576214725410296,0.2144,Positive,0.2144,2,5,3,662,plane was clean but cold,26
"""sufficient seat legroom""",A321,Solo Leisure,Economy Class,London to Athens,2018-10-01,4.0,3.0,2.0,2.0,3.0,3,2.8333333333333335,0.0,Neutral,0.0,1,3,11,126,sufficient seat legroom,59
"""do not match expectations""",Boeing 777-200,Solo Leisure,Business Class,London to Bangkok,2018-10-01,3.0,3.0,2.0,1.0,3.0,2,2.3333333333333335,0.0,Neutral,0.0,1,4,6,171,do not match expectations,157
"""operated by Air Belgium""",A340-300,Solo Leisure,Economy Class,Abu Dhabi to London,2018-10-01,2.0,1.0,1.0,1.0,3.0,3,1.8333333333333333,0.0,Neutral,0.0,1,4,1,1,operated by air belgium,77
"""ditch this non responsive airline""",Boeing 777,Business,Business Class,Gatwick to Orlando,2018-10-01,1.0,2.0,3.0,1.0,2.0,1,1.6666666666666667,0.3612,Positive,0.3612,2,5,6,452,ditch this non responsive airline,145
"""absolutely great""",A319 / Boeing 747,Solo Leisure,Business Class,Newcastle to Las Vegas via London,2018-10-01,4.0,4.0,4.0,3.0,4.0,5,4.0,0.659,Positive,0.659,2,2,1,1,absolutely great,14
"""restored my faith in BA""",A320,Solo Leisure,Economy Class,St Petersburg to London,2018-10-01,5.0,5.0,3.0,3.4,5.0,3,4.066666666666666,0.6369,Positive,0.6369,2,5,1,662,restored my faith in ba,26
"""I was disappointed""",Boeing 787-9,Business,Business Class,London to Philadelphia,2018-10-01,1.0,1.0,2.0,3.0,2.0,1,1.6666666666666667,-0.4767,Negative,-0.4767,0,3,4,54,i was disappointed,184
"""Good improvement""",Boeing 777-200,Business,Business Class,Madrid to London,2018-10-01,4.0,5.0,4.0,2.6,4.0,4,3.9333333333333336,0.7096,Positive,0.7096,2,2,9,171,good improvement,157
"""Flight was uneventful""",A321,Family Leisure,Economy Class,London to Munich,2018-10-01,2.0,3.0,2.7091954022988505,2.636533432947329,3.0,3,2.724288139207696,0.0,Neutral,0.0,1,3,4,126,flight was uneventful,59
"""Air conditioning problem""",Boeing 747-400,Couple Leisure,Economy Class,London to Cape Town,2018-10-01,2.0,1.0,2.0,2.0,1.0,1,1.5,-0.4019,Negative,-0.4019,0,3,15,275,air conditioning problem,129
"""Service as expected for price""",A321,Family Leisure,Economy Class,Munich to London Heathrow,2018-10-01,2.0,4.0,2.7091954022988505,2.636533432947329,5.0,3,3.224288139207696,0.0,Neutral,0.0,1,5,4,126,service as expected for price,59
"""very smooth and professional""",A319 / Boeing 747-400,Solo Leisure,First Class,Manchester to Philadelphia via London,2018-10-01,5.0,5.0,4.0,4.0,5.0,5,4.666666666666667,0.0,Neutral,0.0,1,4,1,1,very smooth and professional,15
"""experience was bad""",Boieng 777-200,Business,Economy Class,Bangkok to London,2018-10-01,3.0,2.0,2.0,3.0,1.0,2,2.1666666666666665,-0.5423,Negative,-0.5423,0,3,7,1,experience was bad,192
"""lost my clubs for 7 days""",Boeing 777,Solo Leisure,Economy Class,London to Toronto,2018-10-01,1.0,3.0,3.0,2.0,2.0,1,2.0,-0.3182,Negative,-0.3182,0,6,10,452,lost my clubs for  days,145
"""BA provides buy onboard""",A320,Business,Economy Class,London to Vienna,2018-10-01,2.0,3.0,2.7091954022988505,2.636533432947329,2.0,2,2.390954805874363,0.0,Neutral,0.0,1,4,6,662,ba provides buy onboard,26
"""does not seem to get any better""",A380,Business,Business Class,Johannesburg to London,2018-10-01,2.0,2.0,1.0,1.0,4.0,2,2.0,0.4404,Positive,0.4404,2,7,17,302,does not seem to get any better,81
"""cabin service was good""",Boeing 777-300ER,Solo Leisure,Business Class,Singapore to London Heathrow,2018-09-01,4.0,5.0,3.0,2.0,3.0,3,3.3333333333333335,0.4404,Positive,0.4404,2,4,4,18,cabin service was good,169
"""BA club world is a farce""",Boeing 747-400,Couple Leisure,Business Class,London to Los Angeles,2018-08-01,1.0,1.0,1.0,1.0,3.0,3,1.6666666666666667,-0.4019,Negative,-0.4019,0,6,10,275,ba club world is a farce,129
"""BA lacks consistency""",Boeing 747,Solo Leisure,Premium Economy,Miami to London Heathrow,2018-09-01,1.0,5.0,3.0,2.0,1.0,2,2.3333333333333335,0.0,Neutral,0.0,1,3,7,135,ba lacks consistency,117
"""unbelievably rude and unhelpful""",A321,Couple Leisure,Business Class,London Heathrow to Milan Malpensa,2018-10-01,1.0,1.0,1.0,1.0,1.0,1,1.0,-0.5095,Negative,-0.5095,0,4,2,126,unbelievably rude and unhelpful,59
"""5 mins too late for me to check in""",Boeing 747-400,Couple Leisure,First Class,Calgary to Rome via London,2018-09-01,4.0,1.0,1.0,1.4,1.0,1,1.5666666666666667,0.0,Neutral,0.0,1,9,1,275, mins too late for me to check in,129
"""aircraft interior was old""",Boeing 777-200,Solo Leisure,Economy Class,London to Bangkok,2018-03-01,1.0,3.0,2.0,1.0,4.0,1,2.0,0.0,Neutral,0.0,1,4,6,171,aircraft interior was old,157
"""crew was also very nice""",Boeing 747-400,Family Leisure,Economy Class,London Heathrow to Miami,2018-08-01,5.0,5.0,5.0,4.0,4.0,5,4.666666666666667,0.4754,Positive,0.4754,2,5,7,275,crew was also very nice,129
"""crew was very friendly""",A380,Solo Leisure,Economy Class,London to Singapore,2018-09-01,5.0,5.0,5.0,4.0,4.0,5,4.666666666666667,0.5413,Positive,0.5413,2,4,8,302,crew was very friendly,81
"""won’t be flying again""",A320,Solo Leisure,Economy Class,Dublin to London,2018-09-01,1.0,1.0,2.7091954022988505,2.636533432947329,1.0,1,1.5576214725410298,0.0,Neutral,0.0,1,4,5,662,wont be flying again,26
"""seating is still hopeless""",A321,Family Leisure,Business Class,London to Pisa,2018-09-01,1.0,4.0,4.0,2.6,4.0,1,2.766666666666667,-0.4588,Negative,-0.4588,0,4,5,126,seating is still hopeless,59
"""never fly British Airways again""",A320,Family Leisure,Economy Class,Prague to Heathrow,2018-08-01,1.0,3.0,2.7091954022988505,2.636533432947329,1.0,1,1.8909548058743633,0.0,Neutral,0.0,1,5,1,662,never fly british airways again,26
"""seats were the biggest let down""","Boeing 787-9, A380",Business,Premium Economy,Kuala Lumpur to London Heathrow,2018-09-01,3.0,4.0,3.0,3.0,5.0,4,3.6666666666666665,0.0,Neutral,0.0,1,6,1,1,seats were the biggest let down,189
"""BA sort this shambles out""",A319,Couple Leisure,Business Class,Los Angeles to Leeds via London Heathrow,2018-06-01,4.0,4.0,4.0,3.0,1.0,3,3.1666666666666665,0.0,Neutral,0.0,1,5,1,196,ba sort this shambles out,10
"""experience is so lacklustre""",A320,Couple Leisure,Business Class,Brindisi to London,2018-09-01,1.0,2.0,2.0,2.0,1.0,2,1.6666666666666667,0.0,Neutral,0.0,1,4,1,662,experience is so lacklustre,26
"""dreadful seats by the toilet""",A380,Couple Leisure,Premium Economy,Chicago to London,2018-09-01,1.0,1.0,1.0,1.0,3.0,1,1.3333333333333333,-0.4404,Negative,-0.4404,0,5,6,302,dreadful seats by the toilet,81
"""do not serve free water""",A319,Family Leisure,Economy Class,Berlin to London,2018-09-01,2.0,2.0,2.7091954022988505,2.636533432947329,2.0,1,2.05762147254103,-0.4023,Negative,-0.4023,0,5,7,196,do not serve free water,10
"""staff was professional""",Boeing 777,Solo Leisure,Premium Economy,Riyadh to London,2018-08-01,5.0,5.0,5.0,4.0,3.0,5,4.5,0.0,Neutral,0.0,1,3,2,452,staff was professional,145
"""a surprisingly good flight""",A320 / Boeing 787-9,Couple Leisure,Economy Class,Rome to Newark via London,2018-09-01,4.0,4.0,3.0,3.0,4.0,3,3.5,0.6249,Positive,0.6249,2,4,1,1,a surprisingly good flight,34
"""Staff very cheerful""",Boeing 747-400,Business,Business Class,London Heathrow to New York JFK,2018-09-01,3.0,4.0,2.0,3.0,1.0,3,2.6666666666666665,0.5849,Positive,0.5849,2,3,7,275,staff very cheerful,129
"""This was a great flight""",Boeing 777-200,Couple Leisure,First Class,London Heathrow to Dubai,2018-09-01,4.0,5.0,5.0,3.0,4.0,4,4.166666666666667,0.6249,Positive,0.6249,2,5,8,171,this was a great flight,157
"""Left luggage on belt by mistake""",A320,Couple Leisure,Economy Class,Heraklion to Gatwick,2018-09-01,2.0,2.0,2.7091954022988505,2.636533432947329,1.0,1,1.8909548058743633,-0.34,Negative,-0.34,0,6,2,662,left luggage on belt by mistake,26
"""staff were very efficient""",Boeing 767,Solo Leisure,Business Class,Madrid to London Heathrow,2018-09-01,3.0,5.0,5.0,3.4,5.0,5,4.3999999999999995,0.4754,Positive,0.4754,2,4,7,68,staff were very efficient,140
"""experience is second rate""",A321,Couple Leisure,Business Class,London Heathrow to Brindisi,2018-09-01,2.0,3.0,2.0,2.0,2.0,3,2.3333333333333335,0.0,Neutral,0.0,1,4,1,126,experience is second rate,59
"""British Airways is a rip off""",A320,Business,Economy Class,London to Madrid,2018-07-01,2.0,3.0,1.0,1.4,2.0,2,1.9000000000000001,0.0,Neutral,0.0,1,6,9,662,british airways is a rip off,26
"""we demanded we keep it""",Boeing 777-200,Couple Leisure,Economy Class,Hamburg to London,2018-09-01,3.0,1.0,2.7091954022988505,2.636533432947329,1.0,3,2.2242881392076965,-0.2263,Negative,-0.2263,0,5,1,171,we demanded we keep it,157
"""overall job well done""",Boeing 747,Solo Leisure,Premium Economy,Glasgow to Miami via London,2018-08-01,3.0,5.0,5.0,2.0,4.0,4,3.8333333333333335,0.2732,Positive,0.2732,2,4,1,135,overall job well done,117
"""finally a nice flight""",Airbus A32,Solo Leisure,Economy Class,London Heathrow to Budapest,2018-08-01,5.0,5.0,2.7091954022988505,2.636533432947329,4.0,4,3.890954805874363,0.4215,Positive,0.4215,2,4,2,1,finally a nice flight,96
"""crew make the journey smooth""",A320,Solo Leisure,Economy Class,Budapest to London Heathrow,2018-09-01,4.0,4.0,2.7091954022988505,2.636533432947329,5.0,4,3.724288139207696,0.0,Neutral,0.0,1,5,2,662,crew make the journey smooth,26
"""Outstanding crew""",A319 / Boeing 787-9,Family Leisure,Business Class,Pisa to Toronto via London,2018-09-01,4.0,5.0,5.0,4.0,5.0,5,4.666666666666667,0.6124,Positive,0.6124,2,2,1,1,outstanding crew,19
"""never provide any assistance""",Boeing 767,Business,Business Class,Madrid to Heathrow,2018-08-01,1.0,1.0,2.0,2.0,2.0,2,1.6666666666666667,0.0,Neutral,0.0,1,4,2,68,never provide any assistance,140
"""legroom seemed very small""",A380,Solo Leisure,Economy Class,Singapore to London,2018-08-01,1.0,1.0,3.0,3.0,2.0,1,1.8333333333333333,0.0,Neutral,0.0,1,4,12,302,legroom seemed very small,81
"""IFE was the size of my wallet""",Boeing 747-400 / A319,Solo Leisure,Economy Class,Washington to Frankfurt via London,2018-08-01,3.0,3.0,2.0,1.0,4.0,2,2.5,0.0,Neutral,0.0,1,7,1,1,ife was the size of my wallet,133
"""on the next flight tomorrow""",Boeing 767,Family Leisure,Economy Class,Rome to London,2018-08-01,3.0,3.0,2.7091954022988505,2.636533432947329,3.0,2,2.724288139207696,0.0,Neutral,0.0,1,5,9,68,on the next flight tomorrow,140
"""the food is really poor""",A380,Solo Leisure,Economy Class,London Heathrow to Hong Kong,2018-08-01,5.0,5.0,3.0,5.0,4.0,3,4.166666666666667,-0.5256,Negative,-0.5256,0,5,5,302,the food is really poor,81
"""Really good crew""",A318,Solo Leisure,Economy Class,London Heathrow to Düsseldorf,2018-08-01,5.0,4.0,2.7091954022988505,2.636533432947329,5.0,4,3.890954805874363,0.4927,Positive,0.4927,2,3,2,6,really good crew,9
"""the quality becomes worse""",A320,Couple Leisure,Business Class,London to Athens,2018-08-01,1.0,3.0,2.0,1.0,2.0,3,2.0,-0.4767,Negative,-0.4767,0,4,11,662,the quality becomes worse,26
"""thoroughly recommend it""",A380,Family Leisure,First Class,London Heathrow to Singapore,2018-07-01,5.0,5.0,5.0,4.0,5.0,5,4.833333333333333,0.4201,Positive,0.4201,2,3,5,302,thoroughly recommend it,81
"""no foil covering the food""",Boeing 787,Couple Leisure,Premium Economy,Philadelphia to London,2018-08-01,3.0,1.0,1.0,3.0,4.0,3,2.5,0.0,Neutral,0.0,1,5,1,97,no foil covering the food,172
"""choose another airline""",Boeing 747-400,Family Leisure,Economy Class,London to Las Vegas,2018-07-01,1.0,1.0,1.0,1.0,1.0,1,1.0,0.0,Neutral,0.0,1,3,4,275,choose another airline,129
"""asked if I would like any food""",Boeing 747-400,Business,Business Class,Zagreb to London,2018-08-01,2.0,2.0,1.0,1.4,2.0,2,1.7333333333333334,0.3612,Positive,0.3612,2,7,1,275,asked if i would like any food,129
"""totally disappointed""",A380,Family Leisure,Business Class,Los Angeles to Milan via London,2018-08-01,4.0,3.0,3.0,3.0,1.0,1,2.5,-0.5256,Negative,-0.5256,0,2,1,302,totally disappointed,81
"""improved on board experience""",Boeing 777,Solo Leisure,Premium Economy,Toronto to London,2018-08-01,3.0,5.0,2.0,2.0,4.0,3,3.1666666666666665,0.4767,Positive,0.4767,2,4,10,452,improved on board experience,145
"""Really very good FA's""",A380,Couple Leisure,Business Class,San Francisco to London Heathrow,2018-07-01,4.0,5.0,4.0,1.0,4.0,4,3.6666666666666665,0.5379,Positive,0.5379,2,4,1,302,really very good fas,81
"""this time they were superb""",A320,Solo Leisure,Economy Class,London to Dublin,2018-08-01,5.0,5.0,2.0,2.0,4.0,3,3.5,0.6249,Positive,0.6249,2,5,5,662,this time they were superb,26
"""the seats feel worn out""",A321,Couple Leisure,Economy Class,London to Paris,2018-01-01,3.0,5.0,5.0,3.4,4.0,3,3.9,-0.296,Negative,-0.296,0,5,8,126,the seats feel worn out,59
"""outstanding customer service""",A320,Couple Leisure,Economy Class,Amsterdam to London,2018-06-01,3.0,5.0,4.0,2.6,4.0,4,3.766666666666667,0.6124,Positive,0.6124,2,3,9,662,outstanding customer service,26
""" a very acceptable flight""",Boeing 777,Solo Leisure,First Class,New York JFK to London,2018-08-01,4.0,5.0,3.0,3.4,5.0,4,4.066666666666666,0.3804,Positive,0.3804,2,5,4,452, a very acceptable flight,145
"""pathetic compensation""",A320Neo,Couple Leisure,Economy Class,Amman to London,2018-04-01,2.0,1.0,1.0,1.0,1.0,1,1.1666666666666667,-0.5719,Negative,-0.5719,0,2,5,6,pathetic compensation,57
"""let down by the ground services""",A320,Couple Leisure,Business Class,Paphos to Gatwick,2018-07-01,3.0,5.0,3.0,3.4,1.0,3,3.0666666666666664,0.0,Neutral,0.0,1,6,1,662,let down by the ground services,26
"""Very happy with the service""",A320,Couple Leisure,Business Class,Gatwick to Paphos,2018-07-01,3.0,5.0,4.0,2.6,4.0,4,3.766666666666667,0.6115,Positive,0.6115,2,5,2,662,very happy with the service,26
"""charges to select Business Class seats""",Boeing 747-400,Family Leisure,Business Class,New York to Nairobi via London,2018-07-01,2.0,5.0,2.0,2.0,2.0,2,2.5,-0.2732,Negative,-0.2732,0,6,1,275,charges to select business class seats,129
"""need to improve service levels""",A320,Business,Economy Class,Istanbul to London Heathrow,2018-07-01,1.0,1.0,2.2,1.0,1.0,1,1.2,0.4404,Positive,0.4404,2,5,3,662,need to improve service levels,26
"""my flight was cancelled""",Boeing 747-400,Family Leisure,Economy Class,Heathrow to Milan,2018-07-01,3.0,2.0,2.7091954022988505,2.636533432947329,1.0,1,2.05762147254103,-0.25,Negative,-0.25,0,4,1,275,my flight was cancelled,129
"""a good experience with BA""",Boeing 787-9,Business,Premium Economy,London to Santiago de Chile,2018-07-01,4.0,5.0,4.0,4.0,4.0,5,4.333333333333333,0.4404,Positive,0.4404,2,5,2,54,a good experience with ba,184
"""pay again to pre-reserve seats""",Boeing 777,Couple Leisure,Business Class,London Heathrow to Seattle Tacoma,2018-07-01,4.0,4.0,4.0,2.0,4.0,4,3.6666666666666665,-0.1027,Negative,-0.1027,0,5,1,452,pay again to prereserve seats,145
"""overall, it’s a good option""",A320-200,Family Leisure,Economy Class,London Gatwick to Tirana Rinas,2018-07-01,4.0,4.0,3.0,3.4,5.0,3,3.733333333333333,0.4404,Positive,0.4404,2,5,1,14,overall its a good option,45
"""the flights were excellent""",A320,Couple Leisure,Economy Class,London to Murcia,2018-07-01,5.0,5.0,5.0,3.4,3.0,5,4.3999999999999995,0.5719,Positive,0.5719,2,4,1,662,the flights were excellent,26
"""gone notably downhill""",A321,Solo Leisure,Business Class,London to Amsterdam,2018-07-01,3.0,4.0,3.0,3.4,1.0,1,2.566666666666667,0.0,Neutral,0.0,1,3,8,126,gone notably downhill,59
"""Couldn't care less I feel""",Boeing 777,Family Leisure,Economy Class,Aberdeen to Abu Dhabi via London,2018-07-01,3.0,1.0,1.0,4.0,1.0,3,2.1666666666666665,-0.3875,Negative,-0.3875,0,5,1,452,couldnt care less i feel,145
"""staff was kind and helpful""",A320 / Boeing 747-400,Solo Leisure,Economy Class,Prague to Denver via London,2018-06-01,3.0,5.0,5.0,3.0,1.0,2,3.1666666666666665,0.7351,Positive,0.7351,2,5,1,1,staff was kind and helpful,28
"""buy-on-board a bug-bear""",A319,Couple Leisure,Economy Class,Seville to Gatwick,2018-07-01,2.0,1.0,1.0,1.4,1.0,3,1.5666666666666667,0.0,Neutral,0.0,1,3,1,196,buyonboard a bugbear,10
"""A delayed BA flight""",A320,Solo Leisure,Economy Class,London to Amsterdam,2018-07-01,1.0,1.0,2.7091954022988505,2.636533432947329,1.0,1,1.5576214725410298,-0.2263,Negative,-0.2263,0,4,8,662,a delayed ba flight,26
"""On arrival no bags""",A319,Couple Leisure,Business Class,Gatwick to Barcelona,2018-07-01,1.0,3.0,1.0,1.4,4.0,1,1.9000000000000001,-0.296,Negative,-0.296,0,4,4,196,on arrival no bags,10
"""an enjoyable experience""",Boeing 777 / A380,Business,Premium Economy,HKG to LHR,2018-06-01,4.0,5.0,4.0,5.0,5.0,4,4.5,0.4404,Positive,0.4404,2,3,9,1,an enjoyable experience,152
"""food and drink was pretty good""",A320,Solo Leisure,Business Class,Faro to Gatwick,2018-07-01,3.0,2.0,4.0,2.6,3.0,4,3.1,0.7269,Positive,0.7269,2,6,3,662,food and drink was pretty good,26
"""a decent enough flight""",A320,Solo Leisure,Business Class,Gatwick to Faro,2018-07-01,3.0,4.0,3.0,3.4,5.0,4,3.733333333333333,0.0,Neutral,0.0,1,4,2,662,a decent enough flight,26
"""crew were helpful and generous""",Boeing 787-9 / A380-800,Solo Leisure,First Class,Jeddah to Chicago via London,2018-05-01,4.0,5.0,4.0,5.0,1.0,5,4.0,0.7269,Positive,0.7269,2,5,1,1,crew were helpful and generous,187
"""lounges in Heathrow are overcrowded""",A320,Business,Business Class,London to Frankfurt,2018-07-01,1.0,1.0,1.0,1.4,1.0,1,1.0666666666666667,0.0,Neutral,0.0,1,5,5,662,lounges in heathrow are overcrowded,26
"""was nicely impressed""",A321,Solo Leisure,Business Class,Gatwick to Malaga,2018-07-01,4.0,5.0,5.0,3.4,3.0,5,4.233333333333333,0.7184,Positive,0.7184,2,3,5,126,was nicely impressed,59
"""pole vault over passenger's legs""",Boeing 777-200,Couple Leisure,Business Class,Bermuda to Gatwick,2018-05-01,4.0,3.0,1.0,4.0,4.0,2,3.0,0.0,Neutral,0.0,1,5,2,171,pole vault over passengers legs,157
"""seats weren't wide enough""",A320Neo,Business,Economy Class,Aberdeen to Boston via London,2018-07-01,2.0,4.0,4.0,5.0,4.0,3,3.6666666666666665,0.0,Neutral,0.0,1,4,1,6,seats werent wide enough,57
"""Seat was quite comfortable""",A319,Solo Leisure,Economy Class,London to Hamburg,2018-06-01,4.0,3.0,2.7091954022988505,2.636533432947329,5.0,3,3.390954805874363,0.5563,Positive,0.5563,2,4,2,196,seat was quite comfortable,10
"""Better service with Ryanair""",A380,Family Leisure,Premium Economy,London Heathrow to Hong Kong,2018-07-01,3.0,3.0,2.0,3.0,1.0,2,2.3333333333333335,0.4404,Positive,0.4404,2,4,5,302,better service with ryanair,81
"""gate staff should be better trained""",A320,Couple Leisure,Economy Class,London to Istanbul,2018-06-01,3.0,3.0,1.0,1.0,1.0,2,1.8333333333333333,0.4404,Positive,0.4404,2,6,10,662,gate staff should be better trained,26
"""crew welcoming and orderly""",A320,Solo Leisure,Economy Class,Munich to London Heathrow,2018-07-01,4.0,4.0,2.0,2.0,5.0,3,3.3333333333333335,0.4404,Positive,0.4404,2,4,4,662,crew welcoming and orderly,26
"""Wonderful service""",A320,Couple Leisure,Business Class,Edinburgh-Florence,2018-07-01,4.0,5.0,5.0,3.4,5.0,5,4.566666666666666,0.5719,Positive,0.5719,2,2,1,662,wonderful service,26
"""would rather walk to Manchester""",A380,Solo Leisure,Economy Class,London Heathrow to Manchester,2018-07-01,1.0,1.0,1.0,1.0,1.0,1,1.0,0.0,Neutral,0.0,1,5,1,302,would rather walk to manchester,81
"""not sitting together""",A320,Couple Leisure,Economy Class,London to Madrid,2018-07-01,1.0,3.2404661016949152,2.7091954022988505,2.636533432947329,1.0,1,1.9310324894901825,0.0,Neutral,0.0,1,3,9,662,not sitting together,26
"""not provided any explanation""",Boeing 777,Business,Business Class,London to Shanghai,2018-06-01,1.0,5.0,4.0,2.0,2.0,3,2.8333333333333335,0.0,Neutral,0.0,1,4,4,452,not provided any explanation,145
"""seats were uncomfortable""",Boeing 777,Family Leisure,Economy Class,London to Tehran,2017-08-01,1.0,1.0,1.0,1.4,4.0,1,1.5666666666666667,-0.3818,Negative,-0.3818,0,3,1,452,seats were uncomfortable,145
"""it's not extra leg room""",A321,Couple Leisure,Economy Class,Pisa to London Heathrow,2018-07-01,1.0,3.0,2.7091954022988505,2.636533432947329,3.0,2,2.390954805874363,0.0,Neutral,0.0,1,5,3,126,its not extra leg room,59
"""had upgraded people in first""",Boeing 747,Business,First Class,London Heathrow to Las Vegas,2018-06-01,3.0,2.0,2.0,2.0,3.0,1,2.1666666666666665,0.0,Neutral,0.0,1,5,4,135,had upgraded people in first,117
"""first and last experience""",Boeing 747,Couple Leisure,Economy Class,Dublin to Miami via London,2018-06-01,1.0,1.0,1.0,1.4,1.0,1,1.0666666666666667,0.0,Neutral,0.0,1,4,1,135,first and last experience,117
"""charged £65 to bring my bike back""",A380,Family Leisure,Economy Class,Johannesburg to Heathrow,2018-06-01,1.0,4.0,1.0,4.0,1.0,1,2.0,-0.2023,Negative,-0.2023,0,7,2,302,charged  to bring my bike back,81
"""queue for bag drop was massive""",Boeing 777,Couple Leisure,Economy Class,Toronto to London,2018-07-01,1.0,1.0,1.0,3.0,1.0,1,1.3333333333333333,-0.2732,Negative,-0.2732,0,6,10,452,queue for bag drop was massive,145
"""they did not care""",Boeing 767,Couple Leisure,Business Class,Rome to Gatwick,2017-08-01,1.0,1.0,1.0,1.4,1.0,1,1.0666666666666667,-0.3875,Negative,-0.3875,0,4,1,68,they did not care,140
"""always had a great experience""",A380,Solo Leisure,Premium Economy,Mumbai to Edinburgh via London,2018-06-01,5.0,5.0,3.0,4.0,5.0,5,4.5,0.6249,Positive,0.6249,2,5,1,302,always had a great experience,81
"""Disappointing experience""",Boeing 747,Solo Leisure,Business Class,Mumbai to London Heathrow,2018-06-01,2.0,3.0,3.0,4.0,3.0,1,2.6666666666666665,-0.4939,Negative,-0.4939,0,2,2,135,disappointing experience,117
"""satisfied with all aspects""",Boeing 747 / 777,Solo Leisure,Premium Economy,Delhi to London,2018-06-01,4.0,4.0,4.0,4.0,4.0,4,4.0,0.4215,Positive,0.4215,2,4,1,9,satisfied with all aspects,119
"""seat was below my expectation""",Boeing 787(9),Couple Leisure,Business Class,Seychelles to London,2018-06-01,2.0,3.0,3.0,3.0,1.0,1,2.1666666666666665,0.0,Neutral,0.0,1,5,2,2,seat was below my expectation,176
"""return flight was faultless""",A320,Couple Leisure,Business Class,Gatwick to Gibraltar,2018-06-01,5.0,5.0,5.0,3.4,4.0,4,4.3999999999999995,0.4588,Positive,0.4588,2,4,1,662,return flight was faultless,26
"""not worth the name anymore""",A380,Business,First Class,London to Vancouver,2018-06-01,2.0,4.0,2.0,2.0,2.0,4,2.6666666666666665,-0.1695,Negative,-0.1695,0,5,11,302,not worth the name anymore,81
"""did not take responsibility""",Boeing 747,Business,Economy Class,Milan to London,2018-06-01,2.859667633869692,3.2404661016949152,2.7091954022988505,2.636533432947329,2.755620723362659,1,2.533580549028908,0.0,Neutral,0.0,1,4,1,135,did not take responsibility,117
"""Horrible, horrible service""",Boeing 747,Family Leisure,Economy Class,New York JFK to Rome via London Heathrow,2018-06-01,3.0,5.0,5.0,5.0,1.0,1,3.3333333333333335,-0.7906,Negative,-0.7906,0,3,1,135,horrible horrible service,117
"""experience has deteriorated significantly""",Boeing 777,Business,Business Class,Newark to London Heathrow,2018-06-01,3.0,1.0,1.0,3.0,4.0,2,2.3333333333333335,0.0,Neutral,0.0,1,4,2,452,experience has deteriorated significantly,145
"""worlds away from what it used to be""",Boeing 747 and Boeing 777,Couple Leisure,Business Class,London Heathrow to Seattle,2018-06-01,4.0,5.0,5.0,4.0,5.0,3,4.333333333333333,0.0,Neutral,0.0,1,8,2,2,worlds away from what it used to be,125
"""last choice in future""",Boeing 747,Solo Leisure,Economy Class,London to Johannesburg,2018-04-01,1.0,1.0,1.0,1.0,4.0,2,1.6666666666666667,0.0,Neutral,0.0,1,4,21,135,last choice in future,117
"""unexpected problem with the systems""",Boeing 787,Couple Leisure,Premium Economy,Calgary to London,2018-06-01,1.0,1.0,1.0,2.0,2.0,2,1.5,-0.4019,Negative,-0.4019,0,5,4,97,unexpected problem with the systems,172
"""The airline isn’t bad""",Boeing 767,Business,Economy Class,London to Zurich,2018-06-01,3.0,2.0,1.0,1.0,4.0,4,2.5,-0.5423,Negative,-0.5423,0,4,3,68,the airline isnt bad,140
"""charge a large amount for choosing seats""",Boeing 747,Couple Leisure,Economy Class,Glasgow to New York via London,2018-06-01,2.0,4.0,4.0,3.0,3.0,3,3.1666666666666665,0.0,Neutral,0.0,1,7,2,135,charge a large amount for choosing seats,117
"""aircraft lacked the legroom""",Boeing 787,Solo Leisure,Economy Class,London Heathrow to Baltimore,2018-06-01,2.0,3.0,3.0,4.0,4.0,4,3.3333333333333335,0.0,Neutral,0.0,1,4,1,97,aircraft lacked the legroom,172
"""an additional €476 for seat selection""",A380 and 747,Couple Leisure,Business Class,London to Johannesburg,2018-02-01,2.0,3.0,3.0,3.4,3.0,1,2.566666666666667,0.0,Neutral,0.0,1,6,21,1,an additional  for seat selection,88
"""no one to solve problems""",A380,Couple Leisure,Premium Economy,Los Angeles to London,2018-05-01,1.0,2.0,1.0,3.0,1.0,1,1.5,-0.2263,Negative,-0.2263,0,5,12,302,no one to solve problems,81
"""everything was comfy enough""",Boeing 777,Couple Leisure,Economy Class,Tampa to London,2018-05-01,2.0,1.0,1.0,1.4,3.0,1,1.5666666666666667,0.0,Neutral,0.0,1,4,1,452,everything was comfy enough,145
"""FAs went through the motions""",Boeing 747-400,Couple Leisure,Business Class,Cape Town to London Heathrow,2018-06-01,2.0,3.0,2.0,2.0,3.0,3,2.5,0.0,Neutral,0.0,1,5,7,275,fas went through the motions,129
"""screen with so few pixels""",A320,Solo Leisure,Economy Class,Gatwick to San Jose,2018-06-01,3.0,3.2404661016949152,2.7091954022988505,2.636533432947329,3.0,2,2.7643658228235157,0.0,Neutral,0.0,1,5,1,662,screen with so few pixels,26
"""there was little to dislike""",Boeing 777-200 ER,Solo Leisure,Premium Economy,Toronto to London,2018-06-01,3.0,5.0,4.0,3.0,5.0,4,4.0,-0.323,Negative,-0.323,0,5,10,3,there was little to dislike,160
"""very good service indeed""",Boeing 747-400,Couple Leisure,Economy Class,London to Chicago,2018-04-01,5.0,5.0,4.0,4.0,4.0,5,4.5,0.4927,Positive,0.4927,2,4,9,275,very good service indeed,129
"""flights to Vancouver abysmal""","Boeing 747, A380",Business,First Class,Geneva to Vancouver via London,2018-03-01,4.0,1.0,2.0,3.0,5.0,1,2.6666666666666665,0.0,Neutral,0.0,1,4,1,2,flights to vancouver abysmal,126
"""very pleasantly surprised""",A320,Couple Leisure,Business Class,London Heathrow to Corfu,2018-05-01,4.0,5.0,5.0,3.4,4.0,5,4.3999999999999995,0.6779,Positive,0.6779,2,3,1,662,very pleasantly surprised,26
"""budget airlines can do better""",A320,Couple Leisure,Economy Class,Barcelona to Gatwick,2018-06-01,3.0,1.0,1.0,1.4,3.0,2,1.9000000000000001,0.4404,Positive,0.4404,2,5,2,662,budget airlines can do better,26
"""little value for money""",A380,Business,Business Class,Hong Kong to London,2018-06-01,1.0,1.0,2.0,1.0,3.0,1,1.5,0.2748,Positive,0.2748,2,4,11,302,little value for money,81
"""above-and-beyond service""",Boeing 747 / A320,Solo Leisure,Business Class,Washington to Bucharest via London,2018-05-01,5.0,5.0,4.0,2.6,5.0,5,4.433333333333334,0.0,Neutral,0.0,1,2,1,1,aboveandbeyond service,121
"""expensive low cost airline""",A320,Solo Leisure,Economy Class,London to Warsaw,2018-05-01,2.0,2.0,2.7091954022988505,2.636533432947329,3.0,3,2.55762147254103,-0.2732,Negative,-0.2732,0,4,3,662,expensive low cost airline,26
"""nearly three hours late""",A320,Solo Leisure,Economy Class,London to Istanbul,2018-05-01,3.0,5.0,1.0,1.4,2.0,1,2.2333333333333334,0.0,Neutral,0.0,1,4,10,662,nearly three hours late,26
"""a hit-or-miss affair""",Boeing 747-400,Couple Leisure,First Class,London to Cape Town,2018-05-01,4.0,2.0,4.0,3.0,4.0,3,3.3333333333333335,0.0,Neutral,0.0,1,3,15,275,a hitormiss affair,129
"""Avios program is nearly worthless""",Boeing 747,Solo Leisure,First Class,Miami to Hamburg via London,2018-05-01,3.0,4.0,3.0,3.4,2.0,1,2.733333333333333,-0.4404,Negative,-0.4404,0,5,1,135,avios program is nearly worthless,117
"""unhelpful and unprofessional""",Boeing 777,Solo Leisure,Economy Class,Turin to London Gatwick,2018-05-01,2.0,3.0,1.0,1.4,1.0,1,1.5666666666666667,-0.5106,Negative,-0.5106,0,3,1,452,unhelpful and unprofessional,145
"""There is not a hotline""",Embraer,Business,Economy Class,Frankfurt to London Cuty,2018-05-01,2.859667633869692,3.2404661016949152,2.7091954022988505,2.636533432947329,2.755620723362659,1,2.533580549028908,0.0,Neutral,0.0,1,5,1,18,there is not a hotline,200
"""7 hours later no luggage""",A320,Couple Leisure,Economy Class,London to Madrid,2018-05-01,2.0,1.0,2.7091954022988505,2.636533432947329,1.0,1,1.7242881392076965,-0.296,Negative,-0.296,0,5,9,662, hours later no luggage,26
"""such a poor quality product""",A380,Business,Business Class,Los Angeles to London Heathrow,2018-05-01,1.0,1.0,1.0,1.0,1.0,1,1.0,-0.4767,Negative,-0.4767,0,5,8,302,such a poor quality product,81
"""they understand my frustration""",A320,Family Leisure,Economy Class,London Heathrow to Mahon,2018-05-01,3.0,2.0,2.7091954022988505,2.636533432947329,1.0,2,2.2242881392076965,-0.4767,Negative,-0.4767,0,4,1,662,they understand my frustration,26
"""a lovely flight""",Boeing 777-200,Business,First Class,Dubai to London Heathrow,2018-05-01,5.0,5.0,5.0,3.4,5.0,5,4.733333333333333,0.5859,Positive,0.5859,2,3,6,171,a lovely flight,157
"""a la carte dining option""",A380,Solo Leisure,Economy Class,London Heathrow to Singapore,2018-05-01,4.0,3.0,4.0,3.0,4.0,4,3.6666666666666665,0.0,Neutral,0.0,1,5,5,302,a la carte dining option,81
"""did not keep us updated""",A320,Couple Leisure,Economy Class,Paris to Newark,2018-05-01,1.0,1.0,2.7091954022988505,2.636533432947329,1.0,1,1.5576214725410298,0.0,Neutral,0.0,1,5,1,662,did not keep us updated,26
"""never fly with them again""",A320,Couple Leisure,Economy Class,Heraklion to Gatwick,2018-05-01,1.0,3.0,2.7091954022988505,2.636533432947329,1.0,1,1.8909548058743633,0.0,Neutral,0.0,1,5,2,662,never fly with them again,26
"""this experience was a disgrace""",Boeing 747 400,Couple Leisure,Premium Economy,Washington to London,2018-05-01,1.0,4.0,2.0,1.0,2.0,1,1.8333333333333333,-0.4939,Negative,-0.4939,0,5,10,10,this experience was a disgrace,123
"""IFE is a work of mystery""",A380,Business,Economy Class,Singapore to London,2018-05-01,4.0,2.0,1.0,1.0,3.0,4,2.5,0.0,Neutral,0.0,1,6,12,302,ife is a work of mystery,81
"""years have not been kind""",Boeing 777-200,Business,Economy Class,Sydney to London via Singapore,2018-05-01,4.0,3.0,1.0,1.0,4.0,4,2.8333333333333335,-0.4168,Negative,-0.4168,0,5,8,171,years have not been kind,157
British Airways customer review,A319,Couple Leisure,Business Class,Malaga to Gatwick,2018-05-01,4.0,4.0,4.0,2.6,4.0,4,3.766666666666667,0.0,Neutral,0.0,1,4,5,196,british airways customer review,10
"""75 minutes to get boarding card""",A320,Solo Leisure,Economy Class,Barcelona to Gatwick,2018-05-01,1.0,1.0,2.7091954022988505,2.636533432947329,1.0,2,1.7242881392076965,0.0,Neutral,0.0,1,6,2,662, minutes to get boarding card,26
"""generous hand luggage rules""",A321,Business,Economy Class,Munich to London,2018-05-01,3.0,5.0,1.0,1.4,3.0,3,2.733333333333333,0.7579,Positive,0.7579,2,4,2,126,generous hand luggage rules,59
"""Cabin crew were efficient""",A320,Solo Leisure,Economy Class,London to Reykjavik,2018-05-01,4.0,4.0,2.0,2.0,4.0,4,3.3333333333333335,0.4215,Positive,0.4215,2,4,3,662,cabin crew were efficient,26
"""very poor cabin service""",Boeing 747-400,Business,Business Class,Cape Town to London,2018-05-01,3.0,1.0,1.0,1.0,3.0,2,1.8333333333333333,-0.5256,Negative,-0.5256,0,4,14,275,very poor cabin service,129
"""almost a low fare airline""",Boeing 787 / A320,Couple Leisure,Economy Class,Washington to Prague via London,2018-05-01,1.0,3.0,3.0,4.0,2.0,3,2.6666666666666665,-0.2075,Negative,-0.2075,0,5,1,6,almost a low fare airline,174
"""shameful for BA management""",Boeing 747,Solo Leisure,First Class,London to Washington,2018-05-01,3.0,2.0,2.0,1.0,4.0,1,2.1666666666666665,-0.4939,Negative,-0.4939,0,4,6,135,shameful for ba management,117
"""close call to make connections""",Boeing 747,Solo Leisure,Economy Class,Washington to Glasgow via London,2018-05-01,4.0,4.0,3.0,3.0,3.0,5,3.6666666666666665,0.0,Neutral,0.0,1,5,1,135,close call to make connections,117
"""I had to buy a new return ticket""",A321,Solo Leisure,Economy Class,London to Montreal,2018-03-01,3.0,2.0,1.0,2.0,1.0,1,1.6666666666666667,0.0,Neutral,0.0,1,8,3,126,i had to buy a new return ticket,59
"""legroom was insufficient""",Boeing 777-300ER / A320,Solo Leisure,Economy Class,Tokyo to Amsterdam via London,2018-05-01,2.0,2.0,1.0,1.0,4.0,3,2.1666666666666665,0.0,Neutral,0.0,1,3,1,1,legroom was insufficient,170
"""service was quite prompt""",A320,Business,Business Class,Vienna to London Heathrow,2018-05-01,3.0,4.0,2.0,2.0,3.0,3,2.8333333333333335,0.0,Neutral,0.0,1,4,1,662,service was quite prompt,26
"""pathetic cost cutting antics""",A320,Solo Leisure,Economy Class,London Heathrow to Vienna,2018-05-01,1.0,1.0,1.0,2.0,1.0,1,1.1666666666666667,-0.6369,Negative,-0.6369,0,4,2,662,pathetic cost cutting antics,26
"""had to pay for another flight""",A320,Couple Leisure,Economy Class,Glasgow to Heathrow,2018-05-01,1.0,1.0,2.7091954022988505,2.636533432947329,1.0,1,1.5576214725410298,-0.1027,Negative,-0.1027,0,6,2,662,had to pay for another flight,26
"""the service pleasant enough""",Boeing 747,Business,Business Class,London to Phoenix,2018-05-01,4.0,3.0,4.0,1.0,4.0,4,3.3333333333333335,0.5106,Positive,0.5106,2,4,6,135,the service pleasant enough,117
"""full price to rebook""",A320,Solo Leisure,Economy Class,Glasgow to Heathrow,2018-05-01,1.0,1.0,2.7091954022988505,2.636533432947329,1.0,1,1.5576214725410298,0.0,Neutral,0.0,1,4,2,662,full price to rebook,26
"""cabin crew friendly""",A319 / Boeing 777,Solo Leisure,Economy Class,Brussels to Shanghai via London,2018-04-01,5.0,5.0,5.0,4.0,2.0,5,4.333333333333333,0.4939,Positive,0.4939,2,3,1,5,cabin crew friendly,16
"""I was pleasantly surprised""",A380,Solo Leisure,Economy Class,Chicago to London Heathrow,2018-05-01,4.0,4.0,3.0,3.0,4.0,3,3.5,0.6124,Positive,0.6124,2,4,7,302,i was pleasantly surprised,81
"""once again disappointed""",A320 / Boeing 787,Couple Leisure,Economy Class,Athens to Philadelphia via London,2018-04-01,4.0,4.0,2.0,4.0,4.0,3,3.5,-0.4767,Negative,-0.4767,0,3,1,5,once again disappointed,33
"""Club World cabin very cramped""",Boeing 777,Couple Leisure,Business Class,Hong Kong to London,2018-04-01,2.0,5.0,3.0,3.0,4.0,4,3.5,0.0,Neutral,0.0,1,5,11,452,club world cabin very cramped,145
"""experience was totally acceptable""",A380,Solo Leisure,Business Class,Los Angeles to London Heathrow,2018-04-01,4.0,5.0,4.0,5.0,5.0,5,4.666666666666667,0.3804,Positive,0.3804,2,4,8,302,experience was totally acceptable,81
"""Terminal 5 was a big mass""",A319 / Boeing 787-8,Solo Leisure,Premium Economy,Hamburg to Abu Dhabi via London,2018-05-01,3.0,2.0,2.0,4.0,1.0,2,2.3333333333333335,0.0,Neutral,0.0,1,6,1,1,terminal  was a big mass,18
"""An average experience""",Boeing 787-8,Family Leisure,Business Class,GIG to LHR,2018-04-01,4.0,3.0,3.0,4.0,4.0,3,3.5,0.0,Neutral,0.0,1,3,5,16,an average experience,178
"""no accessory pack of eye shades""",Boeing 747,Solo Leisure,Premium Economy,London Heathrow to Vancouver,2018-04-01,1.0,1.0,1.0,2.0,4.0,2,1.8333333333333333,0.0,Neutral,0.0,1,6,4,135,no accessory pack of eye shades,117
"""crew were excellent""",Boeing 767,Business,Business Class,Madrid to London,2018-04-01,4.0,5.0,4.0,2.6,4.0,3,3.766666666666667,0.5719,Positive,0.5719,2,3,9,68,crew were excellent,140
"""bags cannot be fastened together""",A319,Solo Leisure,Economy Class,Venice to Gatwick,2018-02-01,3.0,3.0,2.7091954022988505,2.636533432947329,1.0,1,2.2242881392076965,0.0,Neutral,0.0,1,5,4,196,bags cannot be fastened together,10
"""It was all handled very poorly""",A380,Business,Business Class,Singapore to Dublin via London,2018-03-01,2.0,5.0,4.0,3.0,2.0,2,3.0,0.0,Neutral,0.0,1,6,1,302,it was all handled very poorly,81
"""no real added value""",A320,Couple Leisure,Economy Class,London to Budapest,2018-04-01,3.0,3.0,1.0,1.0,2.0,1,1.8333333333333333,0.34,Positive,0.34,2,4,3,662,no real added value,26
"""bumped off flight""",Embraer,Business,Economy Class,Florence to London Gatwick,2018-04-01,2.859667633869692,3.2404661016949152,2.7091954022988505,2.636533432947329,2.755620723362659,1,2.533580549028908,0.0,Neutral,0.0,1,3,1,18,bumped off flight,200
"""a solid performance""",Boeing 777-300,Family Leisure,Business Class,London to Sao Paulo,2018-04-01,4.0,4.0,4.0,5.0,5.0,4,4.333333333333333,0.1531,Positive,0.1531,2,3,2,54,a solid performance,167
"""Worst BA flight ever!""",Boeing 777,Couple Leisure,Business Class,Tampa to London Gatwick,2018-04-01,1.0,1.0,1.0,1.0,1.0,1,1.0,-0.6588,Negative,-0.6588,0,4,1,452,worst ba flight ever,145
"""one expects a degree of comfort""",A319,Business,Business Class,London Heathrow to Dusseldorf,2018-02-01,1.0,1.0,1.0,1.4,1.0,1,1.0666666666666667,0.3612,Positive,0.3612,2,6,1,196,one expects a degree of comfort,10
"""crew professional and friendly""",A320,Business,Business Class,Madrid to London,2018-04-01,2.0,5.0,1.0,1.4,1.0,1,1.9000000000000001,0.4939,Positive,0.4939,2,4,9,662,crew professional and friendly,26
"""this change is not acceptable""",A321,Business,Business Class,London to Moscow,2018-03-01,1.0,4.0,1.0,1.4,1.0,2,1.7333333333333334,-0.2411,Negative,-0.2411,0,5,2,126,this change is not acceptable,59
"""recent BA experience was positive""",Boeing 747-400,Solo Leisure,Economy Class,Miami to London,2018-03-01,4.0,4.0,4.0,4.0,4.0,4,4.0,0.5574,Positive,0.5574,2,5,7,275,recent ba experience was positive,129
"""cheaper than competitors""",Boeing 777-200,Couple Leisure,Economy Class,Gatwick to Barbados,2017-12-01,2.0,2.0,1.0,2.0,3.0,2,2.0,0.0,Neutral,0.0,1,3,6,171,cheaper than competitors,157
"""among the most greedy airlines""",Boeing 747-400,Solo Leisure,Economy Class,London Heathrow to Dallas,2018-04-01,3.0,3.0,3.0,2.0,3.0,2,2.6666666666666665,-0.3804,Negative,-0.3804,0,5,1,275,among the most greedy airlines,129
"""the seat pitch is ridiculous""",A320,Business,Business Class,London to Copenhagen,2018-04-01,2.0,3.0,1.0,1.4,3.0,2,2.066666666666667,-0.3612,Negative,-0.3612,0,5,3,662,the seat pitch is ridiculous,26
"""it’s become a last resort""",A320,Business,Economy Class,Istanbul to London,2018-04-01,3.0,3.0,1.0,1.0,2.0,1,1.8333333333333333,0.0,Neutral,0.0,1,5,10,662,its become a last resort,26
"""Unprofessional staff, uncomfortable seats""",A380,Family Leisure,Premium Economy,Los Angeles to London,2018-04-01,1.0,1.0,2.0,3.0,1.0,1,1.5,-0.7096,Negative,-0.7096,0,4,12,302,unprofessional staff uncomfortable seats,81
"""started with a 2.5 hours delay""",A321,Business,Economy Class,Belfast to London,2018-04-01,2.0,1.0,1.0,1.0,1.0,1,1.1666666666666667,-0.3182,Negative,-0.3182,0,6,7,126,started with a  hours delay,59
"""Boarding was chaotic""",Boeing 787,Solo Leisure,Economy Class,Naples to Gatwick,2018-04-01,3.0,2.0,2.0,2.0,2.0,1,2.0,-0.4939,Negative,-0.4939,0,3,2,97,boarding was chaotic,172
"""Not value for money""",Boeing 777-300,Family Leisure,Premium Economy,São Paulo to London Heathrow,2018-04-01,2.0,1.0,2.0,3.0,2.0,2,2.0,-0.2584,Negative,-0.2584,0,4,1,54,not value for money,167
"""nothing special, such a disappointment""",Boeing 777,Couple Leisure,Premium Economy,Dallas to Lagos via London Heathrow,2018-02-01,2.0,2.0,2.0,2.0,1.0,1,1.6666666666666667,-0.6765,Negative,-0.6765,0,5,1,452,nothing special such a disappointment,145
"""the worst flight I have ever had""",A320,Couple Leisure,Economy Class,Budapest to London Heathrow,2018-03-01,1.0,1.0,2.7091954022988505,2.636533432947329,3.0,2,2.05762147254103,-0.6249,Negative,-0.6249,0,7,2,662,the worst flight i have ever had,26
"""service was outstanding""",Boeing 777,Family Leisure,Economy Class,London Heathrow to New York JFK,2018-04-01,1.0,5.0,2.0,2.0,1.0,3,2.3333333333333335,0.6124,Positive,0.6124,2,3,7,452,service was outstanding,145
"""My bag was damaged""",A320,Solo Leisure,Economy Class,London to Vienna,2017-12-01,3.0,4.0,2.7091954022988505,2.636533432947329,1.0,1,2.390954805874363,-0.4404,Negative,-0.4404,0,4,6,662,my bag was damaged,26
"""Efficient staff""",Boeing 787-9,Family Leisure,Premium Economy,London Heathrow to Cairo,2018-04-01,4.0,5.0,5.0,5.0,5.0,5,4.833333333333333,0.4215,Positive,0.4215,2,2,3,54,efficient staff,184
"""complete waste of money""",Boeing 777,Couple Leisure,Business Class,St Lucia to Gatwick,2018-03-01,2.0,2.0,2.0,3.0,3.0,1,2.1666666666666665,-0.4215,Negative,-0.4215,0,4,5,452,complete waste of money,145
"""well below BA's competitors""",Boeing 777-200,Couple Leisure,Business Class,Fort Lauderdale to Gatwick,2018-03-01,2.0,3.0,3.0,2.0,3.0,3,2.6666666666666665,0.2732,Positive,0.2732,2,4,1,171,well below bas competitors,157
"""additional payment to select seats""",Boeing 747,Family Leisure,Business Class,Dubai to London Heathrow,2018-03-01,4.0,5.0,4.0,3.0,4.0,4,4.0,0.0,Neutral,0.0,1,5,6,135,additional payment to select seats,117
"""outdated, unclean and uncomfortable""",Boeing 747-400,Couple Leisure,Economy Class,London to Las Vegas,2018-03-01,2.0,4.0,1.0,2.0,2.0,3,2.3333333333333335,-0.3818,Negative,-0.3818,0,4,4,275,outdated unclean and uncomfortable,129
"""the utmost courtesy and assistance""",Boeing 777,Solo Leisure,Economy Class,Tampa to Gatwick,2018-03-01,4.0,5.0,5.0,5.0,5.0,5,4.833333333333333,0.3612,Positive,0.3612,2,5,5,452,the utmost courtesy and assistance,145
"""pleasantly surprised to be upgraded""",A320,Business,Economy Class,Heathrow to Keflavik,2018-03-01,3.0,4.0,4.0,2.6,5.0,4,3.766666666666667,0.6124,Positive,0.6124,2,5,1,662,pleasantly surprised to be upgraded,26
"""crew very friendly and professional""",Boeing 787-9,Solo Leisure,First Class,London to Muscat,2018-03-01,5.0,4.0,4.0,3.0,4.0,4,4.0,0.5413,Positive,0.5413,2,5,1,54,crew very friendly and professional,184
"""entertainment was not working""",Boeing 747-400,Family Leisure,Economy Class,Cape Town to London,2018-03-01,2.0,2.0,2.0,1.0,2.0,1,1.6666666666666667,0.4215,Positive,0.4215,2,4,14,275,entertainment was not working,129
"""staff try so very hard to please""",A320,Family Leisure,Business Class,Gatwick to Madeira,2018-03-01,2.0,4.0,3.0,3.4,2.0,1,2.566666666666667,0.1512,Positive,0.1512,2,7,1,662,staff try so very hard to please,26
"""extremely unprofessional""",Boeing 777,Solo Leisure,Economy Class,London to Casablanca,2018-03-01,3.0,3.0,2.7091954022988505,2.636533432947329,1.0,1,2.2242881392076965,-0.5563,Negative,-0.5563,0,2,1,452,extremely unprofessional,145
"""manager is very professional""",A380 / A319,Solo Leisure,Economy Class,Berlin to Hong Kong via London,2018-02-01,3.0,5.0,2.7091954022988505,2.636533432947329,4.0,4,3.5576214725410296,0.0,Neutral,0.0,1,4,1,2,manager is very professional,82
"""regret choosing BA""",A380,Solo Leisure,Economy Class,Hyderabad to Brussels via London,2018-03-01,3.0,3.0,2.0,2.0,3.0,1,2.3333333333333335,-0.4215,Negative,-0.4215,0,3,1,302,regret choosing ba,81
"""an entirely reasonable flight""",Boeing 777-200,Couple Leisure,Business Class,London Gatwick to Fort Lauderdale,2018-03-01,3.0,4.0,4.0,3.0,4.0,4,3.6666666666666665,0.0,Neutral,0.0,1,4,1,171,an entirely reasonable flight,157
"""cleanliness hit rock bottom""",Boeing 747,Business,Business Class,Milan to London Heathrow,2018-03-01,3.0,1.0,2.7091954022988505,2.636533432947329,4.0,1,2.390954805874363,0.0,Neutral,0.0,1,4,1,135,cleanliness hit rock bottom,117
"""one of the most pleasurable flights""",A320,Family Leisure,Business Class,London to Helsinki,2018-03-01,5.0,5.0,5.0,3.4,5.0,5,4.733333333333333,0.5709,Positive,0.5709,2,6,1,662,one of the most pleasurable flights,26
"""gratitude and appreciation""",A321,Solo Leisure,Economy Class,London Heathrow to Denver,2018-03-01,5.0,5.0,5.0,5.0,5.0,5,5.0,0.765,Positive,0.765,2,3,1,126,gratitude and appreciation,59
"""I had to ask where is my food""",A320,Solo Leisure,Economy Class,Heathrow to Kuala Lumpur,2018-03-01,3.0,3.0,1.0,2.0,4.0,1,2.3333333333333335,0.0,Neutral,0.0,1,8,1,662,i had to ask where is my food,26
"""you are facing a stranger""",Boeing 777-200,Business,Business Class,Bangkok to London,2018-03-01,1.0,2.0,1.0,1.4,4.0,1,1.7333333333333334,0.0,Neutral,0.0,1,5,7,171,you are facing a stranger,157
"""service was really good""",Boeing 777-300,Couple Leisure,Business Class,Beijing to London,2018-03-01,3.0,4.0,4.0,4.0,3.0,4,3.6666666666666665,0.4927,Positive,0.4927,2,4,2,54,service was really good,167
"""not much structure to service""",Boeing 787,Couple Leisure,Business Class,London to Beijing,2018-03-01,3.0,2.0,3.0,4.0,3.0,3,3.0,0.0,Neutral,0.0,1,5,2,97,not much structure to service,172
"""served the worst food""",Boeing 777,Couple Leisure,Economy Class,Bangkok to London,2018-03-01,1.0,2.0,1.0,2.0,1.0,2,1.5,-0.6249,Negative,-0.6249,0,4,7,452,served the worst food,145
"""cabin staff were almost robotic""",Boeing 777,Solo Leisure,Economy Class,Moscow to Heathrow,2018-02-01,2.0,1.0,1.0,3.0,1.0,3,1.8333333333333333,0.0,Neutral,0.0,1,5,2,452,cabin staff were almost robotic,145
"""no one to escort you to the seat""",Boeing 787-9,Business,First Class,London Heathrow to Delhi Airport,2017-10-01,4.0,1.0,1.0,1.0,2.0,1,1.6666666666666667,0.0,Neutral,0.0,1,8,1,54,no one to escort you to the seat,184
"""service is very attentive and polite""",A319 / Boeing 777,Solo Leisure,Economy Class,Belfast to Lisbon via London,2018-03-01,3.0,4.0,1.0,1.4,4.0,2,2.566666666666667,0.0,Neutral,0.0,1,6,1,5,service is very attentive and polite,16
"""turned into a low cost airline""",A321,Solo Leisure,Economy Class,London to Belfast,2018-03-01,5.0,5.0,2.7091954022988505,2.636533432947329,4.0,3,3.724288139207696,-0.2732,Negative,-0.2732,0,6,6,126,turned into a low cost airline,59
"""Worn seats, cracks in the walls""",Boeing 747-400,Business,Economy Class,Miami to London,2018-03-01,2.0,3.0,3.0,1.0,3.0,2,2.3333333333333335,-0.296,Negative,-0.296,0,6,7,275,worn seats cracks in the walls,129
"""service attentive and prompt""",A320,Business,Business Class,Warsaw to London,2018-03-01,1.0,4.0,5.0,3.4,4.0,4,3.5666666666666664,0.0,Neutral,0.0,1,4,3,662,service attentive and prompt,26
"""they do not offer anything free""",A320,Solo Leisure,Economy Class,Stockholm to London,2018-03-01,3.0,3.0,2.7091954022988505,2.636533432947329,3.0,2,2.724288139207696,-0.4023,Negative,-0.4023,0,6,4,662,they do not offer anything free,26
"""crew were very pleasant""",A320,Business,Economy Class,Lisbon to London Heathrow,2018-03-01,4.0,2.0,2.0,2.0,5.0,2,2.8333333333333335,0.5563,Positive,0.5563,2,4,3,662,crew were very pleasant,26
"""don't have spare water""",A380,Business,Premium Economy,Singapore to Heathrow,2018-03-01,1.0,1.0,1.0,1.0,1.0,1,1.0,0.0,Neutral,0.0,1,4,1,302,dont have spare water,81
"""seat was claustrophobic""",Boeing 777,Business,Business Class,Chicago to Chennai via London,2018-02-01,1.0,1.0,1.0,1.4,1.0,1,1.0666666666666667,0.0,Neutral,0.0,1,3,1,452,seat was claustrophobic,145
"""it did not disappoint me""",Boeing 787,Solo Leisure,Economy Class,London Heathrow to Toronto,2018-02-01,3.0,4.0,3.0,2.0,4.0,4,3.3333333333333335,0.3089,Positive,0.3089,2,5,3,97,it did not disappoint me,172
"""my worst experience in business class""",A380,Business,Business Class,London to Hong Kong,2018-02-01,3.0,1.0,1.0,3.0,3.0,1,2.0,-0.6249,Negative,-0.6249,0,6,15,302,my worst experience in business class,81
"""you would expect a better meal""",A380,Solo Leisure,Premium Economy,Miami to London Heathrow,2018-02-01,5.0,5.0,3.0,5.0,5.0,5,4.666666666666667,0.4404,Positive,0.4404,2,6,7,302,you would expect a better meal,81
"""I will never fly BA again""",Boeing 747,Couple Leisure,First Class,London to Phoenix,2017-07-01,1.0,5.0,1.0,1.0,1.0,1,1.6666666666666667,0.0,Neutral,0.0,1,6,6,135,i will never fly ba again,117
"""a miserable experience""",A320,Couple Leisure,Business Class,London to Istanbul,2018-02-01,1.0,2.0,2.0,2.0,2.0,2,1.8333333333333333,-0.4939,Negative,-0.4939,0,3,10,662,a miserable experience,26
"""I end up with mix feelings""",A319,Couple Leisure,Economy Class,Edimbourgh to London Gatwick,2018-02-01,1.0,3.0,2.7091954022988505,2.636533432947329,3.0,5,2.890954805874363,0.0,Neutral,0.0,1,6,1,196,i end up with mix feelings,10
"""at least a decade out of date""",Boeing 747-400,Business,Business Class,Chicago to London Heathrow,2018-02-01,1.0,1.0,1.0,1.0,3.0,1,1.3333333333333333,0.0,Neutral,0.0,1,7,7,275,at least a decade out of date,129
"""has adopted the low cost airline mentality""",Boeing 757,Solo Leisure,Economy Class,Athens to London,2018-02-01,3.0,4.0,2.0,2.0,4.0,5,3.3333333333333335,-0.2732,Negative,-0.2732,0,7,10,2,has adopted the low cost airline mentality,139
"""meals were served very slowly""",Boeing 747,Couple Leisure,Premium Economy,London Heathrow to Miami,2018-02-01,2.0,3.0,2.0,2.0,3.0,2,2.3333333333333335,0.0,Neutral,0.0,1,5,7,135,meals were served very slowly,117
"""Boarding was disappointing""",Boeing 777,Solo Leisure,Economy Class,London to Bombay,2017-12-01,4.0,5.0,4.0,4.0,3.0,5,4.166666666666667,-0.4939,Negative,-0.4939,0,3,1,452,boarding was disappointing,145
"""so much for a full-service airline""",A319/320,Couple Leisure,Business Class,Manchester to Gothenburg via London Heathrow,2018-02-01,2.0,3.0,2.0,1.0,3.0,2,2.1666666666666665,0.0,Neutral,0.0,1,6,1,1,so much for a fullservice airline,23
"""Bad service""",A319,Business,Economy Class,London Heathrow to Prague,2018-02-01,3.0,1.0,2.7091954022988505,2.636533432947329,1.0,1,1.8909548058743633,-0.5423,Negative,-0.5423,0,2,1,196,bad service,10
"""journey was very irritating""",A320-200,Solo Leisure,Economy Class,New Orleans to Hyderabad via London,2018-02-01,1.0,1.0,1.0,1.0,2.0,2,1.3333333333333333,-0.5095,Negative,-0.5095,0,4,1,14,journey was very irritating,45
"""Extremely dated aircraft""",A320,Business,Business Class,London to Athens,2018-01-01,1.0,4.0,2.0,1.0,2.0,1,1.8333333333333333,0.0,Neutral,0.0,1,3,11,662,extremely dated aircraft,26
"""food has noticeably improved""",Boeing 777,Couple Leisure,Economy Class,London Gatwick to Cape Town,2018-02-01,4.0,3.0,4.0,3.0,4.0,3,3.5,0.4767,Positive,0.4767,2,4,2,452,food has noticeably improved,145
"""really poor food""",Boeing 747-400,Couple Leisure,Economy Class,Las Vegas to London Heathrow,2018-02-01,2.0,1.0,1.0,3.0,1.0,2,1.6666666666666667,-0.5256,Negative,-0.5256,0,3,4,275,really poor food,129
"""crew very attentive""",A321,Solo Leisure,Business Class,Aberdeen to London Heathrow,2018-02-01,5.0,5.0,5.0,3.4,4.0,5,4.566666666666666,0.0,Neutral,0.0,1,3,2,126,crew very attentive,59
"""Very satisfied with BA""",A320,Solo Leisure,Business Class,Dusseldorf to London,2018-02-01,3.0,5.0,5.0,3.4,4.0,4,4.066666666666666,0.4754,Positive,0.4754,2,4,1,662,very satisfied with ba,26
"""utterly appalling food""",Boeing 777,Solo Leisure,Economy Class,Orlando to Gatwick,2018-02-01,3.0,5.0,1.0,3.0,4.0,3,3.1666666666666665,-0.4201,Negative,-0.4201,0,3,5,452,utterly appalling food,145
"""I was very pleasantly surprised""",A380,Solo Leisure,Economy Class,London to Johannesburg,2018-01-01,5.0,5.0,3.0,5.0,5.0,4,4.5,0.6779,Positive,0.6779,2,5,21,302,i was very pleasantly surprised,81
"""cabin staff polite and friendly""",Boeing 777-200,Business,Business Class,Chicago to Hyderabad via London Heathrow,2018-02-01,3.0,4.0,3.0,3.4,3.0,4,3.4,0.4939,Positive,0.4939,2,5,1,171,cabin staff polite and friendly,157
"""first and last journey""",Boeing 777,Solo Leisure,Premium Economy,San Francisco to Hyderabad via London,2017-12-01,1.0,1.0,2.7091954022988505,2.636533432947329,1.0,1,1.5576214725410298,0.0,Neutral,0.0,1,4,1,452,first and last journey,145
"""nothing good about BA anymore""",A319,Business,Economy Class,London to Duesseldorf,2018-01-01,1.0,1.0,2.7091954022988505,2.636533432947329,1.0,1,1.5576214725410298,-0.3412,Negative,-0.3412,0,5,1,196,nothing good about ba anymore,10
"""I was downgraded""",Boeing 767,Couple Leisure,Business Class,Rio de Janiero to London,2018-01-01,2.0,2.0,2.0,2.0,2.0,1,1.8333333333333333,0.0,Neutral,0.0,1,3,1,68,i was downgraded,140
"""A very unpleasant experience""",Boeing 777,Solo Leisure,Premium Economy,London to Bengaluru,2018-02-01,2.0,1.0,1.0,1.0,2.0,1,1.3333333333333333,-0.5256,Negative,-0.5256,0,4,2,452,a very unpleasant experience,145
"""BA did a good job""",Boeing 777-300ER,Couple Leisure,Economy Class,Houston to Dublin via London Heathrow,2018-01-01,3.0,4.0,4.0,5.0,4.0,5,4.166666666666667,0.4404,Positive,0.4404,2,5,1,18,ba did a good job,169
"""have to pay for food and beverages""",Boeing 777,Couple Leisure,Economy Class,Reykjavik to London,2018-02-01,4.0,4.0,1.0,4.0,1.0,2,2.6666666666666665,-0.1027,Negative,-0.1027,0,7,1,452,have to pay for food and beverages,145
"""given no notifications or help""",777-200,Couple Leisure,Economy Class,Bangkok to Lisbon via Heathrow,2017-12-01,2.859667633869692,3.2404661016949152,2.7091954022988505,2.636533432947329,2.755620723362659,1,2.533580549028908,-0.5358,Negative,-0.5358,0,5,1,2,given no notifications or help,2
"""a flight with no problems""",Boeing 737-800,Solo Leisure,Economy Class,Johannesburg to Cape Town,2018-01-01,3.0,3.0,3.0,3.4,3.0,4,3.233333333333333,0.3089,Positive,0.3089,2,5,3,6,a flight with no problems,115
"""no complimentary food or beverages""",A320,Solo Leisure,Economy Class,London Heathrow to Paris Orly,2017-10-01,3.0,4.0,2.7091954022988505,2.636533432947329,2.0,2,2.724288139207696,0.4404,Positive,0.4404,2,5,2,662,no complimentary food or beverages,26
"""good flight and service""",A320,Solo Leisure,Business Class,London Heathrow to Belfast,2018-01-01,5.0,4.0,4.0,2.6,4.0,4,3.9333333333333336,0.4404,Positive,0.4404,2,4,2,662,good flight and service,26
"""missed our connection in London""",Boeing 747-400,Couple Leisure,Economy Class,New York to Paris,2017-12-01,1.0,3.2404661016949152,2.7091954022988505,2.636533432947329,1.0,1,1.9310324894901825,-0.296,Negative,-0.296,0,5,1,275,missed our connection in london,129
"""Service was inattentive at best""",A380,Business,Business Class,Singapore to Madrid via London Heathrow,2018-01-01,1.0,2.0,2.0,2.0,1.0,1,1.5,0.6369,Positive,0.6369,2,5,1,302,service was inattentive at best,81
"""if we want anything, get it yourself""",Boeing 777,Solo Leisure,Business Class,Gatwick to Tobago,2018-01-01,3.0,3.0,3.0,2.0,2.0,3,2.6666666666666665,0.0772,Positive,0.0772,2,7,1,452,if we want anything get it yourself,145
"""British Airways is cutting corners""",A319,Business,Business Class,London Gatwick to Turin,2018-01-01,1.0,1.0,2.0,2.0,3.0,1,1.6666666666666667,-0.128,Negative,-0.128,0,5,1,196,british airways is cutting corners,10
"""policy is arbitrary and unfair""",A319,Solo Leisure,Economy Class,Warsaw to London Heathrow,2018-01-01,1.0,1.0,3.0,1.0,1.0,1,1.3333333333333333,-0.4767,Negative,-0.4767,0,5,1,196,policy is arbitrary and unfair,10
"""Six hours before it was cancelled""",A350-1000,Solo Leisure,Economy Class,London Heathrow to Vancouver,2018-01-01,3.0,4.0,3.0,3.4,3.0,3,3.233333333333333,-0.25,Negative,-0.25,0,6,4,10,six hours before it was cancelled,80
"""asked to pay extra to book specific seats""",A320,Couple Leisure,Business Class,London Heathrow to Madrid,2018-01-01,2.0,4.0,4.0,2.6,2.0,3,2.9333333333333336,-0.1027,Negative,-0.1027,0,8,4,662,asked to pay extra to book specific seats,26
"""My suitcase didn't arrive""",A320,Solo Leisure,Economy Class,London to Dusseldorf,2017-12-01,2.0,4.0,1.0,1.0,1.0,1,1.6666666666666667,0.0,Neutral,0.0,1,4,2,662,my suitcase didnt arrive,26
"""staff attitude so nonchalant""",A380,Solo Leisure,Business Class,Johannesburg to London,2017-12-01,1.0,1.0,1.0,2.0,2.0,1,1.3333333333333333,0.0,Neutral,0.0,1,4,17,302,staff attitude so nonchalant,81
"""pulling in the right direction""",Boeing 777-200,Couple Leisure,Business Class,London to Bangkok,2018-01-01,5.0,5.0,5.0,2.0,5.0,5,4.5,0.0,Neutral,0.0,1,5,6,171,pulling in the right direction,157
"""British Airways is always a good choice""",A320,Solo Leisure,Business Class,London Gatwick to Rome Fiumicino,2017-12-01,5.0,5.0,5.0,5.0,5.0,5,5.0,0.4404,Positive,0.4404,2,7,2,662,british airways is always a good choice,26
"""impressed with level of service""",Boeing 787-9,Solo Leisure,Business Class,"San Jose, CA to London Heathrow",2018-01-01,4.0,5.0,5.0,4.0,3.0,4,4.166666666666667,0.4767,Positive,0.4767,2,5,1,54,impressed with level of service,184
"""an awful experience""",Boeing 777,Business,Business Class,Dubai to London,2017-12-01,1.0,1.0,1.0,1.4,1.0,1,1.0666666666666667,-0.4588,Negative,-0.4588,0,3,5,452,an awful experience,145
"""full-service airline or low cost""",E170 / A319,Business,Economy Class,London to Düsseldorf,2018-01-01,3.0,5.0,1.0,1.4,4.0,2,2.733333333333333,-0.2732,Negative,-0.2732,0,5,1,1,fullservice airline or low cost,197
"""such a poor service""",Boeing 747-400,Family Leisure,Economy Class,New York to London,2017-11-01,1.0,1.0,2.0,1.0,2.0,1,1.3333333333333333,-0.4767,Negative,-0.4767,0,4,8,275,such a poor service,129
"""should get behind out national carrier""",Boeing 777,Solo Leisure,Economy Class,Bangkok to Aberdeen via Heathrow,2018-01-01,3.0,4.0,4.0,2.0,4.0,4,3.5,0.0,Neutral,0.0,1,6,1,452,should get behind out national carrier,145
"""there's room for improvement""",E190,Couple Leisure,Economy Class,Rotterdam to London City,2018-01-01,5.0,5.0,3.0,3.4,4.0,5,4.233333333333333,0.4588,Positive,0.4588,2,4,3,4,theres room for improvement,198
"""used to be such a wonderful airline""",Boeing 747-400,Couple Leisure,Economy Class,London to Cape Town,2017-03-01,1.0,1.0,2.7091954022988505,2.636533432947329,1.0,3,1.8909548058743633,0.5719,Positive,0.5719,2,7,15,275,used to be such a wonderful airline,129
"""cabins are in need of refurbishment""",Boeing 747-400,Solo Leisure,First Class,Chicago to London Heathrow,2018-01-01,5.0,5.0,5.0,5.0,4.0,5,4.833333333333333,0.0,Neutral,0.0,1,6,7,275,cabins are in need of refurbishment,129
"""need to roll out promised changes""",Boeing 777-200,Couple Leisure,First Class,Toronto to London,2018-01-01,4.0,4.0,4.0,3.0,3.0,4,3.6666666666666665,0.3612,Positive,0.3612,2,6,10,171,need to roll out promised changes,157
British Airways customer review,Boeing 747,Solo Leisure,Economy Class,Las Vegas to Manchester via London,2018-01-01,1.0,2.0,1.0,2.0,1.0,1,1.3333333333333333,0.0,Neutral,0.0,1,4,1,135,british airways customer review,117
"""a terrible flight""",Boeing 777,Business,Business Class,London to Dubai,2018-01-01,2.0,1.0,1.0,1.4,3.0,1,1.5666666666666667,-0.4767,Negative,-0.4767,0,3,10,452,a terrible flight,145
"""go with a budget airline""",A320,Solo Leisure,Economy Class,Amsterdam to London,2018-01-01,1.0,1.0,1.0,1.0,1.0,1,1.0,0.0,Neutral,0.0,1,5,9,662,go with a budget airline,26
"""I was pleasantly surprised""",A380,Solo Leisure,Economy Class,London to Johannesburg,2017-12-01,5.0,5.0,4.0,4.0,4.0,4,4.333333333333333,0.6124,Positive,0.6124,2,4,21,302,i was pleasantly surprised,81
"""BA is now as bad as Ryanair""",A321,Business,Business Class,Gatwick to Funchal,2017-10-01,1.0,2.0,1.0,1.4,1.0,1,1.2333333333333334,-0.5423,Negative,-0.5423,0,7,3,126,ba is now as bad as ryanair,59
"""waiting on my luggage for five days""",A350,Solo Leisure,Business Class,London to Tel Aviv,2017-12-01,1.0,1.0,2.7091954022988505,2.636533432947329,1.0,1,1.5576214725410298,0.0,Neutral,0.0,1,7,4,39,waiting on my luggage for five days,79
"""I was sorely disappointed""",Boeing 747-400,Solo Leisure,Premium Economy,London to Cape Town,2017-12-01,1.0,3.0,4.0,1.0,2.0,1,2.0,-0.4767,Negative,-0.4767,0,4,15,275,i was sorely disappointed,129
"""their staff is the best""",Boeing 777-300ER,Family Leisure,First Class,Hong Kong to London,2017-12-01,4.0,5.0,5.0,3.4,4.0,4,4.233333333333333,0.6369,Positive,0.6369,2,5,11,18,their staff is the best,169
"""BA gets worse and worse""",A321,Couple Leisure,Business Class,Dublin to Heathrow,2017-12-01,1.0,1.0,1.0,1.4,1.0,1,1.0666666666666667,-0.7351,Negative,-0.7351,0,5,1,126,ba gets worse and worse,59
"""don’t waste your money flying BA""",Boeing 747-400,Couple Leisure,Economy Class,London to New York,2017-11-01,1.0,1.0,1.0,2.0,3.0,2,1.6666666666666667,-0.4215,Negative,-0.4215,0,6,9,275,dont waste your money flying ba,129
"""plane was very outdated""",Boeing 747-400,Family Leisure,Economy Class,New York to London,2017-12-01,4.0,4.0,4.0,3.0,3.0,3,3.5,0.0,Neutral,0.0,1,4,8,275,plane was very outdated,129
"""worst business class I have flown""",Boeing 787-9 / A319,Family Leisure,Business Class,Budapest to Philadelphia via London,2017-07-01,2.0,4.0,2.0,2.0,3.0,3,2.6666666666666665,-0.6249,Negative,-0.6249,0,6,1,2,worst business class i have flown,186
"""The attendants were polite""",A380,Solo Leisure,Premium Economy,London to Hong Kong,2017-12-01,4.0,4.0,4.0,4.0,5.0,3,4.0,0.0,Neutral,0.0,1,4,15,302,the attendants were polite,81
"""bad service with delayed luggage""",A321,Solo Leisure,Economy Class,London to Montreal,2017-12-01,2.0,4.0,2.0,3.0,1.0,1,2.1666666666666665,-0.6597,Negative,-0.6597,0,5,3,126,bad service with delayed luggage,59
"""currently looking for the luggage""",Boeing 777,Family Leisure,First Class,London to Houston,2017-12-01,3.0,3.0,1.0,3.0,1.0,1,2.0,0.0,Neutral,0.0,1,5,2,452,currently looking for the luggage,145
"""Absolutely horrendous experience""",A350,Couple Leisure,Economy Class,Las Vegas to London,2017-12-01,1.0,1.0,1.0,2.0,1.0,1,1.1666666666666667,-0.624,Negative,-0.624,0,3,3,39,absolutely horrendous experience,79
"""biggest disappointment was the cabin crew""",Boeing 747-400,Solo Leisure,Economy Class,Dubai to London Heathrow,2017-12-01,2.0,1.0,2.0,1.0,4.0,2,2.0,-0.5106,Negative,-0.5106,0,6,6,275,biggest disappointment was the cabin crew,129
"""cancelled due to heavy snow""",Boeing 747-400,Solo Leisure,Economy Class,New York to Budapest via London,2017-12-01,1.0,1.0,1.0,1.0,1.0,1,1.0,-0.25,Negative,-0.25,0,5,1,275,cancelled due to heavy snow,129
"""I was very hungry throughout the service""",Boeing 787-9,Solo Leisure,Economy Class,Tokyo Narita to London Heathrow,2017-12-01,2.0,1.0,1.0,1.0,2.0,1,1.3333333333333333,0.0,Neutral,0.0,1,7,2,54,i was very hungry throughout the service,184
"""quite disappointed with my experience""",A320,Couple Leisure,Economy Class,Hamburg to London Heathrow,2017-06-01,3.0,2.0,2.7091954022988505,2.636533432947329,5.0,2,2.890954805874363,-0.5256,Negative,-0.5256,0,5,1,662,quite disappointed with my experience,26
"""a poor economy class product""",A320,Family Leisure,Economy Class,London to Pisa,2017-10-01,1.0,1.0,1.0,1.0,1.0,1,1.0,-0.4767,Negative,-0.4767,0,5,5,662,a poor economy class product,26
"""no longer a full service airline""",A320,Family Leisure,Economy Class,London to Toulouse,2017-10-01,1.0,1.0,1.0,1.0,1.0,1,1.0,0.0,Neutral,0.0,1,6,2,662,no longer a full service airline,26
"""Lovely, friendly crew""",Boeing 787-900,Solo Leisure,Business Class,London to Santiago,2017-11-01,5.0,5.0,4.0,4.0,4.0,5,4.5,0.7906,Positive,0.7906,2,3,3,8,lovely friendly crew,190
"""morphing into a low-cost carrier""",A320,Couple Leisure,Economy Class,London to Rome,2017-11-01,5.0,3.0,2.7091954022988505,2.636533432947329,5.0,5,3.890954805874363,0.0,Neutral,0.0,1,5,6,662,morphing into a lowcost carrier,26
"""used to include complimentary tea/sandwich""",A320,Solo Leisure,Economy Class,London to Manchester,2017-11-01,4.0,5.0,2.7091954022988505,2.636533432947329,4.0,4,3.724288139207696,0.4404,Positive,0.4404,2,5,4,662,used to include complimentary teasandwich,26
"""little to complain about""",Boeing 777,Solo Leisure,Premium Economy,London to Seattle,2017-11-01,4.0,4.0,4.0,3.0,4.0,4,3.8333333333333335,-0.3008,Negative,-0.3008,0,4,5,452,little to complain about,145
"""policy of charging to book a seat""",Boeing 777,Solo Leisure,Premium Economy,Seattle to London,2017-11-01,4.0,4.0,3.0,3.0,4.0,4,3.6666666666666665,0.0,Neutral,0.0,1,7,3,452,policy of charging to book a seat,145
"""ground service was really poor""",A320,Family Leisure,Economy Class,London to Barcelona,2017-06-01,1.0,1.0,2.7091954022988505,2.636533432947329,1.0,1,1.5576214725410298,-0.5256,Negative,-0.5256,0,5,5,662,ground service was really poor,26
"""the worst travel experience""",Boeing 747-400,Business,Economy Class,Vancouver to Edinburgh via London,2017-12-01,2.0,2.0,3.0,2.0,1.0,2,2.0,-0.6249,Negative,-0.6249,0,4,1,275,the worst travel experience,129
"""Noticeable cost cutting measures""",A319,Solo Leisure,First Class,London to Berlin Tegel,2017-11-01,2.0,2.0,1.0,1.0,4.0,2,2.0,-0.128,Negative,-0.128,0,4,1,196,noticeable cost cutting measures,10
"""1st product is very mediocre""",Boeing 777-200,Family Leisure,First Class,London Heathrow to Dubai,2017-11-01,3.0,4.0,2.0,2.0,3.0,1,2.5,0.0,Neutral,0.0,1,5,8,171,st product is very mediocre,157
"""sad experience from our national carrier""",Boeing 777-200,Family Leisure,First Class,Dubai to London Heathrow,2017-11-01,3.0,2.0,2.0,2.0,2.0,2,2.1666666666666665,-0.4767,Negative,-0.4767,0,6,6,171,sad experience from our national carrier,157
"""BA quality is severely lacking""",Boeing 777-200,Business,Business Class,Saint Lucia to London Gatwick,2017-11-01,2.0,3.0,2.0,4.0,4.0,2,2.8333333333333335,-0.4588,Negative,-0.4588,0,5,1,171,ba quality is severely lacking,157
"""fast and efficient service""",A320,Business,Business Class,London Heathrow to Belfast,2017-11-01,4.0,5.0,4.0,2.6,4.0,4,3.9333333333333336,0.4215,Positive,0.4215,2,4,2,662,fast and efficient service,26
"""it’s just spiralling down""",A380,Solo Leisure,Economy Class,London to Miami,2017-11-01,1.0,1.0,3.0,3.0,1.0,1,1.6666666666666667,0.0,Neutral,0.0,1,4,8,302,its just spiralling down,81
"""new improvements are excellent""",Boeing 747-400,Couple Leisure,Business Class,London Heathrow to New York JFK,2017-11-01,4.0,5.0,5.0,5.0,4.0,4,4.5,0.7184,Positive,0.7184,2,4,7,275,new improvements are excellent,129
"""unreliable, unprofessional airline""",A320/319,Business,Economy Class,Berlin to London City,2017-09-01,1.0,1.0,1.0,1.0,1.0,1,1.0,-0.5106,Negative,-0.5106,0,3,2,4,unreliable unprofessional airline,48
"""pleasure to fly with a great airline""",A319/A321,Solo Leisure,Economy Class,Funchal to London Gatwick,2017-11-01,5.0,5.0,5.0,3.4,5.0,5,4.733333333333333,0.8316,Positive,0.8316,2,7,1,4,pleasure to fly with a great airline,25
"""One issue after another!""",A350,Couple Leisure,Business Class,Newcastle to San Francisco via London Heathrow,2017-08-01,4.0,5.0,4.0,4.0,3.0,3,3.8333333333333335,0.0,Neutral,0.0,1,4,1,39,one issue after another,79
"""BA needs to improve and fast""",A320-200,Couple Leisure,Business Class,Manchester to London,2017-10-01,1.0,3.0,3.0,3.4,1.0,3,2.4,0.4404,Positive,0.4404,2,6,2,14,ba needs to improve and fast,45
"""check in my carry on luggage for free""",Boeing 767,Family Leisure,Economy Class,London to Athens,2017-11-01,3.0,3.0,2.7091954022988505,2.636533432947329,1.0,2,2.390954805874363,0.5106,Positive,0.5106,2,8,11,68,check in my carry on luggage for free,140
"""sad to see how BA service went down""",A320/319,Business,Economy Class,Berlin Tegel to London Heathrow,2017-11-01,4.0,1.0,2.7091954022988505,2.636533432947329,2.0,1,2.2242881392076965,-0.4767,Negative,-0.4767,0,8,1,4,sad to see how ba service went down,48
"""a no frills business class""",Boeing 777,Couple Leisure,Business Class,London Heathrow to Doha,2017-10-01,2.0,3.0,2.0,1.0,2.0,3,2.1666666666666665,-0.296,Negative,-0.296,0,5,2,452,a no frills business class,145
"""British Airways is seriously lacking""",Boeing 777-300,Couple Leisure,Economy Class,Singapore to Sydney,2017-11-01,3.0,1.0,1.0,2.0,3.0,2,2.0,-0.1779,Negative,-0.1779,0,5,6,54,british airways is seriously lacking,167
"""BA is shameless and embarrassing""",A320,Business,Economy Class,London Heathrow to Basel,2017-11-01,2.0,1.0,1.0,1.4,1.0,1,1.2333333333333334,-0.6124,Negative,-0.6124,0,5,2,662,ba is shameless and embarrassing,26
"""poor quality product crew have to support""",Boeing 747,Couple Leisure,Economy Class,Miami to London Heathrow,2017-11-01,1.0,5.0,1.0,1.0,3.0,3,2.3333333333333335,-0.1027,Negative,-0.1027,0,7,7,135,poor quality product crew have to support,117
"""the worst airline I have flown""",Boeing 747-400,Business,Business Class,Prague to Washington via London,2017-11-01,1.0,1.0,1.0,1.0,1.0,1,1.0,-0.6249,Negative,-0.6249,0,6,1,275,the worst airline i have flown,129
"""An excellent flight""",Boeing 747-400,Couple Leisure,First Class,Cape Town to London,2017-11-01,4.0,5.0,5.0,3.0,4.0,4,4.166666666666667,0.5719,Positive,0.5719,2,3,14,275,an excellent flight,129
"""the CEO is running BA to the ground""",Boeing 777-200 ER,Business,Premium Economy,Bangkok to London Heathrow,2017-09-01,2.0,4.0,3.0,1.0,5.0,3,3.0,0.0,Neutral,0.0,1,8,2,3,the ceo is running ba to the ground,160
"""bus transfer and arrival at 2.30am""",Boeing 747-400,Solo Leisure,Economy Class,London Gatwick to Verona,2017-10-01,4.0,2.0,2.7091954022988505,2.636533432947329,1.0,1,2.2242881392076965,0.0,Neutral,0.0,1,6,2,275,bus transfer and arrival at am,129
"""Short-haul with BA never again""",A319,Business,Economy Class,Madrid to London Heathrow,2017-09-01,3.0,4.0,2.7091954022988505,2.636533432947329,3.0,1,2.724288139207696,0.0,Neutral,0.0,1,5,7,196,shorthaul with ba never again,10
"""solid product and excellent crew""",Boeing 777-200,Solo Leisure,First Class,Tel Aviv to London,2017-11-01,5.0,4.0,5.0,4.0,2.0,5,4.166666666666667,0.6486,Positive,0.6486,2,5,2,171,solid product and excellent crew,157
"""was a very enjoyable flight""",Boeing 777-200,Solo Leisure,Business Class,London to Tel Aviv,2017-11-01,5.0,4.0,4.0,1.0,4.0,5,3.8333333333333335,0.4927,Positive,0.4927,2,5,4,171,was a very enjoyable flight,157
"""The service was brusque""",Boeing 787,Family Leisure,Economy Class,Kuala Lumpur to Madrid via London,2017-11-01,4.0,3.0,2.0,4.0,3.0,4,3.3333333333333335,0.0,Neutral,0.0,1,4,1,97,the service was brusque,172
"""inflight service was very poor""",A319,Solo Leisure,Economy Class,Madrid to London Heathrow,2017-11-01,3.0,1.0,1.0,1.4,2.0,3,1.9000000000000001,-0.5256,Negative,-0.5256,0,5,7,196,inflight service was very poor,10
"""this was not acceptable""",A319,Couple Leisure,Economy Class,Bologna to London Heathrow,2017-10-01,1.0,1.0,2.0,4.0,4.0,2,2.3333333333333335,-0.2411,Negative,-0.2411,0,4,1,196,this was not acceptable,10
"""prepare to be nickled and dimed""",Boeing 787,Couple Leisure,Economy Class,Baltimore to Rome via London,2017-11-01,1.0,2.0,1.0,1.0,1.0,1,1.1666666666666667,0.0,Neutral,0.0,1,6,1,97,prepare to be nickled and dimed,172
"""In-flight service good""",A380,Couple Leisure,Business Class,London Heathrow to Johannesburg,2017-11-01,4.0,4.0,4.0,3.0,4.0,4,3.8333333333333335,0.4404,Positive,0.4404,2,3,3,302,inflight service good,81
"""will think twice before choosing again""",A19,Solo Leisure,Economy Class,London Heathrow to Brussels,2017-11-01,4.0,1.0,3.0,1.0,5.0,3,2.8333333333333335,0.0,Neutral,0.0,1,6,5,4,will think twice before choosing again,6
"""a functional, disinterested service""",A380,Solo Leisure,Premium Economy,London to San Francisco,2017-10-01,1.0,1.0,1.0,3.0,3.0,1,1.6666666666666667,0.0,Neutral,0.0,1,4,8,302,a functional disinterested service,81
"""BA is just too cheap on it's product""",Boeing 787,Solo Leisure,Business Class,London Heathrow to Seoul Incheon,2017-01-01,3.0,4.0,2.0,3.0,2.0,3,2.8333333333333335,0.0,Neutral,0.0,1,8,1,97,ba is just too cheap on its product,172
"""BA is way behind other carriers""",Boeing 787,Solo Leisure,Business Class,Seoul Incheon to London Heathrow,2016-12-01,3.0,3.0,3.0,3.0,4.0,3,3.1666666666666665,0.0,Neutral,0.0,1,6,1,97,ba is way behind other carriers,172
"""It was the most uncomfortable flight""",Boeing 747,Business,Economy Class,Cape Town to London,2017-11-01,1.0,1.0,1.0,1.0,3.0,3,1.6666666666666667,-0.4391,Negative,-0.4391,0,6,14,135,it was the most uncomfortable flight,117
"""Cost cutting was in evidence""",A320,Solo Leisure,Business Class,London Heathrow to Bahrain,2017-11-01,2.0,3.0,3.0,1.0,1.0,3,2.1666666666666665,-0.128,Negative,-0.128,0,5,1,662,cost cutting was in evidence,26
"""crew amazingly helpful""",Boeing 747,Family Leisure,Business Class,London to Philadelphia,2017-10-01,4.0,5.0,2.0,4.0,4.0,4,3.8333333333333335,0.4754,Positive,0.4754,2,3,4,135,crew amazingly helpful,117
"""extra cost not justified""",Boeing 767,Business,Business Class,London to Edinburgh,2017-11-01,1.0,3.0,3.0,3.4,3.0,1,2.4,-0.3089,Negative,-0.3089,0,4,7,68,extra cost not justified,140
"""requested Asian vegetarian food""",Boeing 777-200,Family Leisure,Economy Class,Oakland to Gatwick,2017-10-01,1.0,1.0,1.0,1.4,1.0,1,1.0666666666666667,0.0,Neutral,0.0,1,4,1,171,requested asian vegetarian food,157
"""continually disappointed by British Airways""",A321,Business,Economy Class,Düsseldorf to London,2017-08-01,3.0,4.0,2.0,3.0,2.0,1,2.5,-0.4767,Negative,-0.4767,0,5,1,126,continually disappointed by british airways,59
"""need to clean the planes more often""",Boeing 787-9,Couple Leisure,Business Class,London to Santiago,2017-11-01,3.0,4.0,3.0,3.0,4.0,3,3.3333333333333335,0.4019,Positive,0.4019,2,7,3,54,need to clean the planes more often,184
"""Complete rip-off sums it up""",Boeing 747-400,Business,Business Class,London to New York JFK,2017-11-01,2.0,3.0,2.0,3.0,3.0,1,2.3333333333333335,0.0,Neutral,0.0,1,5,8,275,complete ripoff sums it up,129
"""exactly the same width and pitch""",A380,Couple Leisure,Business Class,Johannesburg to Victoria Falls,2017-10-01,1.0,3.0,3.0,1.0,1.0,1,1.6666666666666667,0.0,Neutral,0.0,1,6,1,302,exactly the same width and pitch,81
"""disappointed with the return flight""",Boeing 777-200,Couple Leisure,Business Class,London to Mumbai,2017-10-01,3.0,4.0,2.0,1.0,5.0,1,2.6666666666666665,-0.4767,Negative,-0.4767,0,5,6,171,disappointed with the return flight,157
"""They were refused boarding""",A380,Family Leisure,Business Class,London to Johannesburg,2017-10-01,2.0,2.0,2.7091954022988505,2.636533432947329,1.0,1,1.8909548058743633,-0.296,Negative,-0.296,0,4,21,302,they were refused boarding,81
"""The worst customer service""",A319,Business,Economy Class,Heathrow to Lyon,2017-11-01,1.0,1.0,1.0,1.0,1.0,1,1.0,-0.6249,Negative,-0.6249,0,4,1,196,the worst customer service,10
"""Absolutely appalling service""",Boeing 747,Couple Leisure,Economy Class,London to New York,2017-11-01,1.0,1.0,1.0,4.0,1.0,1,1.5,-0.4201,Negative,-0.4201,0,3,9,135,absolutely appalling service,117
"""I had a horrid experience""",A320,Solo Leisure,Economy Class,Kingston to London Gatwick,2017-11-01,1.0,1.0,1.0,1.0,2.0,1,1.1666666666666667,-0.5423,Negative,-0.5423,0,5,1,662,i had a horrid experience,26
"""well below standards of competition""",A320,Couple Leisure,Economy Class,Heathrow to Barcelona,2017-11-01,2.0,2.0,2.7091954022988505,2.636533432947329,3.0,2,2.390954805874363,0.2732,Positive,0.2732,2,5,1,662,well below standards of competition,26
"""just getting worse and worse""",A380,Business,Business Class,Singapore to London,2017-10-01,1.0,3.0,1.0,2.0,2.0,1,1.6666666666666667,-0.7351,Negative,-0.7351,0,5,12,302,just getting worse and worse,81
"""a better BA experience""",A319,Couple Leisure,Business Class,London to Rome,2017-10-01,2.0,5.0,5.0,3.4,4.0,3,3.733333333333333,0.4404,Positive,0.4404,2,4,6,196,a better ba experience,10
"""ashamed this is my national airline""",Boeing 787,Solo Leisure,Premium Economy,Heathrow to Dubai,2017-09-01,1.0,1.0,1.0,1.0,1.0,1,1.0,-0.4767,Negative,-0.4767,0,6,1,97,ashamed this is my national airline,172
"""one of the worst flights""",Boeing 777,Solo Leisure,Economy Class,Tokyo Haneda to Heathrow,2017-10-01,1.0,2.0,1.0,1.0,2.0,3,1.6666666666666667,-0.6249,Negative,-0.6249,0,5,1,452,one of the worst flights,145
"""today just another 2 star airline""",Boeing 787-8,Business,Business Class,London to Toronto,2017-10-01,2.0,2.0,1.0,1.0,1.0,2,1.5,0.0,Neutral,0.0,1,6,10,16,today just another  star airline,178
"""BA is now grossly overpriced""",Boeing 747-400,Business,First Class,New York JFK to London,2017-10-01,3.0,4.0,3.0,4.0,3.0,2,3.1666666666666665,-0.2263,Negative,-0.2263,0,5,4,275,ba is now grossly overpriced,129
"""I will not use BA again""",A320,Couple Leisure,Economy Class,Gatwick to Marrakech,2017-10-01,1.0,1.0,2.7091954022988505,2.636533432947329,3.0,1,1.8909548058743633,0.0,Neutral,0.0,1,6,3,662,i will not use ba again,26
"""on-board experience was good""",A380,Solo Leisure,Economy Class,Los Angeles to London Heathrow,2017-07-01,4.0,4.0,4.0,4.0,4.0,4,4.0,0.4404,Positive,0.4404,2,4,8,302,onboard experience was good,81
"""pleasant and well organised""",A320,Solo Leisure,Economy Class,Gatwick to Cagliari,2017-10-01,4.0,4.0,2.0,2.0,4.0,3,3.1666666666666665,0.6597,Positive,0.6597,2,4,2,662,pleasant and well organised,26
"""deplorable customer service""",Boeing 787(9),Couple Leisure,Business Class,Shanghai to Tampa via Heathrow/Gatwick,2017-10-01,1.0,4.0,2.0,2.0,1.0,1,1.8333333333333333,0.0,Neutral,0.0,1,3,1,2,deplorable customer service,176
"""gripe is about the current food service""",A320,Couple Leisure,Economy Class,Gatwick to Marrakech,2017-10-01,3.0,1.0,1.0,1.4,4.0,4,2.4,0.0,Neutral,0.0,1,7,3,662,gripe is about the current food service,26
"""this flight was fine""",Boeing 777,Solo Leisure,Business Class,Oakland to Heathrow,2017-10-01,4.0,4.0,3.0,2.0,4.0,4,3.5,0.2023,Positive,0.2023,2,4,1,452,this flight was fine,145
"""now becoming as bad as Ryanair""",A321,Family Leisure,Economy Class,London to Sofia,2017-09-01,3.0,4.0,1.0,1.4,3.0,3,2.566666666666667,-0.5423,Negative,-0.5423,0,6,3,126,now becoming as bad as ryanair,59
"""a dismal airline to fly with""",A380,Solo Leisure,Economy Class,Singapore to Nassau via Heathrow,2017-10-01,3.0,2.0,2.0,2.0,3.0,5,2.8333333333333335,-0.6124,Negative,-0.6124,0,6,1,302,a dismal airline to fly with,81
"""serious impact on the quality""",A321,Business,Economy Class,London Heathrow to Madrid,2017-10-01,1.0,2.0,2.7091954022988505,2.636533432947329,2.0,1,1.8909548058743633,-0.0772,Negative,-0.0772,0,5,4,126,serious impact on the quality,59
"""budget airline at premium price""",A320,Business,Economy Class,London to Zurich,2017-10-01,2.0,2.0,1.0,1.0,2.0,1,1.5,0.0,Neutral,0.0,1,5,3,662,budget airline at premium price,26
"""Cabin crew chatting and ignored me""",A319,Couple Leisure,Economy Class,Bari to Gatwick,2017-10-01,3.0,3.0,1.0,1.0,4.0,4,2.6666666666666665,-0.3182,Negative,-0.3182,0,6,2,196,cabin crew chatting and ignored me,10
"""service levels are dropping so low""",A320,Couple Leisure,Economy Class,London Heathrow to Gibraltar,2017-09-01,3.0,2.0,2.0,2.0,3.0,3,2.5,-0.4101,Negative,-0.4101,0,6,4,662,service levels are dropping so low,26
"""Time to find a new CEO I think""",A319,Couple Leisure,Business Class,Pisa to London,2017-10-01,1.0,5.0,3.0,3.4,3.0,1,2.733333333333333,0.0,Neutral,0.0,1,8,1,196,time to find a new ceo i think,10
"""at best a three star airline""",Boeing 747-400,Business,First Class,Las Vegas to London Heathrow,2017-09-01,1.0,1.0,1.0,1.0,1.0,1,1.0,0.6369,Positive,0.6369,2,6,4,275,at best a three star airline,129
"""Impressed with legroom on E190""",E-190,Family Leisure,Economy Class,London City to Edinburgh,2017-09-01,5.0,4.0,4.0,2.6,4.0,4,3.9333333333333336,0.4767,Positive,0.4767,2,5,2,1,impressed with legroom on e,195
"""a good deal on the flight""",A320,Solo Leisure,Business Class,Faro to Gatwick,2017-10-01,4.0,5.0,4.0,2.6,2.0,3,3.4333333333333336,0.4404,Positive,0.4404,2,6,3,662,a good deal on the flight,26
"""the experience was shameful""",A380,Solo Leisure,Economy Class,Los Angeles to London Heathrow,2017-10-01,4.0,1.0,2.0,1.0,5.0,2,2.5,-0.4939,Negative,-0.4939,0,4,8,302,the experience was shameful,81
"""crew seem genuinely fed up""",A319,Business,Economy Class,Malaga to Gatwick,2017-10-01,2.0,1.0,1.0,1.0,1.0,2,1.3333333333333333,0.0,Neutral,0.0,1,5,5,196,crew seem genuinely fed up,10
"""how disappointed I was""",Boeing 777,Solo Leisure,Economy Class,London Heathrow to Bangkok,2017-10-01,2.0,2.0,1.0,1.0,2.0,2,1.6666666666666667,-0.4767,Negative,-0.4767,0,4,8,452,how disappointed i was,145
"""do not care for passengers""",A319,Couple Leisure,Economy Class,Gatwick to Bari,2017-10-01,3.0,3.0,1.0,1.4,2.0,4,2.4,-0.3875,Negative,-0.3875,0,5,2,196,do not care for passengers,10
"""very pleasant crew """,A319,Family Leisure,Business Class,Malaga to Gatwick,2017-10-01,5.0,5.0,5.0,3.4,3.0,5,4.3999999999999995,0.5563,Positive,0.5563,2,4,5,196,very pleasant crew ,10
"""food was well presented""",A319,Family Leisure,Business Class,Gatwick to Malaga,2017-10-01,5.0,5.0,5.0,3.4,4.0,5,4.566666666666666,0.2732,Positive,0.2732,2,4,5,196,food was well presented,10
"""Deliberate extortion""",A330,Business,Economy Class,London Heathrow to Nice,2017-10-01,1.0,2.0,1.0,1.4,1.0,1,1.2333333333333334,0.0,Neutral,0.0,1,2,4,3,deliberate extortion,75
"""depths to which BA have descended""",Boeing 747-400,Couple Leisure,Business Class,Gatwick to Orlando,2017-09-01,3.0,2.0,4.0,2.0,3.0,3,2.8333333333333335,0.0,Neutral,0.0,1,6,6,275,depths to which ba have descended,129
"""I won't fly with them again""",Boeing 787,Solo Leisure,Premium Economy,London to Abu Dhabi,2017-08-01,5.0,3.0,4.0,3.0,1.0,1,2.8333333333333335,0.0,Neutral,0.0,1,6,2,97,i wont fly with them again,172
"""Overall a good flight""",A319,Solo Leisure,Business Class,Gatwick to Faro,2017-10-01,3.0,4.0,4.0,2.6,4.0,5,3.766666666666667,0.4404,Positive,0.4404,2,4,2,196,overall a good flight,10
"""true case of rip-off BA""",Boeing 777-200,Business,Economy Class,London Heathrow  to Madrid,2017-10-01,3.0,3.0,1.0,1.0,3.0,2,2.1666666666666665,0.4215,Positive,0.4215,2,5,1,171,true case of ripoff ba,157
"""staff were insanely rude2",A320,Solo Leisure,Economy Class,Geneva to London,2017-09-01,3.0,1.0,2.7091954022988505,2.636533432947329,1.0,1,1.8909548058743633,0.0,Neutral,0.0,1,4,6,662,staff were insanely rude,26
"""truly disappointed with BA""",A320,Solo Leisure,Economy Class,Grand Cayman to London,2017-09-01,1.0,2.0,2.0,3.0,3.0,2,2.1666666666666665,-0.0516,Negative,-0.0516,0,4,1,662,truly disappointed with ba,26
"""I tried BA, never again""",Boeing 777,Couple Leisure,Economy Class,Sydney to Paris via London,2017-09-01,1.0,2.0,2.0,3.0,3.0,1,2.0,0.0,Neutral,0.0,1,5,1,452,i tried ba never again,145
"""like a 'posh' Ryanair""",Boeing 767,Couple Leisure,Economy Class,Larnaca to London Heathrow,2017-10-01,3.0,3.0,2.2,1.0,4.0,3,2.6999999999999997,0.3612,Positive,0.3612,2,4,6,68,like a posh ryanair,140
"""provided a chaotic service""",A320,Couple Leisure,Business Class,Funchal to Gatwick,2017-10-01,4.0,1.0,1.0,1.4,1.0,3,1.9000000000000001,-0.4939,Negative,-0.4939,0,4,1,662,provided a chaotic service,26
"""would highly recommend""",Boeing 777-200,Family Leisure,Economy Class,Orlando to Gatwick,2017-09-01,5.0,5.0,4.0,1.0,5.0,5,4.166666666666667,0.4201,Positive,0.4201,2,3,5,171,would highly recommend,157
"""shocked me with the budget low cost style""",A320,Solo Leisure,Economy Class,Leeds Bradford to Geneva via London Heathrow,2017-10-01,4.0,4.0,2.0,2.0,4.0,2,3.0,-0.5267,Negative,-0.5267,0,8,1,662,shocked me with the budget low cost style,26
"""food was embarrassing bad""",A380,Business,Business Class,Los Angeles to Doha via London,2017-10-01,2.0,3.0,1.0,4.0,4.0,3,2.8333333333333335,-0.7269,Negative,-0.7269,0,4,1,302,food was embarrassing bad,81
"""is quite clearly in decline""",A321,Couple Leisure,Economy Class,London Heathrow to Istanbul,2017-08-01,2.0,1.0,1.0,1.4,2.0,1,1.4000000000000001,0.4576,Positive,0.4576,2,5,3,126,is quite clearly in decline,59
"""no further decline in service""",Boeing 777-200 / 787-9 / A319/ 320,Business,Premium Economy,Toronto to Oslo via London,2017-09-01,1.0,3.0,1.0,3.0,4.0,4,2.6666666666666665,0.0,Neutral,0.0,1,5,1,1,no further decline in service,159
"""cost of the luggage was outrageous """,A319,Solo Leisure,Economy Class,Gatwick to Malaga,2017-09-01,3.0,4.0,2.0,2.0,4.0,3,3.0,-0.4588,Negative,-0.4588,0,7,5,196,cost of the luggage was outrageous ,10
"""Slowest baggage drop service """,A320,Business,Economy Class,Athens to London,2017-09-01,3.0,3.2404661016949152,2.7091954022988505,2.636533432947329,1.0,3,2.597699156156849,-0.2732,Negative,-0.2732,0,5,10,662,slowest baggage drop service ,26
"""a service of 2 halves""",A321,Solo Leisure,Economy Class,London to Sofia,2017-09-01,3.0,5.0,2.0,2.0,3.0,3,3.0,0.0,Neutral,0.0,1,5,3,126,a service of  halves,59
"""now worse than Ryanair""",A320,Business,Business Class,Geneva to London,2017-09-01,1.0,1.0,1.0,1.0,1.0,1,1.0,-0.4767,Negative,-0.4767,0,4,6,662,now worse than ryanair,26
"""used to be a nice airline""",Boeing 777,Couple Leisure,Business Class,Barcelona to London,2017-09-01,2.0,3.0,1.0,1.4,4.0,2,2.2333333333333334,0.4215,Positive,0.4215,2,6,3,452,used to be a nice airline,145
"""BA has fallen even lower""",Boeing 747-400,Business,Business Class,London to New York JFK,2017-09-01,2.0,3.0,1.0,1.0,1.0,2,1.6666666666666667,-0.5719,Negative,-0.5719,0,5,8,275,ba has fallen even lower,129
"""was a good experience""",Boeing 777,Business,Economy Class,Port of Spain to Gatwick via St. Lucia,2017-09-01,5.0,5.0,5.0,5.0,4.0,4,4.666666666666667,0.4404,Positive,0.4404,2,4,1,452,was a good experience,145
"""Simply appalling""",Boeing 747-400,Business,First Class,London Heathrow to Chicago,2017-08-01,1.0,1.0,1.0,1.0,1.0,1,1.0,-0.3612,Negative,-0.3612,0,2,3,275,simply appalling,129
"""on a par with low cost carriers""",A319,Couple Leisure,Economy Class,Jersey to Gatwick,2017-09-01,3.0,4.0,1.0,1.4,4.0,4,2.9,-0.2732,Negative,-0.2732,0,7,1,196,on a par with low cost carriers,10
"""nothing special to recommend""",A320,Couple Leisure,Economy Class,Gatwick to Tirana,2017-09-01,3.0,3.0,2.7091954022988505,2.636533432947329,4.0,3,3.0576214725410296,-0.5216,Negative,-0.5216,0,4,2,662,nothing special to recommend,26
"""assumption it was a quality carrier""",Boeing 747-300,Couple Leisure,Economy Class,Reykjavik to London Heathrow,2017-09-01,3.0,5.0,2.7091954022988505,2.636533432947329,1.0,1,2.55762147254103,0.0,Neutral,0.0,1,6,1,2,assumption it was a quality carrier,128
"""Economy seats are small""",A319,Couple Leisure,Economy Class,Kuala Lumpur to Berlin via London,2017-09-01,2.0,5.0,5.0,3.0,4.0,5,4.0,0.0,Neutral,0.0,1,4,1,196,economy seats are small,10
"""Crew were good""",A320,Solo Leisure,Economy Class,Brussels to London,2017-09-01,5.0,5.0,2.7091954022988505,2.636533432947329,5.0,5,4.2242881392076965,0.4404,Positive,0.4404,2,3,4,662,crew were good,26
"""clean plane, punctual service, pleasant cabin crew""",A321,Solo Leisure,Economy Class,London Heathrow to Sofia,2017-09-01,4.0,4.0,1.0,1.4,3.0,3,2.733333333333333,0.7184,Positive,0.7184,2,7,5,126,clean plane punctual service pleasant cabin crew,59
"""service is similar to Eurowings""",A320,Solo Leisure,Economy Class,Heathrow to Bilbao,2017-09-01,3.0,2.0,2.7091954022988505,2.636533432947329,4.0,3,2.890954805874363,0.0,Neutral,0.0,1,5,1,662,service is similar to eurowings,26
"""service poorly synchronised""",A320,Couple Leisure,Business Class,Kalamata to London Heathrow,2017-09-01,2.0,2.0,2.0,2.0,3.0,2,2.1666666666666665,0.0,Neutral,0.0,1,3,1,662,service poorly synchronised,26
"""are a bottom tier airline""",A321,Business,Economy Class,London Heathrow to Kraków,2017-09-01,2.0,1.0,1.0,1.0,3.0,3,1.8333333333333333,0.0,Neutral,0.0,1,5,1,126,are a bottom tier airline,59
"""Seat so narrow that you cannot move""",Boeing 777,Business,Economy Class,"London Heathrow to Abuja, Nigeria",2017-09-01,1.0,2.0,2.0,2.0,3.0,2,2.0,0.0,Neutral,0.0,1,7,1,452,seat so narrow that you cannot move,145
"""downgrade them to 3 stars""",Boeing 777,Business,Economy Class,London to Tokyo Haneda,2017-09-01,2.0,4.0,1.0,2.0,3.0,1,2.1666666666666665,0.0,Neutral,0.0,1,5,2,452,downgrade them to  stars,145
"""really mixed experience""",A380,Solo Leisure,Premium Economy,London to Hong Kong,2017-09-01,3.0,5.0,3.0,3.0,2.0,3,3.1666666666666665,0.0,Neutral,0.0,1,3,15,302,really mixed experience,81
"""respect for BA standards thoroughly destroyed""",A319,Family Leisure,Economy Class,Gatwick to Alicante,2017-09-01,1.0,1.0,1.0,1.0,3.0,1,1.3333333333333333,-0.101,Negative,-0.101,0,6,4,196,respect for ba standards thoroughly destroyed,10
"""Club Europe is poor value""",A320,Couple Leisure,Business Class,London Heathrow to Kalamata,2017-09-01,2.0,4.0,3.0,3.4,3.0,3,3.0666666666666664,-0.1779,Negative,-0.1779,0,5,2,662,club europe is poor value,26
"""very poor and disappointing experience""",Boeing 777,Couple Leisure,Business Class,Gatwick to Mauritius,2017-09-01,1.0,3.0,1.0,3.0,3.0,2,2.1666666666666665,-0.7818,Negative,-0.7818,0,5,6,452,very poor and disappointing experience,145
"""airline is clearly failing fast""",Boeing 777,Business,Business Class,Dubai to London,2017-09-01,3.0,1.0,1.0,1.0,3.0,1,1.6666666666666667,-0.1531,Negative,-0.1531,0,5,5,452,airline is clearly failing fast,145
"""nice flight with good cabin service""",A319,Couple Leisure,Economy Class,London Heathrow to Biarritz,2017-09-01,4.0,5.0,4.0,2.6,4.0,4,3.9333333333333336,0.6908,Positive,0.6908,2,6,1,196,nice flight with good cabin service,10
"""they are just an embarrassment""",A320,Couple Leisure,Economy Class,London Gatwick to Funchal,2017-09-01,1.0,1.0,1.0,1.4,2.0,1,1.2333333333333334,-0.4404,Negative,-0.4404,0,5,2,662,they are just an embarrassment,26
"""very good flight again""",A320,Family Leisure,Business Class,Zakinthos to London Heathrow,2017-09-01,4.0,5.0,4.0,2.0,2.0,5,3.6666666666666665,0.4927,Positive,0.4927,2,4,1,662,very good flight again,26
"""expensive at £343 return""",A319,Business,Economy Class,Belfast City to London Heathrow,2017-09-01,3.0,4.0,4.0,2.6,5.0,2,3.4333333333333336,0.0,Neutral,0.0,1,4,1,196,expensive at  return,10
"""staff were extremely friendly""",Boeing 777-200,Business,Business Class,Toronto to London Heathrow,2017-09-01,4.0,5.0,3.0,3.4,4.0,4,3.9,0.5413,Positive,0.5413,2,4,3,171,staff were extremely friendly,157
"""kind and chatty with us""",A320,Family Leisure,Business Class,London Heathrow to Zakinthos,2017-08-01,4.0,5.0,4.0,2.0,5.0,5,4.166666666666667,0.5267,Positive,0.5267,2,5,1,662,kind and chatty with us,26
"""wonderful member of crew""",A380,Family Leisure,Economy Class,London to Vancouver,2017-08-01,3.0,5.0,3.0,4.0,4.0,3,3.6666666666666665,0.5719,Positive,0.5719,2,4,11,302,wonderful member of crew,81
"""exceptionally ordinary flight""",Boeing 777-200ER,Business,Economy Class,London to Sao Paulo,2017-08-01,2.0,4.0,2.0,4.0,5.0,4,3.5,0.0,Neutral,0.0,1,3,2,10,exceptionally ordinary flight,163
"""become a budget airline""",A320,Business,Business Class,Istanbul to London,2017-08-01,1.0,3.0,1.0,1.4,2.0,1,1.5666666666666667,0.0,Neutral,0.0,1,4,10,662,become a budget airline,26
"""not recommended at all""",Boeing 777,Solo Leisure,Business Class,Bangkok to London,2017-09-01,4.0,1.0,1.0,2.0,4.0,1,2.1666666666666665,-0.1511,Negative,-0.1511,0,4,7,452,not recommended at all,145
"""not worth the extra money""",Boeing 767,Solo Leisure,Economy Class,Rome to London,2017-09-01,1.0,2.0,2.7091954022988505,2.636533432947329,1.0,1,1.7242881392076965,-0.1695,Negative,-0.1695,0,5,9,68,not worth the extra money,140
"""significant downgrade in BA service""",Boeing 747-400,Couple Leisure,Business Class,London to Cape Town,2017-08-01,2.0,2.0,2.0,1.0,1.0,2,1.6666666666666667,0.2023,Positive,0.2023,2,5,15,275,significant downgrade in ba service,129
"""get your act together""",A319,Business,Economy Class,London to Milan,2017-08-01,3.0,1.0,1.0,1.4,3.0,2,1.9000000000000001,0.0,Neutral,0.0,1,4,6,196,get your act together,10
"""seating rough around the edges""",A321,Business,Economy Class,London Heathrow to Bucharest,2017-08-01,2.0,4.0,2.0,1.0,3.0,2,2.3333333333333335,0.0,Neutral,0.0,1,5,1,126,seating rough around the edges,59
"""downgraded so drastically""",A321,Couple Leisure,Economy Class,London to Bologna,2017-08-01,4.0,4.0,2.0,1.0,4.0,4,3.1666666666666665,0.0,Neutral,0.0,1,3,4,126,downgraded so drastically,59
"""not really a business class cabin""",A320,Business,Business Class,London Heathrow to Keflavik,2017-08-01,3.0,5.0,4.0,1.0,4.0,4,3.5,0.0,Neutral,0.0,1,6,2,662,not really a business class cabin,26
"""airline has gone downhill""",A320,Family Leisure,Economy Class,Larnaca to London Heathrow,2017-08-01,3.0,1.0,2.0,2.0,4.0,2,2.3333333333333335,0.0,Neutral,0.0,1,4,6,662,airline has gone downhill,26
"""staff were friendly and efficient""",Boeing 777-300ER,Solo Leisure,Economy Class,San Jose to Gatwick,2017-08-01,4.0,5.0,4.0,3.0,5.0,5,4.333333333333333,0.7184,Positive,0.7184,2,5,2,18,staff were friendly and efficient,169
"""avoid at all costs""",A320,Couple Leisure,Economy Class,London to Keflavik,2017-07-01,1.0,1.0,2.7091954022988505,2.636533432947329,1.0,1,1.5576214725410298,-0.296,Negative,-0.296,0,4,3,662,avoid at all costs,26
"""your budget airline status""",Boeing 777-300,Couple Leisure,Economy Class,Tokyo Haneda to London,2017-08-01,3.0,3.0,1.0,3.0,2.0,2,2.3333333333333335,0.0,Neutral,0.0,1,4,1,54,your budget airline status,167
"""Absolutely appalling airline""",Boeing 767,Couple Leisure,Economy Class,Rome to London,2017-08-01,1.0,1.0,1.0,1.0,1.0,1,1.0,-0.4201,Negative,-0.4201,0,3,9,68,absolutely appalling airline,140
"""flight was pretty regular""",A320-233,Family Leisure,Economy Class,Amsterdam to Gatwick,2017-08-01,3.0,4.0,2.7091954022988505,2.636533432947329,4.0,4,3.390954805874363,0.4939,Positive,0.4939,2,4,1,1,flight was pretty regular,47
"""a noticeable degradation of service""",Boeing 747-400,Business,Economy Class,Zurich to London Heathrow,2017-08-01,2.0,2.0,2.0,2.0,2.0,2,2.0,-0.5267,Negative,-0.5267,0,5,2,275,a noticeable degradation of service,129
"""A huge disappointment""",Boeing 747-400,Business,First Class,New York to Cape Town via London,2017-08-01,2.0,4.0,2.0,2.0,3.0,2,2.5,-0.25,Negative,-0.25,0,3,1,275,a huge disappointment,129
"""bland insulting service""",Boeing 747,Business,Business Class,London to Philadelphia,2017-08-01,3.0,1.0,1.0,1.0,2.0,1,1.5,-0.4939,Negative,-0.4939,0,3,4,135,bland insulting service,117
"""positive first experience""",Boeing 777,Family Leisure,Economy Class,Florence to Bristol,2017-08-01,5.0,5.0,5.0,3.4,5.0,5,4.733333333333333,0.5574,Positive,0.5574,2,3,1,452,positive first experience,145
"""A national disgrace""",A320,Solo Leisure,Economy Class,Salzburg to Gatwick,2017-08-01,2.0,1.0,1.0,1.0,5.0,2,2.0,-0.4939,Negative,-0.4939,0,3,1,662,a national disgrace,26
"""downgrade rating of British Airways""",Boeing 747 / 777,Couple Leisure,Economy Class,Nice to Heathrow,2017-08-01,2.0,1.0,1.0,1.4,1.0,2,1.4000000000000001,0.0,Neutral,0.0,1,5,1,9,downgrade rating of british airways,119
"""Another miserable experience""",A320,Couple Leisure,Business Class,Athens to Newcastle via London,2017-08-01,2.0,5.0,1.0,1.4,5.0,2,2.733333333333333,-0.4939,Negative,-0.4939,0,3,1,662,another miserable experience,26
"""a general trend downwards""",A319,Family Leisure,Business Class,London to Paris Orly,2017-08-01,3.0,3.0,2.0,2.0,3.0,3,2.6666666666666665,0.0,Neutral,0.0,1,4,1,196,a general trend downwards,10
"""cheap and sleazy budget airline""",Boeing 777-300,Couple Leisure,Economy Class,Toulouse to London Heathrow,2017-08-01,3.0,2.0,1.0,1.0,2.0,2,1.8333333333333333,0.0,Neutral,0.0,1,5,2,54,cheap and sleazy budget airline,167
"""cabin crew fell below the standard""",Embraer 170,Business,Business Class,London City to Dusseldorf,2017-08-01,4.0,2.0,1.0,1.4,1.0,2,1.9000000000000001,0.0,Neutral,0.0,1,6,1,3,cabin crew fell below the standard,201
"""BA's golden years are well and truly over""",A380,Family Leisure,Business Class,Vancouver to London Heathrow,2017-07-01,1.0,4.0,1.0,2.0,2.0,1,1.8333333333333333,0.6124,Positive,0.6124,2,8,6,302,bas golden years are well and truly over,81
"""very good experience""",Boeing 747-400 / A380,Solo Leisure,Premium Economy,Johannesburg to London,2017-08-01,5.0,5.0,5.0,5.0,4.0,4,4.666666666666667,0.4927,Positive,0.4927,2,3,17,3,very good experience,136
"""extremely disappointed with Business Class""",Boeing 747-400,Solo Leisure,Business Class,Oslo to Philadelphia via London,2017-08-01,2.0,2.0,1.0,3.0,3.0,2,2.1666666666666665,-0.5256,Negative,-0.5256,0,5,1,275,extremely disappointed with business class,129
"""pay for your food on board""",A320,Business,Economy Class,London to Warsaw,2017-08-01,2.0,3.0,1.0,1.0,3.0,1,1.8333333333333333,-0.1027,Negative,-0.1027,0,6,3,662,pay for your food on board,26
"""some sort of mean spirited joke""",A320,Family Leisure,Business Class,Athens to London,2017-08-01,1.0,2.0,1.0,1.0,3.0,1,1.5,0.4951,Positive,0.4951,2,6,10,662,some sort of mean spirited joke,26
"""full price for a low cost service""",B777-300 / A319,Solo Leisure,Economy Class,Cairo to Montreal via London,2017-08-01,3.0,4.0,4.0,3.0,1.0,1,2.6666666666666665,-0.2732,Negative,-0.2732,0,7,1,2,full price for a low cost service,109
"""downgraded the ticket""",Boeing 747-400,Family Leisure,Economy Class,London to Chicago,2017-08-01,1.0,5.0,2.7091954022988505,2.636533432947329,1.0,1,2.2242881392076965,0.0,Neutral,0.0,1,3,9,275,downgraded the ticket,129
"""they are now a junk airline""",Boeing 767,Business,Economy Class,Nice to London Heathrow,2017-08-01,1.0,1.0,1.0,1.4,1.0,1,1.0666666666666667,0.0,Neutral,0.0,1,6,3,68,they are now a junk airline,140
"""way below the normal standard""",Boeing 787-9,Business,Premium Economy,London to Doha,2017-08-01,2.859667633869692,3.2404661016949152,2.7091954022988505,2.636533432947329,2.0,1,2.407643761801798,0.0,Neutral,0.0,1,5,2,54,way below the normal standard,184
"""not worth the money""",A320,Business,Business Class,Paris CDG to London,2017-08-01,3.0,1.0,2.7091954022988505,2.636533432947329,1.0,1,1.8909548058743633,-0.1695,Negative,-0.1695,0,4,1,662,not worth the money,26
"""has become a disgrace""",A320,Solo Leisure,Economy Class,Gatwick to Paphos,2017-08-01,1.0,1.0,1.0,1.0,2.0,2,1.3333333333333333,-0.4939,Negative,-0.4939,0,4,2,662,has become a disgrace,26
"""budget airline service at best""",A380,Solo Leisure,Economy Class,Vancouver to London Heathrow,2017-08-01,3.0,1.0,1.0,2.0,4.0,2,2.1666666666666665,0.6369,Positive,0.6369,2,5,6,302,budget airline service at best,81
"""declined to level of a budget airline""",A380,Solo Leisure,Premium Economy,Vancouver to London,2017-07-01,2.0,1.0,1.0,1.0,3.0,3,1.8333333333333333,0.0,Neutral,0.0,1,7,17,302,declined to level of a budget airline,81
"""next time we'll just fly another airline""",Boeing 767,Couple Leisure,Economy Class,Athens to London,2017-06-01,1.0,2.0,2.7091954022988505,2.636533432947329,2.0,1,1.8909548058743633,0.0,Neutral,0.0,1,7,10,68,next time well just fly another airline,140
"""become a low cost airline""",A320,Couple Leisure,Economy Class,Catania to Gatwick,2017-06-01,2.0,1.0,1.0,1.4,1.0,1,1.2333333333333334,-0.2732,Negative,-0.2732,0,5,3,662,become a low cost airline,26
"""need to improve their standards""",A319,Couple Leisure,Economy Class,Venice to Gatwick,2017-07-01,3.0,4.0,2.7091954022988505,2.636533432947329,3.0,3,3.0576214725410296,0.4404,Positive,0.4404,2,5,4,196,need to improve their standards,10
"""bad experience with BA""",A320,Family Leisure,Economy Class,Bucharest to London,2017-07-01,3.0,2.0,2.7091954022988505,2.636533432947329,1.0,1,2.05762147254103,-0.5423,Negative,-0.5423,0,4,4,662,bad experience with ba,26
"""catch up with the others BA""",Boeing 747,Business,Business Class,London Heathrow to Accra,2017-07-01,1.0,2.0,1.0,1.0,1.0,1,1.1666666666666667,0.0,Neutral,0.0,1,6,2,135,catch up with the others ba,117
"""I will not be using BA again""",Boeing 777,Family Leisure,Economy Class,Gatwick to Orlando,2017-07-01,4.0,3.0,2.0,3.0,1.0,3,2.6666666666666665,0.0,Neutral,0.0,1,7,6,452,i will not be using ba again,145
"""The worst business class""",Boeing 777,Solo Leisure,Business Class,San Diego to London,2017-07-01,1.0,2.0,2.0,2.0,2.0,1,1.6666666666666667,-0.6249,Negative,-0.6249,0,4,5,452,the worst business class,145
"""cabin crew were efficient and friendly enough""",A319,Couple Leisure,Business Class,Pisa to London Gatwick,2017-07-01,3.0,4.0,3.0,3.4,3.0,5,3.5666666666666664,0.7184,Positive,0.7184,2,7,2,196,cabin crew were efficient and friendly enough,10
"""have never been treated as badly""",A320,Business,Economy Class,Budapest to London,2017-07-01,1.0,1.0,1.0,1.0,1.0,1,1.0,-0.4767,Negative,-0.4767,0,6,1,662,have never been treated as badly,26
"""I had to pay a £140 excess""",A319,Solo Leisure,Economy Class,Bangkok to Manchester,2016-08-01,2.859667633869692,3.2404661016949152,2.7091954022988505,2.636533432947329,1.0,3,2.5743104284684644,-0.1027,Negative,-0.1027,0,7,1,196,i had to pay a  excess,10
"""they have become so budget""",A380,Solo Leisure,Economy Class,Singapore to Newcastle via London,2017-05-01,1.0,3.0,1.0,1.0,1.0,1,1.3333333333333333,0.0,Neutral,0.0,1,5,1,302,they have become so budget,81
"""BA have lost another client""",A320/319,Business,Economy Class,Bergen to London Heathrow,2017-07-01,2.0,2.0,1.0,2.0,2.0,1,1.6666666666666667,-0.3182,Negative,-0.3182,0,5,1,4,ba have lost another client,48
"""happily fly with them again""",Boeing 777-300,Family Leisure,Economy Class,Newcastle to Boston via London,2017-07-01,5.0,5.0,5.0,5.0,4.0,4,4.666666666666667,0.5574,Positive,0.5574,2,5,1,54,happily fly with them again,167
"""they are truly awful now""",A321,Family Leisure,Economy Class,London Heathrow to Sofia,2017-07-01,2.0,1.0,1.0,1.4,1.0,1,1.2333333333333334,-0.0258,Neutral,-0.0258,1,5,5,126,they are truly awful now,59
"""slips further and further""",A320,Solo Leisure,Economy Class,London to Frankfurt,2016-08-01,3.0,1.0,1.0,1.4,2.0,2,1.7333333333333334,0.0,Neutral,0.0,1,4,5,662,slips further and further,26
"""can't really complain about the overall experience""",A321,Couple Leisure,Economy Class,London Heathrow to Bologna,2017-07-01,3.0,4.0,3.0,3.4,4.0,5,3.733333333333333,0.3241,Positive,0.3241,2,7,1,126,cant really complain about the overall experience,59
"""We won't be flying with BA again""",Boeing 747,Couple Leisure,Economy Class,London Heathrow to New York JFK,2017-07-01,2.0,1.0,1.0,3.0,2.0,1,1.6666666666666667,0.0,Neutral,0.0,1,7,7,135,we wont be flying with ba again,117
"""such appalling customer service""",A320,Business,Economy Class,London Heathrow to Berlin,2017-07-01,1.0,1.0,1.0,1.4,1.0,1,1.0666666666666667,-0.3612,Negative,-0.3612,0,4,2,662,such appalling customer service,26
"""BA cut us no slack for the injury""",A321 / Boeing 777,Couple Leisure,Business Class,Barcelona to Boston via London,2017-07-01,2.0,5.0,4.0,2.6,3.0,1,2.9333333333333336,-0.7269,Negative,-0.7269,0,8,1,2,ba cut us no slack for the injury,61
"""no different to EasyJet""",A321,Solo Leisure,Economy Class,London to Madrid,2017-07-01,2.0,3.0,1.0,1.0,3.0,4,2.3333333333333335,0.0,Neutral,0.0,1,4,9,126,no different to easyjet,59
"""endured rather than enjoyed""",A319,Business,Economy Class,London to Brussels,2017-07-01,2.0,2.0,2.7091954022988505,2.636533432947329,2.0,2,2.2242881392076965,0.5106,Positive,0.5106,2,4,4,196,endured rather than enjoyed,10
"""very poor quality seats""",Boeing 747 400,Business,Business Class,London Heathrow to Accra,2017-07-01,1.0,3.0,1.0,1.0,1.0,1,1.3333333333333333,-0.5256,Negative,-0.5256,0,4,2,10,very poor quality seats,123
"""service has gone downhill""",A380,Business,Economy Class,Krakow to London,2017-05-01,3.0,1.0,1.0,1.4,2.0,2,1.7333333333333334,0.0,Neutral,0.0,1,4,1,302,service has gone downhill,81
"""good on this occasion""",Boeing 777-200,Family Leisure,Economy Class,Gatwick to Bridgetown,2017-07-01,4.0,4.0,4.0,4.0,4.0,4,4.0,0.4404,Positive,0.4404,2,4,4,171,good on this occasion,157
"""lacking the passion to serve""",Boeing 777,Business,Business Class,Dubai to London,2017-07-01,4.0,2.0,2.0,1.0,1.0,2,2.0,0.4588,Positive,0.4588,2,5,5,452,lacking the passion to serve,145
"""BA is just a budget airline""",A321,Couple Leisure,Economy Class,London to Sofia,2017-06-01,1.0,1.0,1.0,1.4,3.0,1,1.4000000000000001,0.0,Neutral,0.0,1,6,3,126,ba is just a budget airline,59
"""Food selection mediocre""",Boeing 777-200,Family Leisure,Business Class,Mauritius to Gatwick,2017-07-01,3.0,3.0,3.0,3.0,3.0,3,3.0,0.0,Neutral,0.0,1,3,2,171,food selection mediocre,157
"""other carriers must be laughing""",Boeing 747,Business,Business Class,New York JFK to London Heathrow,2017-07-01,1.0,1.0,1.0,1.0,2.0,1,1.1666666666666667,0.4939,Positive,0.4939,2,5,4,135,other carriers must be laughing,117
"""on time and safely at that""",A320,Business,Economy Class,Athens to London Heathrow,2017-07-01,3.0,2.0,1.0,1.0,3.0,3,2.1666666666666665,0.4939,Positive,0.4939,2,6,1,662,on time and safely at that,26
"""never going to choose BA again""",A319,Couple Leisure,Economy Class,Venice to Gatwick,2017-07-01,3.0,1.0,2.7091954022988505,2.636533432947329,1.0,1,1.8909548058743633,0.0,Neutral,0.0,1,6,4,196,never going to choose ba again,10
"""won't be flying BA again""",Boeing 777,Couple Leisure,Economy Class,New York JFK to Manchester via Heathrow,2017-02-01,1.0,2.0,2.0,3.0,1.0,2,1.8333333333333333,0.0,Neutral,0.0,1,5,1,452,wont be flying ba again,145
"""crew are still doing a great job""",Boeing 747-400,Solo Leisure,Economy Class,London to Boston,2017-04-01,4.0,5.0,5.0,4.0,4.0,5,4.5,0.6249,Positive,0.6249,2,7,10,275,crew are still doing a great job,129
"""am soon likely to hate it""",Boeing 777,Couple Leisure,Business Class,Naples to Gatwick,2017-07-01,4.0,3.0,4.0,2.6,3.0,2,3.1,-0.5719,Negative,-0.5719,0,6,2,452,am soon likely to hate it,145
"""angry and dissatisfied customer""",Boeing 777,Business,Business Class,Toronto to London Heathrow,2017-06-01,1.0,4.0,1.0,2.0,3.0,1,2.0,-0.7096,Negative,-0.7096,0,4,3,452,angry and dissatisfied customer,145
"""on a par with Ryanair""",Boeing 787-8,Solo Leisure,Economy Class,London to Montreal,2017-06-01,2.0,2.0,1.0,1.0,3.0,2,1.8333333333333333,0.0,Neutral,0.0,1,5,3,16,on a par with ryanair,178
"""crew doing an excellent job""",A320,Couple Leisure,Business Class,Newcastle to Geneva via London,2017-07-01,4.0,5.0,4.0,2.6,3.0,4,3.766666666666667,0.5719,Positive,0.5719,2,5,1,662,crew doing an excellent job,26
"""experience has certainly changed""",A320,Couple Leisure,Economy Class,London to Keflavik,2017-06-01,4.0,5.0,5.0,3.4,5.0,4,4.3999999999999995,0.34,Positive,0.34,2,4,3,662,experience has certainly changed,26
"""really pleasant experience""",Boeing 777,Solo Leisure,Economy Class,London to Tokyo,2017-07-01,4.0,5.0,5.0,4.0,5.0,5,4.666666666666667,0.5563,Positive,0.5563,2,3,4,452,really pleasant experience,145
"""see the decline in quality from BA""",Boeing 777,Couple Leisure,Economy Class,Gatwick to Mauritius,2017-06-01,1.0,3.0,1.0,4.0,3.0,3,2.5,0.0,Neutral,0.0,1,7,6,452,see the decline in quality from ba,145
"""declined due to cost cutting""",Boeing 777 / A320,Couple Leisure,Premium Economy,Boston to Barcelona via London,2017-07-01,1.0,1.0,2.0,2.0,2.0,2,1.6666666666666667,-0.128,Negative,-0.128,0,5,1,5,declined due to cost cutting,150
"""pre-selected seats retained""",Boeing 777-200,Family Leisure,Business Class,Gatwick to Mauritius,2017-07-01,3.0,3.0,3.0,2.0,4.0,3,3.0,0.0258,Neutral,0.0258,1,3,6,171,preselected seats retained,157
"""turn it into a budget airline""",Boeing 767,Family Leisure,Economy Class,London Heathrow to Larnaca,2017-06-01,2.0,1.0,1.0,1.0,4.0,3,2.0,0.0,Neutral,0.0,1,6,3,68,turn it into a budget airline,140
"""recommend to avoid flying with BA""",A380,Business,Premium Economy,London to Hong Kong,2017-06-01,2.0,2.0,2.0,2.0,3.0,2,2.1666666666666665,0.0772,Positive,0.0772,2,6,15,302,recommend to avoid flying with ba,81
"""serious need of a makeover""",A320 / Boeing 777-300,Solo Leisure,Economy Class,Belfast to Munich via Heathrow,2017-07-01,3.0,4.0,2.7091954022988505,2.636533432947329,1.0,1,2.390954805874363,-0.0772,Negative,-0.0772,0,5,1,2,serious need of a makeover,32
"""using a Qatar Airways plane""",A320,Couple Leisure,Economy Class,London Heathrow to Tallinn,2017-07-01,4.0,5.0,4.0,2.6,3.0,4,3.766666666666667,0.0,Neutral,0.0,1,5,1,662,using a qatar airways plane,26
"""living in the past century""",A320,Couple Leisure,Economy Class,London to Barcelona,2017-07-01,3.0,2.0,1.0,1.0,1.0,1,1.5,0.0,Neutral,0.0,1,5,5,662,living in the past century,26
"""a most unpleasant flight""",Embraer 190,Solo Leisure,Economy Class,Dubrovnik to Gatwick,2017-06-01,1.0,1.0,1.0,1.4,1.0,1,1.0666666666666667,-0.5256,Negative,-0.5256,0,4,1,15,a most unpleasant flight,202
"""on par with EasyJet""",Boeing 767,Couple Leisure,Economy Class,Stockholm to London Heathrow,2017-07-01,2.0,3.0,2.7091954022988505,2.636533432947329,1.0,2,2.2242881392076965,0.0,Neutral,0.0,1,4,3,68,on par with easyjet,140
"""recommend taking own food""",A320,Solo Leisure,Economy Class,London to Dubrovnik,2017-06-01,1.0,1.0,1.0,1.4,1.0,1,1.0666666666666667,0.3612,Positive,0.3612,2,4,1,662,recommend taking own food,26
"""Nothing special or memorable""",Boeing 747-400,Business,Business Class,Accra to London Heathrow,2017-07-01,1.0,1.0,1.0,1.0,2.0,1,1.1666666666666667,-0.3089,Negative,-0.3089,0,4,2,275,nothing special or memorable,129
"""akin to a low cost carrier""",A321,Couple Leisure,Economy Class,London Heathrow to Stockholm,2017-06-01,2.0,3.0,2.7091954022988505,2.636533432947329,3.0,3,2.724288139207696,-0.2732,Negative,-0.2732,0,6,3,126,akin to a low cost carrier,59
"""BA need to do better""",A319,Couple Leisure,Economy Class,Malta to Gatwick,2017-05-01,3.0,1.0,1.0,1.4,4.0,2,2.066666666666667,0.4404,Positive,0.4404,2,5,2,196,ba need to do better,10
"""Absolutely disgraceful""",A380,Couple Leisure,Economy Class,London to Zagreb,2017-06-01,2.859667633869692,3.2404661016949152,2.7091954022988505,2.636533432947329,1.0,1,2.2409770951351313,0.0,Neutral,0.0,1,2,1,302,absolutely disgraceful,81
"""They are truly incompetent""",Boeing 777,Couple Leisure,Economy Class,Manchester to Philadelphia,2017-06-01,2.0,1.0,1.0,2.0,2.0,1,1.5,-0.0516,Negative,-0.0516,0,4,1,452,they are truly incompetent,145
"""attentive and good natured""",Boeing 787-9,Couple Leisure,First Class,Kuala Lumpur to London,2017-06-01,5.0,5.0,5.0,5.0,5.0,5,5.0,0.4404,Positive,0.4404,2,4,3,54,attentive and good natured,184
"""Baggage had not been loaded""",Embraer,Business,Economy Class,Frankfurt to London Heathrow,2017-06-01,2.0,2.0,2.7091954022988505,2.636533432947329,1.0,1,1.8909548058743633,0.0,Neutral,0.0,1,5,2,18,baggage had not been loaded,200
"""Club World is now very tired and worn""",Boeing 747,Business,Business Class,Heathrow to Accra,2017-06-01,1.0,2.0,1.0,1.0,1.0,1,1.1666666666666667,-0.6865,Negative,-0.6865,0,8,1,135,club world is now very tired and worn,117
"""airline is a national disgrace""",Boeing 747 and Boeing 777,Couple Leisure,Business Class,London Heathrow to Seattle,2017-06-01,2.859667633869692,3.2404661016949152,2.7091954022988505,2.636533432947329,1.0,3,2.5743104284684644,-0.4939,Negative,-0.4939,0,5,2,2,airline is a national disgrace,125
"""they are failing dismally""",A320,Solo Leisure,Economy Class,Mykonos to London,2017-06-01,3.0,1.0,1.0,1.4,3.0,1,1.7333333333333334,-0.5106,Negative,-0.5106,0,4,2,662,they are failing dismally,26
"""I will no longer pick BA""",Boeing 767,Couple Leisure,Economy Class,Zurich to London Heathrow,2017-06-01,1.0,1.0,1.0,1.4,4.0,1,1.5666666666666667,-0.296,Negative,-0.296,0,6,2,68,i will no longer pick ba,140
"""BA has lost the plot""",Boeing 767,Couple Leisure,Economy Class,Rome to Heathrow,2017-06-01,2.0,2.0,1.0,1.4,1.0,1,1.4000000000000001,-0.3182,Negative,-0.3182,0,5,2,68,ba has lost the plot,140
"""BA are going backwards""",Boeing 787,Couple Leisure,Business Class,Chennai to London,2016-11-01,2.0,2.0,3.0,4.0,2.0,2,2.5,0.0,Neutral,0.0,1,4,3,97,ba are going backwards,172
"""Leg room was atrocious""",A321,Couple Leisure,Business Class,London Gatwick to Genoa,2017-06-01,1.0,4.0,1.0,1.4,4.0,2,2.2333333333333334,0.0,Neutral,0.0,1,4,1,126,leg room was atrocious,59
"""now providing a very inferior product""",Boeing 777,Business,Business Class,Beijing to London Heathrow,2017-06-01,1.0,2.0,1.0,1.0,2.0,2,1.5,-0.4576,Negative,-0.4576,0,6,2,452,now providing a very inferior product,145
"""BA please admit your mistake""",A320,Couple Leisure,Economy Class,Corfu to London,2017-06-01,4.0,1.0,1.0,1.4,3.0,1,1.9000000000000001,0.1779,Positive,0.1779,2,5,1,662,ba please admit your mistake,26
"""such bad customer service""",A320,Couple Leisure,Economy Class,Heathrow to Santorini,2017-05-01,1.0,1.0,2.7091954022988505,2.636533432947329,1.0,1,1.5576214725410298,-0.5423,Negative,-0.5423,0,4,1,662,such bad customer service,26
"""has been hit by cost savings""",A319 / A380 / Boeing 737,Couple Leisure,Premium Economy,Leeds to Durban via London / Johannesburg,2017-06-01,4.0,4.0,4.0,4.0,4.0,4,4.0,0.0,Neutral,0.0,1,6,1,1,has been hit by cost savings,13
"""such a miserly product""",A320,Solo Leisure,Economy Class,London Heathrow to Dublin,2017-06-01,5.0,5.0,3.0,3.4,1.0,2,3.233333333333333,-0.34,Negative,-0.34,0,4,3,662,such a miserly product,26
"""time to pull up its socks""",Boeing 777-200 ER,Business,Premium Economy,Bangkok to Luxembourg via London,2017-06-01,1.0,3.0,3.0,1.0,1.0,3,2.0,0.0,Neutral,0.0,1,6,1,3,time to pull up its socks,160
"""lack of honesty and transparency""",A319,Business,Economy Class,London Heathrow to Paris Orly,2017-06-01,2.0,2.0,2.7091954022988505,2.636533432947329,1.0,1,1.8909548058743633,0.2263,Positive,0.2263,2,5,2,196,lack of honesty and transparency,10
"""inadequate for the money paid""",Boeing 777-200,Solo Leisure,Premium Economy,New York JFK to Copenhagen via Heathrow,2017-06-01,1.0,2.0,1.0,2.0,1.0,1,1.3333333333333333,-0.4019,Negative,-0.4019,0,5,1,171,inadequate for the money paid,157
"""They should be ashamed of themselves""",A319,Business,Economy Class,London to Hamburg,2017-05-01,1.0,1.0,1.0,1.0,1.0,1,1.0,-0.4767,Negative,-0.4767,0,6,2,196,they should be ashamed of themselves,10
"""I cannot recommend this cabin""",A380-800,Solo Leisure,Premium Economy,Singapore to London Heathrow,2017-06-01,3.0,2.0,2.0,4.0,4.0,1,2.6666666666666665,-0.2755,Negative,-0.2755,0,5,4,12,i cannot recommend this cabin,94
"""I am very disappointed""",A380,Business,Business Class,Singapore to London,2017-06-01,1.0,1.0,1.0,2.0,1.0,1,1.1666666666666667,-0.5256,Negative,-0.5256,0,4,12,302,i am very disappointed,81
"""whether I continue my loyalty""",Boeing 777-200,Solo Leisure,Premium Economy,Toronto to London,2017-05-01,3.0,3.0,3.0,2.0,5.0,3,3.1666666666666665,0.5423,Positive,0.5423,2,5,10,171,whether i continue my loyalty,157
"""stupidity, bad management and poor service""",A320,Business,Economy Class,Dublin to Marseille via London,2017-06-01,1.0,1.0,1.0,1.0,1.0,1,1.0,-0.8591,Negative,-0.8591,0,6,1,662,stupidity bad management and poor service,26
"""crews very young, unprofessional""",A380,Business,Premium Economy,Johannesburg to London,2017-06-01,4.0,1.0,1.0,5.0,4.0,2,2.8333333333333335,-0.5542,Negative,-0.5542,0,4,17,302,crews very young unprofessional,81
"""Boarding was a disaster""",A319,Couple Leisure,Business Class,Valencia to London Gatwick,2017-06-01,4.0,5.0,3.0,3.4,1.0,4,3.4,-0.6249,Negative,-0.6249,0,4,1,196,boarding was a disaster,10
"""possibly my last BA flights""",A320 / Boeing 767,Business,Business Class,London to Edinburgh,2017-06-01,2.0,2.0,1.0,1.4,3.0,2,1.9000000000000001,0.0,Neutral,0.0,1,5,7,4,possibly my last ba flights,29
"""Meal service surprisingly good""",A319,Couple Leisure,Business Class,London Gatwick to Valencia,2017-06-01,4.0,5.0,4.0,2.6,4.0,4,3.9333333333333336,0.6249,Positive,0.6249,2,4,1,196,meal service surprisingly good,10
"""service by a low-cost airline""",A320,Solo Leisure,Economy Class,Brussels to Rome via London,2017-06-01,2.0,1.0,2.7091954022988505,2.636533432947329,3.0,4,2.55762147254103,0.0,Neutral,0.0,1,5,1,662,service by a lowcost airline,26
"""cost cutting beyond belief""",Boeing 777-200,Couple Leisure,Premium Economy,Antigua to Gatwick,2017-06-01,1.0,1.0,1.0,1.0,1.0,1,1.0,-0.128,Negative,-0.128,0,4,5,171,cost cutting beyond belief,157
"""third world experience""",Boeing 767,Solo Leisure,Business Class,London Heathrow to Madrid,2017-06-01,2.0,1.0,1.0,1.4,4.0,2,1.9000000000000001,0.0,Neutral,0.0,1,3,4,68,third world experience,140
"""the same price as normal""",A319,Family Leisure,Business Class,Gatwick to Alicante,2017-06-01,3.0,5.0,4.0,2.6,5.0,5,4.1000000000000005,0.0,Neutral,0.0,1,5,4,196,the same price as normal,10
"""decline across all classes""",Boeing 777-200,Couple Leisure,Economy Class,Gatwick to Antigua,2017-06-01,1.0,2.0,1.0,1.0,2.0,2,1.5,0.0,Neutral,0.0,1,4,3,171,decline across all classes,157
"""a bare-bones airline""",E190,Business,Business Class,London City to Milan,2017-06-01,2.0,4.0,1.0,1.0,2.0,1,1.8333333333333333,0.0,Neutral,0.0,1,3,1,4,a barebones airline,198
"""very little care of customers""",Boeing 747 & A319,Couple Leisure,Premium Economy,Boston to Geneva via Heathrow,2017-06-01,2.0,4.0,2.0,3.0,1.0,2,2.3333333333333335,0.4914,Positive,0.4914,2,5,1,1,very little care of customers,118
"""BA has gone downhill""",A320,Couple Leisure,Economy Class,Gatwick to Bordeaux,2017-01-01,1.0,2.0,1.0,1.4,1.0,1,1.2333333333333334,0.0,Neutral,0.0,1,4,1,662,ba has gone downhill,26
"""a low cost experience""",Boeing 747-400,Business,Premium Economy,London to Boston,2017-06-01,1.0,3.0,1.0,1.0,1.0,1,1.3333333333333333,-0.2732,Negative,-0.2732,0,4,10,275,a low cost experience,129
"""like a low cost carrier""",A320,Family Leisure,Economy Class,Istanbul to London,2017-05-01,1.0,2.0,2.0,2.0,3.0,3,2.1666666666666665,0.1027,Positive,0.1027,2,5,10,662,like a low cost carrier,26
"""Terrible customer service""",Boeing 777,Business,Business Class,London to Mumbai,2017-06-01,2.859667633869692,3.2404661016949152,2.7091954022988505,2.636533432947329,1.0,1,2.2409770951351313,-0.4767,Negative,-0.4767,0,3,6,452,terrible customer service,145
"""BA is going in the wrong direction""",A320,Business,Business Class,Dusseldorf to London City,2017-06-01,1.0,1.0,2.7091954022988505,2.636533432947329,2.0,1,1.7242881392076965,-0.4767,Negative,-0.4767,0,7,1,662,ba is going in the wrong direction,26
"""a much lower standard than other airlines""",A380,Couple Leisure,Premium Economy,London Heathrow to Sydney via Singapore,2017-04-01,2.0,2.0,2.0,3.0,2.0,1,2.0,-0.296,Negative,-0.296,0,7,1,302,a much lower standard than other airlines,81
"""it's not really premium economy""",Boeing 777-300,Solo Leisure,Premium Economy,London Heathrow to Hong Kong,2017-06-01,4.0,4.0,4.0,4.0,5.0,2,3.8333333333333335,0.0,Neutral,0.0,1,5,5,54,its not really premium economy,167
"""BA now gone to the dogs""",Boeing 747,Family Leisure,First Class,London to Dubai,2017-05-01,3.0,5.0,2.0,2.0,1.0,1,2.3333333333333335,0.0,Neutral,0.0,1,6,10,135,ba now gone to the dogs,117
"""one of the worst airlines""",A380,Business,Business Class,London to Vancouver,2017-06-01,2.0,1.0,1.0,3.0,4.0,1,2.0,-0.6249,Negative,-0.6249,0,5,11,302,one of the worst airlines,81
"""Overall not recommended""",Boeing 787-9,Couple Leisure,Premium Economy,Tokyo to London Heathrow,2017-06-01,3.0,1.0,1.0,4.0,3.0,2,2.3333333333333335,-0.1511,Negative,-0.1511,0,3,2,54,overall not recommended,184
"""have become a long haul Ryanair""",Boeing 747,Family Leisure,Economy Class,Heathrow to Miami,2017-06-01,1.0,2.0,1.0,1.0,3.0,2,1.6666666666666667,0.0,Neutral,0.0,1,6,1,135,have become a long haul ryanair,117
"""crew on both flights friendly and efficient""",A19,Couple Leisure,Economy Class,London Heathrow to Brussels,2017-06-01,4.0,4.0,2.7091954022988505,2.636533432947329,5.0,4,3.724288139207696,0.7184,Positive,0.7184,2,7,5,4,crew on both flights friendly and efficient,6
"""from bad to worse""",A320,Business,Economy Class,London Heathrow to Lisbon,2017-06-01,2.0,3.0,1.0,1.4,1.0,1,1.5666666666666667,-0.765,Negative,-0.765,0,4,4,662,from bad to worse,26
"""BA is going to the dogs""",Boeing 777,Couple Leisure,Business Class,Lima to London Gatwick,2017-05-01,3.0,1.0,2.0,2.0,3.0,1,2.0,0.0,Neutral,0.0,1,6,1,452,ba is going to the dogs,145
"""service on BA really is terrible""",A380-800,Couple Leisure,Economy Class,London to Johannesburg,2017-06-01,1.0,1.0,2.0,5.0,1.0,1,1.8333333333333333,-0.5233,Negative,-0.5233,0,6,21,12,service on ba really is terrible,94
"""I'm sticking with them""",Boeing 747-400 / A320,Solo Leisure,Premium Economy,Washington to Sofia via London,2017-05-01,5.0,5.0,5.0,3.4,5.0,5,4.733333333333333,0.0,Neutral,0.0,1,4,1,2,im sticking with them,134
"""are not a 4 star airline""",A320-200,Couple Leisure,Economy Class,Edinburgh to Rome via Heathrow,2017-06-01,2.0,1.0,2.7091954022988505,2.636533432947329,1.0,1,1.7242881392076965,0.0,Neutral,0.0,1,6,1,14,are not a  star airline,45
"""deteriorating service recently""",Boeing 767,Couple Leisure,Business Class,Rome to London Heathrow,2017-05-01,1.0,1.0,1.0,1.4,1.0,1,1.0666666666666667,0.0,Neutral,0.0,1,3,3,68,deteriorating service recently,140
"""a total disappointment""",Boeing 777,Business,Economy Class,Tampa to Tirana via Gatwick,2017-04-01,2.0,3.0,1.0,1.0,3.0,2,2.0,-0.5563,Negative,-0.5563,0,3,1,452,a total disappointment,145
"""this service is a joke""",Boeing 747-400,Business,Business Class,Chicago to London Heathrow,2017-05-01,1.0,1.0,1.0,4.0,1.0,1,1.5,0.296,Positive,0.296,2,5,7,275,this service is a joke,129
"""won the race to the bottom""",A321,Couple Leisure,Economy Class,Gatwick to Funchal,2017-05-01,1.0,2.0,2.7091954022988505,2.636533432947329,3.0,1,2.05762147254103,0.5719,Positive,0.5719,2,6,3,126,won the race to the bottom,59
"""very evident cost cutting""",Boeing 787-9,Couple Leisure,First Class,London Heathrow to Tokyo Narita,2017-05-01,4.0,2.0,1.0,3.0,5.0,1,2.6666666666666665,-0.1935,Negative,-0.1935,0,4,1,54,very evident cost cutting,184
"""Absolute Cheapskates""",A320,Couple Leisure,Business Class,Luxembourg to London,2017-05-01,2.0,3.0,1.0,1.0,3.0,2,2.0,0.0,Neutral,0.0,1,2,1,662,absolute cheapskates,26
"""BA insisted I only had one bag allowance """,Boeing 777,Business,Premium Economy,Geneva to Dallas via Heathrow,2017-05-01,2.0,3.0,2.7091954022988505,2.636533432947329,1.0,1,2.05762147254103,0.0,Neutral,0.0,1,9,1,452,ba insisted i only had one bag allowance ,145
"""magic of our national carrier has gone""",A319,Family Leisure,Economy Class,Heathrow to Bergen,2017-05-01,3.0,2.0,1.0,1.0,2.0,1,1.6666666666666667,0.0,Neutral,0.0,1,7,1,196,magic of our national carrier has gone,10
"""wasn't worth the hassle for me""",Boeing 787-8,Business,Business Class,Seoul to London,2017-05-01,4.0,5.0,4.0,3.0,3.0,3,3.6666666666666665,-0.1695,Negative,-0.1695,0,6,3,16,wasnt worth the hassle for me,178
"""worst customer service""",A380,Business,Business Class,Los Angeles to London,2017-05-01,3.0,1.0,2.0,4.0,3.0,3,2.6666666666666665,-0.6249,Negative,-0.6249,0,3,12,302,worst customer service,81
"""Cheapskate airline now""",A319,Solo Leisure,Economy Class,London Heathrow to Geneva,2017-05-01,2.0,5.0,2.7091954022988505,2.636533432947329,1.0,1,2.390954805874363,0.0,Neutral,0.0,1,3,3,196,cheapskate airline now,10
"""business class is very cramped""",Boeing 777,Couple Leisure,Business Class,Gatwick to Lima,2017-04-01,4.0,4.0,4.0,2.0,3.0,4,3.5,0.0,Neutral,0.0,1,5,1,452,business class is very cramped,145
"""no more than a budget carrier""",A320,Business,Business Class,London Heathrow to Santorini,2017-05-01,1.0,2.0,1.0,1.4,2.0,1,1.4000000000000001,0.0,Neutral,0.0,1,6,1,662,no more than a budget carrier,26
"""cost cutting may back fire""",A320,Solo Leisure,Economy Class,London Heathrow to Bilbao,2017-04-01,3.0,3.0,2.7091954022988505,2.636533432947329,4.0,2,2.890954805874363,-0.4404,Negative,-0.4404,0,5,1,662,cost cutting may back fire,26
"""very disappointing experience """,A319,Couple Leisure,Economy Class,Madeira to Gatwick,2017-05-01,3.0,2.0,1.0,1.4,3.0,2,2.066666666666667,-0.5413,Negative,-0.5413,0,4,1,196,very disappointing experience ,10
"""felt like budget airline""",Boeing 787-9,Business,Economy Class,Edinburgh to Gatwick,2017-04-01,3.0,2.0,2.7091954022988505,2.636533432947329,3.0,3,2.724288139207696,0.3612,Positive,0.3612,2,4,1,54,felt like budget airline,184
"""abandoned us at Rome airport""",Boeing 767,Family Leisure,Economy Class,Rome to London,2017-05-01,1.0,1.0,2.7091954022988505,2.636533432947329,1.0,1,1.5576214725410298,-0.4588,Negative,-0.4588,0,5,9,68,abandoned us at rome airport,140
"""little to no service""",Boeing 787-9,Solo Leisure,Economy Class,Kuala Lumpur to London,2017-05-01,4.0,1.0,1.0,5.0,5.0,4,3.3333333333333335,-0.2315,Negative,-0.2315,0,4,3,54,little to no service,184
"""The crew were amazing""",Boeing 787,Solo Leisure,Economy Class,London to Kuala Lumpur,2017-05-01,4.0,5.0,5.0,5.0,5.0,5,4.833333333333333,0.5859,Positive,0.5859,2,4,5,97,the crew were amazing,172
"""overall truly awful experience""",Boeing 747-400,Business,Business Class,London Heathrow to Miami,2017-05-01,2.0,4.0,1.0,1.0,1.0,1,1.6666666666666667,-0.0258,Neutral,-0.0258,1,4,7,275,overall truly awful experience,129
"""attendents cordial and professional""",A321 / Boeing 777,Solo Leisure,Economy Class,Moscow to Houston via London,2017-05-01,3.0,3.0,3.0,3.0,3.0,4,3.1666666666666665,0.0,Neutral,0.0,1,4,1,2,attendents cordial and professional,61
"""BA have hit rock bottom""",A319,Business,Economy Class,London to Brussels,2017-04-01,3.0,4.0,2.2,1.0,4.0,2,2.6999999999999997,0.0,Neutral,0.0,1,5,4,196,ba have hit rock bottom,10
"""it's basically a con""",Boeing 747,Solo Leisure,Economy Class,London Heathrow to Las Vegas,2017-04-01,1.0,1.0,3.0,3.0,3.0,1,2.0,0.0,Neutral,0.0,1,4,4,135,its basically a con,117
"""a positive experience""",Boeing 747,Couple Leisure,Economy Class,London to San Francisco,2017-05-01,4.0,5.0,5.0,4.0,4.0,4,4.333333333333333,0.5574,Positive,0.5574,2,3,8,135,a positive experience,117
"""total lack of customer service""",A320,Family Leisure,Economy Class,London to Reykjavik,2016-12-01,2.859667633869692,3.2404661016949152,2.7091954022988505,2.636533432947329,1.0,1,2.2409770951351313,-0.3804,Negative,-0.3804,0,5,3,662,total lack of customer service,26
"""expected service onboard""",A321 / Boeing 777-300,Couple Leisure,Economy Class,Amsterdam to Tokyo via London,2017-04-01,4.0,5.0,4.0,4.0,3.0,4,4.0,0.0,Neutral,0.0,1,3,1,1,expected service onboard,62
"""Overall very disappointing""",Boeing 777-200,Couple Leisure,Business Class,Antigua to Gatwick,2017-05-01,3.0,2.0,2.0,2.0,4.0,3,2.6666666666666665,-0.5413,Negative,-0.5413,0,3,5,171,overall very disappointing,157
"""could not be less interested""",A320,Business,Economy Class,London to Amsterdam,2017-05-01,4.0,4.0,4.0,2.6,1.0,3,3.1,-0.2596,Negative,-0.2596,0,5,8,662,could not be less interested,26
"""the crew were fantastic""",Boeing 777-200,Family Leisure,Economy Class,Orlando to Gatwick,2017-05-01,5.0,5.0,5.0,3.0,5.0,5,4.666666666666667,0.5574,Positive,0.5574,2,4,5,171,the crew were fantastic,157
"""this relic of an airline""",A380,Business,Economy Class,London to Hong Kong,2017-04-01,2.859667633869692,3.2404661016949152,2.7091954022988505,2.636533432947329,1.0,1,2.2409770951351313,0.0,Neutral,0.0,1,5,15,302,this relic of an airline,81
"""Overall a good experience""",Boeing 777,Solo Leisure,Premium Economy,London to Toronto,2017-05-01,4.0,5.0,4.0,2.6,4.0,4,3.9333333333333336,0.4404,Positive,0.4404,2,4,10,452,overall a good experience,145
"""I have given up on avios""",Boeing 747-400,Business,Business Class,Mexico City to Copenhagen via London,2017-05-01,3.0,2.0,2.0,1.0,4.0,5,2.8333333333333335,0.0,Neutral,0.0,1,6,1,275,i have given up on avios,129
"""not improving where they should""",Boeing 787,Business,Business Class,London to Santiago de Chile,2017-05-01,3.0,4.0,2.0,4.0,3.0,3,3.1666666666666665,-0.3252,Negative,-0.3252,0,5,2,97,not improving where they should,172
"""getting a refund is a nightmare""",A320,Business,Economy Class,Gatwick to Amsterdam,2017-02-01,3.0,5.0,3.0,3.4,1.0,2,2.9,0.0,Neutral,0.0,1,6,2,662,getting a refund is a nightmare,26
"""How far BA has sunk!""",Boeing 767,Couple Leisure,Economy Class,London Heathrow to Nice,2017-04-01,1.0,2.0,1.0,1.4,4.0,1,1.7333333333333334,0.0,Neutral,0.0,1,5,4,68,how far ba has sunk,140
"""I was very disappointed""",A320,Solo Leisure,Economy Class,Athens to London,2017-05-01,3.0,3.0,1.0,2.0,3.0,2,2.3333333333333335,-0.5256,Negative,-0.5256,0,4,10,662,i was very disappointed,26
"""BA has lost two loyal customers""",Boeing 747-400,Couple Leisure,Economy Class,London to Cape Town,2017-04-01,1.0,1.0,1.0,3.0,4.0,1,1.8333333333333333,0.2023,Positive,0.2023,2,6,15,275,ba has lost two loyal customers,129
"""Good value if a free upgrade""",A320,Couple Leisure,Business Class,LHR to TXL,2017-05-01,4.0,5.0,5.0,3.4,5.0,5,4.566666666666666,0.8225,Positive,0.8225,2,6,3,662,good value if a free upgrade,26
"""not the BA that people once knew""",Boeing 777,Couple Leisure,Premium Economy,Rio de Janeiro to London,2017-05-01,1.0,1.0,1.0,1.0,1.0,1,1.0,0.0,Neutral,0.0,1,7,2,452,not the ba that people once knew,145
"""staff could not have cared less""",A320,Business,Economy Class,London to Edinburgh,2017-05-01,2.0,1.0,2.7091954022988505,2.636533432947329,1.0,1,1.7242881392076965,-0.3252,Negative,-0.3252,0,6,7,662,staff could not have cared less,26
"""service is consistently unacceptable""",Boeing 777,Couple Leisure,Economy Class,New York JFK to London,2017-05-01,1.0,1.0,1.0,1.4,1.0,1,1.0666666666666667,-0.4588,Negative,-0.4588,0,4,4,452,service is consistently unacceptable,145
"""the flight was enjoyable""",Boeing 777-300,Couple Leisure,Business Class,Gatwick to Antigua,2017-04-01,4.0,4.0,3.0,1.0,4.0,4,3.3333333333333335,0.4404,Positive,0.4404,2,4,3,54,the flight was enjoyable,167
"""a very cheap offer to upgrade""",A320,Business,Business Class,Berlin Tegel to London,2017-05-01,3.0,5.0,3.0,2.0,4.0,4,3.5,0.0,Neutral,0.0,1,6,1,662,a very cheap offer to upgrade,26
"""my first choice out of City""",Embraer,Solo Leisure,Economy Class,London City to Bergerac,2017-05-01,3.0,4.0,3.0,3.4,3.0,4,3.4,0.0,Neutral,0.0,1,6,1,18,my first choice out of city,200
"""Staff are polite and friendly""",A321,Business,Economy Class,"Manchester, UK to Billund, Denmark",2017-05-01,5.0,5.0,5.0,3.0,5.0,5,4.666666666666667,0.4939,Positive,0.4939,2,5,1,126,staff are polite and friendly,59
"""a surly disapproving stewardess""",Boeing 777 200/300,Business,Premium Economy,London Heathrow to Bangkok,2017-04-01,2.0,1.0,1.0,2.0,3.0,2,1.8333333333333333,0.0,Neutral,0.0,1,4,8,1,a surly disapproving stewardess,154
"""game over for me""",A320,Business,Business Class,Funchal to Edinburgh via Heathrow,2017-04-01,2.0,1.0,1.0,1.4,1.0,3,1.5666666666666667,0.0,Neutral,0.0,1,4,1,662,game over for me,26
"""cost cutting affects all cabins""",A380 and Boeing 747,Couple Leisure,First Class,London Heathrow to Miami,2017-04-01,4.0,5.0,3.0,4.0,5.0,5,4.333333333333333,-0.128,Negative,-0.128,0,5,7,1,cost cutting affects all cabins,90
"""downgraded their economy service""",A380,Business,Economy Class,Singapore to London Heathrow,2017-05-01,3.0,4.0,3.0,4.0,5.0,4,3.8333333333333335,0.0,Neutral,0.0,1,4,4,302,downgraded their economy service,81
"""So low cost. So over them""",A320,Solo Leisure,Economy Class,Nice to London Heathrow,2017-03-01,1.0,1.0,1.0,1.4,1.0,1,1.0666666666666667,-0.2732,Negative,-0.2732,0,6,3,662,so low cost so over them,26
"""An absolute disgrace""",Boeing 777,Family Leisure,Economy Class,London to Male,2017-03-01,1.0,2.0,2.7091954022988505,2.636533432947329,1.0,1,1.7242881392076965,-0.4939,Negative,-0.4939,0,3,4,452,an absolute disgrace,145
"""Rude and aggressive customer service""",Boeing 767,Solo Leisure,Economy Class,Rome to London Heathrow,2017-05-01,1.0,1.0,2.7091954022988505,2.636533432947329,1.0,1,1.5576214725410298,-0.5574,Negative,-0.5574,0,5,3,68,rude and aggressive customer service,140
"""is simply a budget airline""",A320,Family Leisure,Economy Class,Keflavik to London,2017-04-01,1.0,1.0,2.2,1.0,1.0,1,1.2,0.0,Neutral,0.0,1,5,1,662,is simply a budget airline,26
"""a poor service all round """,Boeing 747-400,Couple Leisure,Premium Economy,Glasgow to Chicago via Heathrow,2017-04-01,1.0,3.0,2.0,1.0,3.0,1,1.8333333333333333,-0.4767,Negative,-0.4767,0,6,1,275,a poor service all round ,129
"""I have lost my patience""",Boeing 777 200,Business,Business Class,Bahrain to Dublin via london,2017-05-01,2.859667633869692,3.2404661016949152,2.7091954022988505,2.636533432947329,1.0,1,2.2409770951351313,-0.3182,Negative,-0.3182,0,5,1,1,i have lost my patience,153
"""Absolutely useless""",A319,Solo Leisure,Economy Class,London to Edinburgh,2017-05-01,3.0,1.0,1.0,1.4,4.0,1,1.9000000000000001,-0.4754,Negative,-0.4754,0,2,7,196,absolutely useless,10
"""never seen an airline deteriorate so quickly""",A320,Solo Leisure,Economy Class,London Heathrow to Vienna,2017-04-01,2.0,1.0,1.0,1.4,4.0,1,1.7333333333333334,0.0,Neutral,0.0,1,7,2,662,never seen an airline deteriorate so quickly,26
"""things are not as they were""",Boeing 777,Couple Leisure,Economy Class,Hong Kong to London Heathrow,2017-05-01,3.0,3.0,2.0,3.0,5.0,3,3.1666666666666665,0.0,Neutral,0.0,1,6,1,452,things are not as they were,145
"""Service was an absolute shambles""",A320,Couple Leisure,Economy Class,London Heathrow to Budapest,2017-04-01,4.0,1.0,1.0,1.4,3.0,2,2.066666666666667,0.0,Neutral,0.0,1,5,2,662,service was an absolute shambles,26
"""pleasant and enjoyable experience""",Boeing 767,Solo Leisure,Economy Class,Zürich to London,2017-04-01,4.0,5.0,2.7091954022988505,2.636533432947329,4.0,4,3.724288139207696,0.7351,Positive,0.7351,2,4,2,68,pleasant and enjoyable experience,140
"""should not call this business class""",A320,Solo Leisure,Business Class,Dublin to London,2016-08-01,1.0,3.0,1.0,1.4,2.0,1,1.5666666666666667,0.0,Neutral,0.0,1,6,5,662,should not call this business class,26
"""friendly, attentive and helpful""",Boeing 777-200,Family Leisure,Economy Class,London Gatwick to Orlando,2017-04-01,5.0,5.0,4.0,4.0,5.0,5,4.666666666666667,0.7184,Positive,0.7184,2,4,1,171,friendly attentive and helpful,157
"""what you expect from a budget carrier""",A321,Couple Leisure,Economy Class,Aberdeen to London,2017-04-01,3.0,2.0,1.0,1.4,3.0,1,1.9000000000000001,0.0,Neutral,0.0,1,7,2,126,what you expect from a budget carrier,59
"""on the edge of abandoning them""",Boeing 777,Business,Premium Economy,London to Toronto,2017-04-01,3.0,2.0,1.0,2.0,1.0,1,1.6666666666666667,-0.3818,Negative,-0.3818,0,6,10,452,on the edge of abandoning them,145
"""flight without a problem""",A380,Family Leisure,Economy Class,London to Boston,2017-04-01,5.0,5.0,5.0,5.0,4.0,4,4.666666666666667,0.3089,Positive,0.3089,2,4,10,302,flight without a problem,81
"""avoid any 747 flight whenever possible""",Boeing 787-8,Couple Leisure,First Class,Newark to London Heathrow,2017-04-01,3.0,4.0,1.0,2.0,3.0,3,2.6666666666666665,-0.296,Negative,-0.296,0,6,2,16,avoid any  flight whenever possible,178
"""saved £10 for two bunch of flowers""",Boeing 777-200,Couple Leisure,First Class,London to Newark,2017-04-01,3.0,4.0,2.0,2.0,4.0,2,2.8333333333333335,0.4215,Positive,0.4215,2,7,1,171,saved  for two bunch of flowers,157
"""for once I had the meal""",A320,Couple Leisure,Business Class,Pisa to Gatwick,2017-04-01,2.0,4.0,4.0,2.6,2.0,2,2.766666666666667,0.0,Neutral,0.0,1,6,1,662,for once i had the meal,26
"""friendly and efficient crew""",A380-800,Couple Leisure,Economy Class,Heathrow to San Francisco,2017-02-01,4.0,5.0,5.0,5.0,5.0,5,4.833333333333333,0.7184,Positive,0.7184,2,4,3,12,friendly and efficient crew,94
"""carrier has become a laughing stock""",A319,Couple Leisure,Economy Class,Berlin to London,2017-04-01,3.0,1.0,1.0,1.4,2.0,2,1.7333333333333334,0.4939,Positive,0.4939,2,6,7,196,carrier has become a laughing stock,10
"""don't expect much nowadays from BA""",A319,Couple Leisure,Business Class,Gatwick to Pisa,2017-04-01,2.0,4.0,1.0,1.4,4.0,2,2.4,0.0,Neutral,0.0,1,6,3,196,dont expect much nowadays from ba,10
"""national carrier turned into the worst""",Boeing 747-400,Family Leisure,Economy Class,London Heathrow to Phoenix,2017-04-01,4.0,3.0,1.0,1.0,3.0,1,2.1666666666666665,-0.6249,Negative,-0.6249,0,6,1,275,national carrier turned into the worst,129
"""we shall be flying with you again""",Boeing 777,Couple Leisure,Business Class,St Lucia to Gatwick,2017-04-01,5.0,5.0,5.0,5.0,5.0,4,4.833333333333333,0.0,Neutral,0.0,1,7,5,452,we shall be flying with you again,145
"""pay extra to reserve the seats""",Boeing 777,Couple Leisure,Business Class,London Heathrow to Bangkok,2017-04-01,4.0,4.0,4.0,3.0,3.0,4,3.6666666666666665,-0.1027,Negative,-0.1027,0,6,8,452,pay extra to reserve the seats,145
"""I prepared myself for the worst""",A380,Couple Leisure,Economy Class,Singapore to London Heathrow,2017-04-01,4.0,3.0,2.0,3.0,4.0,3,3.1666666666666665,-0.4939,Negative,-0.4939,0,6,4,302,i prepared myself for the worst,81
"""rapidly becoming a budget airline""",Boeing 777,Business,Economy Class,London to Stockholm Arlanda,2017-04-01,2.0,3.0,1.0,1.4,2.0,2,1.9000000000000001,0.0,Neutral,0.0,1,5,1,452,rapidly becoming a budget airline,145
"""told snacks had been withdrawn""",Boeing 777,Solo Leisure,Economy Class,Bangkok to London Heathrow,2017-03-01,3.0,3.0,1.0,1.0,2.0,1,1.8333333333333333,0.0,Neutral,0.0,1,5,2,452,told snacks had been withdrawn,145
"""little more than a budget airline""",A320,Solo Leisure,Economy Class,Istanbul to London,2017-04-01,1.0,1.0,1.0,1.0,1.0,1,1.0,0.0,Neutral,0.0,1,6,10,662,little more than a budget airline,26
"""something has gone terribly wrong""",Boeing 787-8,Business,Economy Class,London to Seoul,2017-03-01,1.0,4.0,2.0,3.0,4.0,2,2.6666666666666665,-0.7717,Negative,-0.7717,0,5,3,16,something has gone terribly wrong,178
"""airline is in terminal decline""",A320,Business,Economy Class,Paris to London Heathrow,2017-04-01,1.0,1.0,1.0,1.0,1.0,1,1.0,0.0,Neutral,0.0,1,5,1,662,airline is in terminal decline,26
"""BA shined post-flight""",A380,Couple Leisure,Premium Economy,Heathrow to San Francisco,2017-04-01,5.0,5.0,5.0,4.0,3.0,5,4.5,0.0,Neutral,0.0,1,3,3,302,ba shined postflight,81
"""warned that BA had gone downhill""",Boeing 777-300,Business,Business Class,Buenos Aires to London,2017-04-01,2.0,4.0,3.0,3.0,4.0,3,3.1666666666666665,-0.2732,Negative,-0.2732,0,6,3,54,warned that ba had gone downhill,167
"""a high cost no frills airline""",A319,Couple Leisure,Business Class,Gatwick to Pisa,2017-04-01,2.0,5.0,1.0,1.4,5.0,3,2.9,-0.296,Negative,-0.296,0,6,3,196,a high cost no frills airline,10
"""really disappointed with BA""",Boeing 777,Solo Leisure,Economy Class,London to Dubai,2017-04-01,1.0,1.0,3.0,3.0,3.0,3,2.3333333333333335,-0.5256,Negative,-0.5256,0,4,10,452,really disappointed with ba,145
"""how things have changed""",A319,Business,Economy Class,Stuttgart to London,2017-04-01,2.0,1.0,1.0,1.4,1.0,1,1.2333333333333334,0.0,Neutral,0.0,1,4,2,196,how things have changed,10
"""BA should wake up""",A319,Family Leisure,Business Class,Nice to Gatwick,2017-03-01,2.0,4.0,1.0,1.4,3.0,1,2.066666666666667,0.0,Neutral,0.0,1,4,1,196,ba should wake up,10
"""crew very polite and helpful""",Boeing 777-200ER,Solo Leisure,Business Class,London LGW to Lima,2017-04-01,5.0,5.0,4.0,3.0,5.0,4,4.333333333333333,0.4703,Positive,0.4703,2,5,1,10,crew very polite and helpful,163
"""if possible never fly BA again""",Boeing 777,Solo Leisure,Business Class,Punta Cana to Gatwick,2017-04-01,1.0,1.0,1.0,1.0,4.0,2,1.6666666666666667,0.0,Neutral,0.0,1,6,1,452,if possible never fly ba again,145
"""full service or a low cost""",Boeing 777-200 / 747-400,Family Leisure,Economy Class,London to Washington,2017-04-01,3.0,4.0,1.0,3.0,3.0,3,2.8333333333333335,-0.2732,Negative,-0.2732,0,6,6,2,full service or a low cost,158
"""attendants were very attentive""",Boeing 747-400,Family Leisure,Economy Class,London to New York JFK,2017-04-01,5.0,4.0,1.0,4.0,4.0,4,3.6666666666666665,0.0,Neutral,0.0,1,4,8,275,attendants were very attentive,129
"""nearly 2 hours to be served""",A320,Solo Leisure,Economy Class,Malaga to Gatwick,2017-04-01,2.0,1.0,2.0,2.0,5.0,1,2.1666666666666665,0.0,Neutral,0.0,1,6,5,662,nearly  hours to be served,26
"""fantastic staff at Terminal 3""",Boeing 747-400,Couple Leisure,Economy Class,Stavanger to Las Vegas via London,2017-04-01,4.0,4.0,3.0,4.0,5.0,4,4.0,0.5574,Positive,0.5574,2,5,1,275,fantastic staff at terminal ,129
"""employs tactics of EasyJet""",A321,Solo Leisure,Economy Class,London to Moscow,2017-04-01,1.0,3.0,1.0,5.0,2.0,1,2.1666666666666665,0.0,Neutral,0.0,1,4,2,126,employs tactics of easyjet,59
"""service is polite""",A320,Business,Business Class,Copenhagen to Mexico via London,2017-03-01,4.0,4.0,3.0,3.0,4.0,5,3.8333333333333335,0.0,Neutral,0.0,1,3,1,662,service is polite,26
"""nothing more than no-frills airline""",A320,Business,Economy Class,Gatwick to Rome,2017-04-01,2.0,3.0,1.0,1.4,3.0,2,2.066666666666667,0.0,Neutral,0.0,1,5,1,662,nothing more than nofrills airline,26
"""BA is now a budget airline""",A320,Solo Leisure,Economy Class,Prague to London,2017-04-01,2.0,1.0,1.0,1.4,3.0,1,1.5666666666666667,0.0,Neutral,0.0,1,6,5,662,ba is now a budget airline,26
"""I am ever increasingly disappointed""",A320,Business,Business Class,LHR to IST,2017-04-01,1.0,1.0,1.0,1.0,1.0,3,1.3333333333333333,-0.4767,Negative,-0.4767,0,5,7,662,i am ever increasingly disappointed,26
"""slightly above a budget airline""",Boeing 747-400,Solo Leisure,Economy Class,ORY to JFK via LHR,2017-04-01,1.0,1.0,1.0,3.0,1.0,2,1.5,0.0,Neutral,0.0,1,5,1,275,slightly above a budget airline,129
"""I won't be flying BA anymore""",Boeing 747-400,Solo Leisure,Economy Class,Los Angeles to London Heathrow,2017-02-01,1.0,3.0,1.0,2.0,3.0,1,1.8333333333333333,0.0,Neutral,0.0,1,6,8,275,i wont be flying ba anymore,129
"""charged me for a bottle of water""",A321,Business,Economy Class,London to Milan,2017-04-01,4.0,1.0,1.0,1.4,1.0,1,1.5666666666666667,-0.2023,Negative,-0.2023,0,7,6,126,charged me for a bottle of water,59
"""don't cater for families""",A319,Family Leisure,Economy Class,London to Nice,2017-04-01,2.0,2.0,1.0,1.0,1.0,1,1.3333333333333333,0.0,Neutral,0.0,1,4,3,196,dont cater for families,10
"""I have had it with BA""",Boeing 777,Solo Leisure,Economy Class,Baltimore to Nice via London,2017-04-01,1.0,3.0,2.0,1.0,2.0,2,1.8333333333333333,0.0,Neutral,0.0,1,6,1,452,i have had it with ba,145
"""Excellent service and food""",Boeing 777,Family Leisure,Business Class,Sofia to Boston via London,2017-04-01,5.0,5.0,5.0,4.0,5.0,5,4.833333333333333,0.5719,Positive,0.5719,2,4,1,452,excellent service and food,145
"""attendants were attentive""",B777-300ER / A320 / A380,Couple Leisure,Business Class,Copenhagen to Hong Kong via London,2017-03-01,5.0,5.0,4.0,5.0,5.0,5,4.833333333333333,0.0,Neutral,0.0,1,3,1,1,attendants were attentive,110
"""airline with low cost service""",Boeing 767,Solo Leisure,Economy Class,London to Larnaca,2017-04-01,3.0,2.0,1.0,1.0,3.0,1,1.8333333333333333,-0.2732,Negative,-0.2732,0,5,7,68,airline with low cost service,140
"""BA have totally lost the plot""",Boeing 777,Couple Leisure,Business Class,London Gatwick to San Jose Costa Rica,2017-04-01,3.0,1.0,1.0,1.4,4.0,2,2.066666666666667,-0.3804,Negative,-0.3804,0,6,2,452,ba have totally lost the plot,145
"""not a good first trip on British Airways""",Boeing 747-400,Family Leisure,Economy Class,London Heathrow to New York JFK,2017-04-01,1.0,2.0,1.0,3.0,1.0,1,1.5,-0.3412,Negative,-0.3412,0,8,7,275,not a good first trip on british airways,129
"""Very very poor customer service""",Boeing 747-400,Couple Leisure,Economy Class,London to New Delhi,2016-11-01,2.0,1.0,2.0,5.0,1.0,2,2.1666666666666665,-0.5678,Negative,-0.5678,0,5,1,275,very very poor customer service,129
"""want to be a no-frills airline""",Boeing 747,Business,Premium Economy,San Diego to London,2017-03-01,1.0,2.0,1.0,1.0,1.0,1,1.1666666666666667,0.0772,Positive,0.0772,2,6,5,135,want to be a nofrills airline,117
"""don't go out your way to fly them""",Boeing 777-200,Solo Leisure,Economy Class,Philadelphia to Edinburgh via Heathrow,2017-01-01,2.0,4.0,2.0,2.0,5.0,4,3.1666666666666665,0.0,Neutral,0.0,1,8,1,171,dont go out your way to fly them,157
"""BA need to invest in a new fleet""",Boeing 747-400,Business,Business Class,London Heathrow to New York JFK,2017-03-01,2.0,3.0,1.0,1.0,2.0,1,1.6666666666666667,0.0,Neutral,0.0,1,8,7,275,ba need to invest in a new fleet,129
"""nothing redeeming about BA""",A380,Couple Leisure,Business Class,London to Singapore,2016-11-01,1.0,1.0,1.0,1.0,1.0,1,1.0,0.0,Neutral,0.0,1,4,8,302,nothing redeeming about ba,81
"""what was I thinking flying this airline?""",Boeing 767,Couple Leisure,Business Class,Rome to London,2017-04-01,1.0,4.0,4.0,1.0,1.0,3,2.3333333333333335,0.0,Neutral,0.0,1,7,9,68,what was i thinking flying this airline,140
"""legroom is an absolute joke""",Boeing 787-8,Business,Economy Class,London to New Orleans,2017-04-01,1.0,3.0,1.0,2.0,2.0,1,1.6666666666666667,0.296,Positive,0.296,2,5,1,16,legroom is an absolute joke,178
"""being turned into Vueling""",A219,Couple Leisure,Business Class,London Heathrow to Brussels,2017-03-01,3.0,5.0,4.0,2.6,4.0,3,3.6,0.0,Neutral,0.0,1,4,5,1,being turned into vueling,7
"""feel disrespected and undervalued""",A380,Business,Business Class,Miami to London,2017-03-01,3.0,5.0,2.0,4.0,4.0,2,3.3333333333333335,-0.4588,Negative,-0.4588,0,4,7,302,feel disrespected and undervalued,81
"""turning BA into a low-cost carrier""",Boeing 747,Business,Premium Economy,Cape Town to Berlin via London,2017-01-01,3.0,5.0,1.0,2.0,3.0,1,2.5,0.0,Neutral,0.0,1,6,1,135,turning ba into a lowcost carrier,117
"""service inevitably snail-paced""",A320,Couple Leisure,Economy Class,Marrakech to London Gatwick,2017-04-01,3.0,1.0,1.0,1.4,3.0,3,2.066666666666667,0.0,Neutral,0.0,1,3,1,662,service inevitably snailpaced,26
"""can no longer live on past reputation""",A320,Solo Leisure,Economy Class,London Heathrow to Rome,2017-04-01,1.0,1.0,1.0,1.4,1.0,2,1.2333333333333334,-0.296,Negative,-0.296,0,7,3,662,can no longer live on past reputation,26
"""BA is now a no-frills carrier""",A320,Business,Economy Class,London Heathrow to Munich,2017-03-01,3.0,3.0,1.0,1.0,3.0,3,2.3333333333333335,0.0,Neutral,0.0,1,6,4,662,ba is now a nofrills carrier,26
"""the worst flight I've been on""",A320,Couple Leisure,Economy Class,Belfast to Gibraltar via Heathrow,2017-04-01,2.0,3.0,1.0,1.4,3.0,3,2.2333333333333334,-0.6249,Negative,-0.6249,0,6,1,662,the worst flight ive been on,26
"""now at an all time low""",Boeing 777-200,Couple Leisure,Business Class,Gatwick to Cancun,2017-02-01,2.0,5.0,3.0,2.0,1.0,1,2.3333333333333335,-0.2732,Negative,-0.2732,0,6,5,171,now at an all time low,157
"""BA has gone cattle""",A319,Couple Leisure,Economy Class,Malaga to Gatwick,2017-03-01,1.0,1.0,1.0,1.0,1.0,2,1.1666666666666667,0.0,Neutral,0.0,1,4,5,196,ba has gone cattle,10
"""have slipped significantly""",Boeing 747,Business,Economy Class,London to New York,2017-03-01,4.0,2.0,2.0,5.0,3.0,3,3.1666666666666665,0.0,Neutral,0.0,1,3,9,135,have slipped significantly,117
"""expect you to pay to reserve seats""",Boeing 777,Family Leisure,Business Class,Gatwick to Grenada,2017-03-01,5.0,5.0,4.0,4.0,5.0,1,4.0,-0.1027,Negative,-0.1027,0,7,1,452,expect you to pay to reserve seats,145
"""not worth the money spent""",A320-200,Business,Economy Class,Lisbon to London,2017-03-01,4.0,3.0,1.0,1.0,2.0,1,2.0,-0.1695,Negative,-0.1695,0,5,8,14,not worth the money spent,45
"""does not value their customers""",Boeing 747,Family Leisure,Economy Class,Amsterdam to Cape Town via Gatwick,2017-03-01,1.0,2.0,1.0,3.0,3.0,1,1.8333333333333333,-0.2584,Negative,-0.2584,0,5,1,135,does not value their customers,117
"""atrocious customer service""",Boeing 747,Business,Economy Class,Miami to London,2017-01-01,1.0,3.0,1.0,1.0,1.0,1,1.3333333333333333,0.0,Neutral,0.0,1,3,7,135,atrocious customer service,117
"""very lazy and oblivious staff """,A380,Business,Economy Class,London to Los Angeles,2017-03-01,3.0,1.0,1.0,3.0,3.0,1,2.0,-0.4201,Negative,-0.4201,0,6,10,302,very lazy and oblivious staff ,81
"""staff were absolutely appalling""",Boeing 777,Couple Leisure,Business Class,Mauritius to Gatwick,2017-03-01,4.0,1.0,3.0,4.0,5.0,2,3.1666666666666665,-0.4201,Negative,-0.4201,0,4,2,452,staff were absolutely appalling,145
"""has really gone downhill""",A380,Couple Leisure,Premium Economy,London Heathrow to Hong Kong,2017-03-01,4.0,4.0,1.0,2.0,3.0,2,2.6666666666666665,0.0,Neutral,0.0,1,4,5,302,has really gone downhill,81
"""well below every major competitor""",A320,Business,Business Class,Frankfurt to Hong Kong via London,2017-03-01,2.0,4.0,1.0,1.0,2.0,2,2.0,0.2732,Positive,0.2732,2,5,1,662,well below every major competitor,26
"""crew to be friendly and attentive""",Boeing 777,Couple Leisure,Premium Economy,London to Nairobi,2017-02-01,4.0,5.0,4.0,2.6,4.0,4,3.9333333333333336,0.4939,Positive,0.4939,2,6,3,452,crew to be friendly and attentive,145
"""second rate budget airline""",A319,Business,Economy Class,London Heathrow to Edinburgh,2017-03-01,2.0,5.0,2.7091954022988505,2.636533432947329,2.0,1,2.55762147254103,0.0,Neutral,0.0,1,4,2,196,second rate budget airline,10
"""worst short haul flight ever""",Boeing 777,Couple Leisure,Business Class,Toronto to Berlin via London,2017-03-01,1.0,4.0,2.0,2.0,3.0,1,2.1666666666666665,-0.6249,Negative,-0.6249,0,5,1,452,worst short haul flight ever,145
"""my last time to book with them""",A320,Solo Leisure,Economy Class,London to Istanbul,2017-03-01,2.859667633869692,3.2404661016949152,2.7091954022988505,2.636533432947329,2.755620723362659,1,2.533580549028908,0.0,Neutral,0.0,1,7,10,662,my last time to book with them,26
"""how much of a budget are they on now?""",Boeing 787-9,Couple Leisure,Economy Class,London Heathrow to Dubai,2017-03-01,4.0,1.0,1.0,3.0,4.0,1,2.3333333333333335,0.0,Neutral,0.0,1,9,8,54,how much of a budget are they on now,184
"""seats are narrow""",Boeing 747-400,Solo Leisure,Economy Class,London Heathrow to Johannesburg,2017-03-01,1.0,3.0,3.0,3.0,3.0,2,2.5,0.0,Neutral,0.0,1,3,3,275,seats are narrow,129
"""never use British Airways again""",Boeing 747,Solo Leisure,Economy Class,Montreal to Athens via Heathrow,2017-01-01,1.0,1.0,1.0,1.4,1.0,1,1.0666666666666667,0.0,Neutral,0.0,1,5,1,135,never use british airways again,117
"""just about ok for value for money""",A320,Solo Leisure,Business Class,London Heathrow to Innsbruck,2017-03-01,1.0,4.0,3.0,3.4,2.0,3,2.733333333333333,0.5574,Positive,0.5574,2,7,1,662,just about ok for value for money,26
"""disgusted, what a rip off""",A320,Business,Business Class,London Heathrow to Dublin,2017-03-01,1.0,3.0,3.0,3.4,3.0,1,2.4,-0.5267,Negative,-0.5267,0,5,3,662,disgusted what a rip off,26
"""not be flying BA again""",A320,Business,Economy Class,London to Dublin,2017-03-01,2.0,2.0,1.0,1.4,2.0,1,1.5666666666666667,0.0,Neutral,0.0,1,5,5,662,not be flying ba again,26
"""budget experience at premium price""",Boeing 777,Couple Leisure,Economy Class,London to Barbados,2017-03-01,3.0,3.0,1.0,2.0,3.0,2,2.3333333333333335,0.0,Neutral,0.0,1,5,4,452,budget experience at premium price,145
"""Tired old aircraft""",Boeing 777,Solo Leisure,Economy Class,London Heathrow to Bangkok,2017-02-01,3.0,2.0,4.0,1.0,4.0,3,2.8333333333333335,-0.4404,Negative,-0.4404,0,3,8,452,tired old aircraft,145
"""here is where the ""value"" ends""",Boeing 777-300,Solo Leisure,Economy Class,Beijing to London,2017-02-01,4.0,3.0,2.0,2.0,4.0,3,3.0,0.34,Positive,0.34,2,6,2,54,here is where the value ends,167
"""not what one expects from Business Class""",A319,Couple Leisure,Business Class,LHR to GVA,2017-03-01,2.0,4.0,4.0,2.6,2.0,2,2.766666666666667,0.0,Neutral,0.0,1,7,5,196,not what one expects from business class,10
"""Air Canada next time""",A320,Couple Leisure,Economy Class,Montreal to London Heathrow,2017-03-01,3.0,2.0,1.0,2.0,1.0,1,1.6666666666666667,0.0,Neutral,0.0,1,4,1,662,air canada next time,26
"""Will switch to Lufthansa""",Boeing 747-400 / 777-200,Family Leisure,Economy Class,GOT to SFO/PHX via LHR,2017-03-01,4.0,3.0,1.0,1.0,3.0,2,2.3333333333333335,0.0,Neutral,0.0,1,4,1,2,will switch to lufthansa,132
"""delayed 1 hour due to no cleaners""",Boeing 777,Couple Leisure,Business Class,Gatwick to Mauritius,2017-03-01,3.0,4.0,3.0,3.0,1.0,3,2.8333333333333335,-0.4767,Negative,-0.4767,0,7,6,452,delayed  hour due to no cleaners,145
"""an excellent flight""",Boeing 747-400,Couple Leisure,Business Class,San Diego to London,2017-03-01,4.0,5.0,4.0,4.0,4.0,4,4.166666666666667,0.5719,Positive,0.5719,2,3,5,275,an excellent flight,129
"""so disappointed with the service""",Boeing 777-200,Couple Leisure,Economy Class,London Heathrow to Dubai,2017-02-01,3.0,2.0,1.0,4.0,4.0,1,2.5,-0.4767,Negative,-0.4767,0,5,8,171,so disappointed with the service,157
"""tired, worn interior""",Boeing 777,Business,Business Class,Amsterdam to St Lucia via Gatwick,2017-02-01,2.0,3.0,2.0,2.0,5.0,1,2.5,-0.6249,Negative,-0.6249,0,3,1,452,tired worn interior,145
"""now charge for food and drink""",A321,Solo Leisure,Economy Class,London to Toulouse,2017-03-01,2.0,1.0,1.0,1.4,2.0,1,1.4000000000000001,0.0,Neutral,0.0,1,6,2,126,now charge for food and drink,59
"""inflated prices for food""",A320 / Boeing 777-200,Business,Economy Class,Edinburgh to Luanda via Heathrow,2017-03-01,3.0,2.0,1.0,2.0,2.0,1,1.8333333333333333,0.0,Neutral,0.0,1,4,1,1,inflated prices for food,31
"""worst airline I have ever flown""",Boeing 747-400,Solo Leisure,Economy Class,London to Las Vegas,2017-03-01,1.0,1.0,2.0,3.0,3.0,1,1.8333333333333333,-0.6249,Negative,-0.6249,0,6,4,275,worst airline i have ever flown,129
""" cutbacks are a cut too far""",Boeing 777-200,Couple Leisure,Economy Class,Gatwick to Bridgetown,2017-02-01,1.0,1.0,1.0,2.0,2.0,1,1.3333333333333333,-0.2732,Negative,-0.2732,0,7,4,171, cutbacks are a cut too far,157
"""experience was a bit shoddy""",Boeing 777,Couple Leisure,Economy Class,San Jose to Gatwick,2017-02-01,3.0,4.0,1.0,3.0,4.0,5,3.3333333333333335,0.0,Neutral,0.0,1,5,2,452,experience was a bit shoddy,145
"""not worth paying for business""",Boeing 777,Business,Business Class,Orlando to London,2017-03-01,2.0,2.0,3.0,3.0,1.0,1,2.0,-0.1695,Negative,-0.1695,0,5,5,452,not worth paying for business,145
"""not a business class product""",Boeing 787-9,Business,Business Class,Newark to London,2017-03-01,2.0,3.0,1.0,3.0,4.0,2,2.5,0.0,Neutral,0.0,1,5,2,54,not a business class product,184
"""lack of care extremely disappointing""",A380,Business,Premium Economy,Hyderabad to London,2017-03-01,3.0,1.0,3.0,4.0,1.0,2,2.3333333333333335,-0.3804,Negative,-0.3804,0,5,1,302,lack of care extremely disappointing,81
"""will not be flying BA any more""",Boeing 747,Couple Leisure,Economy Class,London to Chicago,2017-02-01,2.0,3.0,1.0,2.0,2.0,1,1.8333333333333333,0.0,Neutral,0.0,1,7,9,135,will not be flying ba any more,117
"""plane in both directions old and shabby""",Boeing 747-400,Solo Leisure,Premium Economy,LHR to YVR,2017-03-01,3.0,3.0,2.0,2.0,3.0,2,2.5,0.0,Neutral,0.0,1,7,6,275,plane in both directions old and shabby,129
"""lack of enforcement of the carry on allowance""",A320,Couple Leisure,Economy Class,London Heathrow to Gibraltar,2017-02-01,3.0,2.0,1.0,1.4,2.0,3,2.066666666666667,-0.3182,Negative,-0.3182,0,8,4,662,lack of enforcement of the carry on allowance,26
"""Inflight service was basic""",A380/A320,Solo Leisure,Economy Class,Singapore to Venice via London,2017-02-01,3.0,3.0,2.0,2.0,3.0,3,2.6666666666666665,0.0,Neutral,0.0,1,4,1,2,inflight service was basic,95
"""nothing short of chaotic""",A320,Family Leisure,Economy Class,London to Marrakech,2017-03-01,3.0,1.0,1.0,1.4,3.0,1,1.7333333333333334,0.3875,Positive,0.3875,2,4,2,662,nothing short of chaotic,26
"""British Airways have lost the plot""",Boeing 747-400,Couple Leisure,Economy Class,Cape Town to London,2017-03-01,1.0,3.0,1.0,4.0,4.0,3,2.6666666666666665,-0.3182,Negative,-0.3182,0,6,14,275,british airways have lost the plot,129
"""how the mighty have fallen""",Boeing 747-400 & A320/321,Solo Leisure,Premium Economy,Kuwait to Edinburgh via London,2017-02-01,5.0,3.0,2.0,5.0,5.0,3,3.8333333333333335,-0.3612,Negative,-0.3612,0,5,1,2,how the mighty have fallen,130
"""Hopelessly inadequate product""",A321,Couple Leisure,Business Class,London Heathrow to Pisa,2017-03-01,1.0,4.0,2.0,2.0,1.0,1,1.8333333333333333,-0.7096,Negative,-0.7096,0,3,1,126,hopelessly inadequate product,59
"""Overall a good flight""",Boeing 777-200,Couple Leisure,Business Class,St Lucia to Gatwick,2017-03-01,5.0,5.0,3.0,4.0,3.0,3,3.8333333333333335,0.4404,Positive,0.4404,2,4,5,171,overall a good flight,157
"""Very attentive and enthusiastic""",Boeing 747-400,Couple Leisure,Business Class,Cape Town to London,2017-03-01,5.0,5.0,5.0,4.0,5.0,4,4.666666666666667,0.5367,Positive,0.5367,2,4,14,275,very attentive and enthusiastic,129
"""worst airline customer service""",A320,Business,Economy Class,Tehran to Vancouver via London,2017-03-01,2.859667633869692,3.2404661016949152,2.7091954022988505,2.636533432947329,2.755620723362659,1,2.533580549028908,-0.6249,Negative,-0.6249,0,4,1,662,worst airline customer service,26
"""a sad reflection on the country""",A320,Solo Leisure,Economy Class,Malta to Gatwick,2017-02-01,2.0,3.0,1.0,1.0,1.0,1,1.5,-0.4767,Negative,-0.4767,0,6,2,662,a sad reflection on the country,26
"""poor quality budget airline""",Boeing 767,Business,Economy Class,London to Larnaca,2017-02-01,1.0,2.0,3.0,2.0,2.0,1,1.8333333333333333,-0.4767,Negative,-0.4767,0,4,7,68,poor quality budget airline,140
"""unhelpful, uncomfortable and shabby""",A380,Business,Business Class,Mumbai to Seattle via London,2017-02-01,1.0,3.0,1.0,1.0,2.0,2,1.6666666666666667,-0.3818,Negative,-0.3818,0,4,1,302,unhelpful uncomfortable and shabby,81
"""they continue to impress""",Boeing 747-400,Business,Premium Economy,Chicago to London,2017-02-01,5.0,5.0,3.0,5.0,4.0,4,4.333333333333333,0.4404,Positive,0.4404,2,4,6,275,they continue to impress,129
"""the worlds biggest rip off""",Boeing 747-400,Couple Leisure,Economy Class,Phoenix to London Heathrow,2017-02-01,1.0,2.0,1.0,1.0,2.0,1,1.3333333333333333,0.0,Neutral,0.0,1,5,2,275,the worlds biggest rip off,129
"""experience was wonderful""",Boeing 747-400,Business,Business Class,London to Chicago O'Hare,2017-02-01,5.0,5.0,5.0,4.0,5.0,5,4.833333333333333,0.5719,Positive,0.5719,2,3,1,275,experience was wonderful,129
"""a journey of disappointment""",Boeing 777,Business,Premium Economy,London to Mumbai,2017-02-01,2.0,2.0,2.0,1.0,2.0,3,2.0,-0.5106,Negative,-0.5106,0,4,6,452,a journey of disappointment,145
"""dreadful, stressful experience""",Boeing 777,Couple Leisure,Business Class,San Jose to London Gatwick,2017-02-01,4.0,3.0,1.0,1.0,1.0,1,1.8333333333333333,-0.7351,Negative,-0.7351,0,3,1,452,dreadful stressful experience,145
"""minimalistic in their service""",A320Neo,Business,Economy Class,Amman to London,2017-02-01,3.0,2.0,3.0,3.0,3.0,3,2.8333333333333335,0.0,Neutral,0.0,1,4,5,6,minimalistic in their service,57
"""major issue is their penny pinching""",A380,Solo Leisure,Economy Class,London to Miami,2016-12-01,4.0,4.0,1.0,5.0,5.0,5,4.0,0.0,Neutral,0.0,1,6,8,302,major issue is their penny pinching,81
"""rebrand to a budget airline""",A320,Business,Economy Class,Lisbon to London,2017-02-01,2.0,2.0,2.7091954022988505,2.636533432947329,3.0,2,2.390954805874363,0.0,Neutral,0.0,1,5,8,662,rebrand to a budget airline,26
"""stay where British Airways used to be""",A320,Solo Leisure,Economy Class,Berlin to London,2017-01-01,5.0,5.0,2.0,3.0,5.0,2,3.6666666666666665,0.0,Neutral,0.0,1,7,7,662,stay where british airways used to be,26
"""the worst airline so far""",A320,Solo Leisure,Economy Class,Istanbul to London,2017-02-01,3.0,5.0,1.0,1.0,3.0,2,2.5,-0.6249,Negative,-0.6249,0,5,10,662,the worst airline so far,26
"""this is an airline in decline""",Boeing 777-200,Business,First Class,London Heathrow to Chicago,2017-02-01,1.0,1.0,1.0,1.0,3.0,1,1.3333333333333333,0.0,Neutral,0.0,1,6,3,171,this is an airline in decline,157
"""this is by far the worst""",Boeing 777,Solo Leisure,Economy Class,London Heathrow to Bangkok,2017-02-01,1.0,3.0,2.0,1.0,2.0,2,1.8333333333333333,-0.6249,Negative,-0.6249,0,6,8,452,this is by far the worst,145
"""comfortable economy seat""",Boeing 777,Couple Leisure,Economy Class,Gatwick to Cape Town,2017-02-01,4.0,3.0,2.0,2.0,4.0,4,3.1666666666666665,0.5106,Positive,0.5106,2,3,2,452,comfortable economy seat,145
"""decision to downgrade service""",Boeing 787-8 / 787-9,Solo Leisure,Premium Economy,Toronto to London,2017-02-01,3.0,4.0,2.0,1.0,4.0,3,2.8333333333333335,0.0,Neutral,0.0,1,4,10,1,decision to downgrade service,179
"""no better than no frills competitors""",A319,Business,Economy Class,London Heathrow to Stuttgart,2017-02-01,1.0,2.0,1.0,1.4,1.0,1,1.2333333333333334,0.1779,Positive,0.1779,2,6,2,196,no better than no frills competitors,10
"""professional and friendly""",Boeing 747-400,Couple Leisure,Economy Class,London to Las Vegas,2017-02-01,4.0,5.0,5.0,4.0,5.0,5,4.666666666666667,0.4939,Positive,0.4939,2,3,4,275,professional and friendly,129
"""on a race to the bottom""",A320,Business,Economy Class,London Heathrow to Rome,2017-02-01,4.0,1.0,1.0,1.4,5.0,2,2.4,0.0,Neutral,0.0,1,6,3,662,on a race to the bottom,26
"""treats customers with such contempt""",Embraer 170,Solo Leisure,Economy Class,Edinburgh to London City,2017-02-01,3.0,3.0,3.0,3.4,1.0,4,2.9,-0.5859,Negative,-0.5859,0,5,4,3,treats customers with such contempt,201
"""I was highly disappointed""",Boeing 747,Couple Leisure,Economy Class,Accra to London Heathrow,2017-02-01,2.0,3.0,2.0,3.0,4.0,3,2.8333333333333335,-0.5256,Negative,-0.5256,0,4,2,135,i was highly disappointed,117
"""Short-sighted management or what?""",Boeing 777,Couple Leisure,Business Class,London Gatwick to Mauritius,2017-02-01,4.0,3.0,4.0,4.0,2.0,3,3.3333333333333335,-0.296,Negative,-0.296,0,4,2,452,shortsighted management or what,145
"""a reasonable experience""",Boeing 747-400,Solo Leisure,Economy Class,London to Vancouver,2017-02-01,2.0,5.0,4.0,3.0,4.0,3,3.5,0.0,Neutral,0.0,1,3,11,275,a reasonable experience,129
"""Flight barely a quarter full""",A380,Solo Leisure,Economy Class,Washington to London,2017-02-01,5.0,5.0,4.0,4.0,5.0,5,4.666666666666667,0.0,Neutral,0.0,1,5,10,302,flight barely a quarter full,81
"""food had no taste whatsoever""",Boeing 777,Business,Economy Class,Bangkok to London,2017-01-01,1.0,3.0,1.0,1.0,3.0,1,1.6666666666666667,-0.296,Negative,-0.296,0,5,7,2,food had no taste whatsoever,191
"""service good, food adequate""",Boeing 777,Business,Business Class,London to Hong Kong,2017-02-01,4.0,4.0,4.0,4.0,4.0,4,4.0,0.5859,Positive,0.5859,2,4,15,452,service good food adequate,145
"""flight OK with snack and drink""",A320,Business,Business Class,Paris to London,2017-02-01,3.0,4.0,3.0,3.4,4.0,4,3.5666666666666664,0.4466,Positive,0.4466,2,6,2,662,flight ok with snack and drink,26
"""British Airways has declined badly""",Boeing 747,Business,Premium Economy,Chicago to London Heathrow,2017-02-01,1.0,1.0,1.0,1.0,1.0,1,1.0,-0.4767,Negative,-0.4767,0,5,7,135,british airways has declined badly,117
"""quality of British Airways has most certainly gone downhill""","Boeing 767, A319",Family Leisure,Economy Class,London Heathrow to Rome,2017-02-01,2.0,2.0,2.0,2.0,4.0,2,2.3333333333333335,0.4005,Positive,0.4005,2,9,3,1,quality of british airways has most certainly gone downhill,142
"""crew was nice and friendly""",A319,Solo Leisure,Economy Class,London to Brussels,2017-02-01,5.0,5.0,2.0,2.0,5.0,4,3.8333333333333335,0.7184,Positive,0.7184,2,5,4,196,crew was nice and friendly,10
"""food was bland to say the least""",Boeing 777-200,Couple Leisure,Economy Class,Dublin to Seattle via London Heathrow,2017-02-01,2.0,5.0,1.0,3.0,1.0,3,2.5,0.0,Neutral,0.0,1,7,1,171,food was bland to say the least,157
"""BA is now a low cost carrier""",Boeing 767-300,Business,Economy Class,London Heathrow to Athens,2017-02-01,2.0,2.0,1.0,1.0,2.0,2,1.6666666666666667,-0.2732,Negative,-0.2732,0,7,2,5,ba is now a low cost carrier,143
"""British Airways was a shock""",Boeing 777,Business,Business Class,Doha to London Heathrow,2017-02-01,1.0,1.0,1.0,4.0,3.0,2,2.0,-0.3818,Negative,-0.3818,0,5,4,452,british airways was a shock,145
"""Will never touch British Airways again""",A320,Solo Leisure,Economy Class,Orlando to London Heathrow,2017-01-01,1.0,1.0,1.0,3.0,1.0,1,1.3333333333333333,0.0,Neutral,0.0,1,6,1,662,will never touch british airways again,26
"""equal to Ryanair and EasyJet""",A319,Solo Leisure,Economy Class,LBA to LHR,2017-02-01,3.0,2.0,1.0,1.4,4.0,3,2.4,0.0,Neutral,0.0,1,5,3,196,equal to ryanair and easyjet,10
"""they couldn't do anything for me""",A319,Solo Leisure,Economy Class,Vienna to Los Angeles via London,2016-12-01,2.0,3.0,3.0,3.0,1.0,1,2.1666666666666665,0.0,Neutral,0.0,1,6,1,196,they couldnt do anything for me,10
"""next time I will fly Ryanair""",Boeing 747-400,Family Leisure,Economy Class,Heathrow to Innsbruck,2017-02-01,1.0,1.0,1.0,1.4,4.0,1,1.5666666666666667,0.0,Neutral,0.0,1,6,1,275,next time i will fly ryanair,129
"""turning a once great airline into low cost """,A380,Business,Economy Class,Los Angeles to London,2017-02-01,2.0,1.0,1.0,1.0,2.0,1,1.3333333333333333,0.4588,Positive,0.4588,2,9,12,302,turning a once great airline into low cost ,81
"""service is like budget airlines""",A319,Couple Leisure,Economy Class,Gatwick to Barcelona,2017-01-01,1.0,1.0,1.0,1.4,1.0,1,1.0666666666666667,0.3612,Positive,0.3612,2,5,4,196,service is like budget airlines,10
"""quality dropped dramatically""",A380,Solo Leisure,Economy Class,London to Rio de Janeiro,2016-10-01,1.0,1.0,1.0,2.0,1.0,2,1.3333333333333333,0.0,Neutral,0.0,1,3,1,302,quality dropped dramatically,81
"""I will never fly with BA again""",Boeing 747,Family Leisure,Economy Class,London to New York,2016-12-01,3.0,2.0,1.0,3.0,3.0,1,2.1666666666666665,0.0,Neutral,0.0,1,7,9,135,i will never fly with ba again,117
"""overall a good experience""",Boeing 777,Couple Leisure,Economy Class,TPA to ATH via LGW,2017-02-01,4.0,5.0,4.0,3.0,5.0,5,4.333333333333333,0.4404,Positive,0.4404,2,4,1,452,overall a good experience,145
"""good arrival lounge at LHR""",A380,Solo Leisure,Business Class,Hong Kong to London,2017-01-01,4.0,4.0,3.0,3.0,4.0,5,3.8333333333333335,0.4404,Positive,0.4404,2,5,11,302,good arrival lounge at lhr,81
"""learn from other airlines""",A320,Business,Business Class,LHR to IST,2017-01-01,2.859667633869692,3.2404661016949152,2.7091954022988505,2.636533432947329,1.0,1,2.2409770951351313,0.0,Neutral,0.0,1,4,7,662,learn from other airlines,26
"""exceed my expectation""",Boeing 777-200ER,Solo Leisure,Business Class,London to Berlin,2017-01-01,3.0,4.0,4.0,2.6,3.0,4,3.4333333333333336,0.0,Neutral,0.0,1,3,3,10,exceed my expectation,163
"""these were pleasant flights""",A320,Solo Leisure,Business Class,Gatwick to Salzburg,2017-01-01,4.0,4.0,4.0,2.6,5.0,5,4.1000000000000005,0.5106,Positive,0.5106,2,4,1,662,these were pleasant flights,26
"""British Airways, you need improve""",Boeing 777-200ER,Couple Leisure,Economy Class,Gatwick to Barbados,2017-01-01,2.0,3.0,1.0,1.0,3.0,2,2.0,0.4404,Positive,0.4404,2,5,6,10,british airways you need improve,163
"""the wines are not good""",A320,Business,Economy Class,Bordeaux to London Gatwick,2017-01-01,2.0,3.0,2.0,2.0,5.0,5,3.1666666666666665,-0.3412,Negative,-0.3412,0,5,2,662,the wines are not good,26
"""attentive, friendly cabin crew""",A380,Couple Leisure,Business Class,LHR to SFO,2017-01-01,5.0,5.0,5.0,4.0,1.0,4,4.0,0.4939,Positive,0.4939,2,4,9,302,attentive friendly cabin crew,81
"""stooped to its lowest level""",E190,Business,Economy Class,Aberdeen to Paris via Heathrow,2017-01-01,3.0,3.0,1.0,1.4,4.0,2,2.4,-0.3818,Negative,-0.3818,0,5,1,4,stooped to its lowest level,198
"""brand suicide at its worst""",A320,Solo Leisure,Economy Class,London Heathrow to Copenhagen,2017-02-01,3.0,4.0,2.7091954022988505,2.636533432947329,4.0,3,3.224288139207696,-0.8625,Negative,-0.8625,0,5,1,662,brand suicide at its worst,26
"""decent value for the money""",A380,Solo Leisure,Economy Class,LHR to IAD,2017-01-01,3.0,5.0,5.0,5.0,5.0,5,4.666666666666667,0.34,Positive,0.34,2,5,6,302,decent value for the money,81
"""fallen behind other airlines""",Boeing 777,Solo Leisure,Business Class,LHR to HKG,2017-01-01,1.0,2.0,2.0,2.0,1.0,2,1.6666666666666667,-0.3612,Negative,-0.3612,0,4,9,452,fallen behind other airlines,145
"""friendly and efficient service""",Boeing 777,Couple Leisure,Economy Class,London Gatwick to Mauritius,2017-01-01,4.0,5.0,4.0,4.0,4.0,4,4.166666666666667,0.7184,Positive,0.7184,2,4,2,452,friendly and efficient service,145
"""Travel Nightmare""",A380,Couple Leisure,Economy Class,LAX to NCE via LHR,2017-01-01,3.0,2.0,3.0,2.0,1.0,1,2.0,0.0,Neutral,0.0,1,2,1,302,travel nightmare,81
"""reputation is on the slide""",Boeing 747-400,Business,Economy Class,Zurich to London,2017-01-01,2.0,2.0,1.0,1.0,3.0,2,1.8333333333333333,0.0,Neutral,0.0,1,5,5,275,reputation is on the slide,129
"""dreadful business class experience""",A320,Solo Leisure,Business Class,London Gatwick to Barcelona,2017-01-01,1.0,1.0,1.0,1.4,1.0,1,1.0666666666666667,-0.4404,Negative,-0.4404,0,4,1,662,dreadful business class experience,26
"""slipped to low budget airline""",A320,Solo Leisure,Economy Class,SOF to LHR,2017-01-01,1.0,1.0,1.0,1.4,2.0,1,1.2333333333333334,-0.2732,Negative,-0.2732,0,5,2,662,slipped to low budget airline,26
"""still my first choice""",A380 / Boeing 777,Solo Leisure,Premium Economy,IAD to BCN via LHR,2017-01-01,5.0,5.0,5.0,3.4,5.0,5,4.733333333333333,0.0,Neutral,0.0,1,4,1,4,still my first choice,85
"""looked as if 20 years old""",Boeing 747,Solo Leisure,Economy Class,YVR to LHR,2017-01-01,3.0,5.0,5.0,3.0,5.0,4,4.166666666666667,0.0,Neutral,0.0,1,6,4,135,looked as if  years old,117
"""no better than Ryanair now""",A320,Business,Economy Class,LHR to MXP,2017-01-01,1.0,1.0,1.0,1.0,2.0,3,1.5,0.4404,Positive,0.4404,2,5,1,662,no better than ryanair now,26
"""Inflight food shocking""",Boeing 777,Couple Leisure,Economy Class,LGW to BGI,2017-01-01,4.0,5.0,1.0,4.0,4.0,2,3.3333333333333335,-0.4019,Negative,-0.4019,0,3,6,452,inflight food shocking,145
"""how the mighty have fallen""",A380,Couple Leisure,Economy Class,London to Johannesburg,2016-09-01,4.0,2.0,1.0,3.0,2.0,2,2.3333333333333335,-0.3612,Negative,-0.3612,0,5,21,302,how the mighty have fallen,81
"""did not receive a free glass of water""",A320,Business,Economy Class,London to Zurich,2017-01-01,2.0,1.0,1.0,1.4,2.0,1,1.4000000000000001,-0.4023,Negative,-0.4023,0,8,3,662,did not receive a free glass of water,26
"""a par with low cost standards""",A321,Business,Economy Class,MAD to LHR,2017-01-01,2.0,3.0,1.0,1.0,3.0,1,1.8333333333333333,-0.2732,Negative,-0.2732,0,6,2,126,a par with low cost standards,59
"""good experience both flights""",Boeing 777,Solo Leisure,First Class,LHR to PHL,2017-01-01,5.0,4.0,4.0,4.0,4.0,5,4.333333333333333,0.4404,Positive,0.4404,2,4,3,452,good experience both flights,145
"""they have lost absolutely their unique selling points""",A320,Business,Business Class,MLA to LGW,2017-01-01,2.0,3.0,2.7091954022988505,2.636533432947329,3.0,2,2.55762147254103,-0.3182,Negative,-0.3182,0,8,3,662,they have lost absolutely their unique selling points,26
"""vowed to never fly with BA""",A320,Solo Leisure,Economy Class,London to Abuja,2016-12-01,1.0,1.0,1.0,1.0,1.0,1,1.0,0.0,Neutral,0.0,1,6,1,662,vowed to never fly with ba,26
"""treating premium passengers with contempt""",Boeing 747-400,Couple Leisure,First Class,LHR to CPT,2017-01-01,3.0,5.0,4.0,2.0,3.0,3,3.3333333333333335,-0.5859,Negative,-0.5859,0,5,9,275,treating premium passengers with contempt,129
"""cost saving is clearly evident""",Boeing 747-400,Business,First Class,LHR to ORD,2017-01-01,2.0,3.0,2.0,3.0,2.0,2,2.3333333333333335,0.4019,Positive,0.4019,2,5,3,275,cost saving is clearly evident,129
"""as different as night and day""",Boeing 747 / A380,Solo Leisure,Business Class,SFO to JNB via LHR,2017-01-01,4.0,3.0,3.0,3.0,4.0,3,3.3333333333333335,0.0,Neutral,0.0,1,6,1,1,as different as night and day,122
"""letting themselves down badly""",A321,Couple Leisure,Economy Class,Larnaca to London Heathrow,2017-01-01,3.0,5.0,1.0,1.0,5.0,1,2.6666666666666665,-0.4767,Negative,-0.4767,0,4,6,126,letting themselves down badly,59
"""service was really good""",A320,Couple Leisure,Economy Class,London to Manchester,2016-08-01,5.0,5.0,3.0,1.0,5.0,3,3.6666666666666665,0.4927,Positive,0.4927,2,4,4,662,service was really good,26
"""narrower seats than other airlines""",Boeing 787,Couple Leisure,Business Class,Lisbon to San Jose via London,2016-10-01,3.0,4.0,4.0,3.0,3.0,4,3.5,0.0,Neutral,0.0,1,5,1,97,narrower seats than other airlines,172
"""worst customer service""",Boeing 747-400,Business,Premium Economy,LHR to PHX,2016-08-01,1.0,1.0,1.0,1.0,1.0,1,1.0,-0.6249,Negative,-0.6249,0,3,3,275,worst customer service,129
"""can only be described as appalling""",Boeing 777,Couple Leisure,Business Class,Gatwick to Tampa,2017-01-01,3.0,3.0,2.0,2.0,1.0,1,2.0,-0.3612,Negative,-0.3612,0,6,1,452,can only be described as appalling,145
"""the aircraft was filthy""",Boeing 747,Solo Leisure,Economy Class,Miami to London,2017-01-01,2.0,1.0,1.0,1.0,2.0,1,1.3333333333333333,0.0,Neutral,0.0,1,4,7,135,the aircraft was filthy,117
"""horrible food, unmotivated crew""",Boeing 747,Business,Economy Class,LHR to DXB,2017-01-01,2.0,2.0,1.0,2.0,1.0,2,1.6666666666666667,-0.7096,Negative,-0.7096,0,4,8,135,horrible food unmotivated crew,117
"""will never fly with BA again""",Boeing 777,Couple Leisure,Business Class,CDG to LHR,2016-12-01,2.0,3.0,2.0,2.0,1.0,1,1.8333333333333333,0.0,Neutral,0.0,1,6,2,452,will never fly with ba again,145
"""not fair for the fare""",Boeing 777,Couple Leisure,Business Class,BKK to CDG via LHR,2017-01-01,2.0,5.0,1.0,1.0,1.0,1,1.8333333333333333,-0.2411,Negative,-0.2411,0,5,1,452,not fair for the fare,145
"""ludicrous approach to carry on baggage""",A320,Solo Leisure,Economy Class,GLA to LGW,2016-12-01,1.0,4.0,1.0,1.4,4.0,2,2.2333333333333334,-0.3612,Negative,-0.3612,0,6,1,662,ludicrous approach to carry on baggage,26
"""a very good airline""",Boeing 777,Solo Leisure,Economy Class,BKK to LHR,2017-01-01,5.0,5.0,5.0,5.0,5.0,5,5.0,0.4927,Positive,0.4927,2,4,13,452,a very good airline,145
"""way below BA's competitors""",Boeing 747-400,Couple Leisure,Business Class,LHR to CPT,2017-01-01,3.0,3.0,3.0,3.0,4.0,3,3.1666666666666665,0.0,Neutral,0.0,1,4,9,275,way below bas competitors,129
"""would I fly in BA First again? No""",Boeing 787-9,Solo Leisure,First Class,LHR to KUL,2016-11-01,3.0,1.0,1.0,3.0,3.0,1,2.0,0.0,Neutral,0.0,1,8,7,54,would i fly in ba first again no,184
"""reduced to that of a budget airline""",A320,Solo Leisure,Economy Class,LED to LHR,2017-01-01,3.0,4.0,1.0,1.0,4.0,2,2.5,0.0,Neutral,0.0,1,7,1,662,reduced to that of a budget airline,26
"""a budget airline at premium airline prices""",Boeing 777,Business,Economy Class,LGW to CUN,2016-11-01,2.0,2.0,1.0,3.0,2.0,2,2.0,0.0,Neutral,0.0,1,7,3,452,a budget airline at premium airline prices,145
"""incompetence and insincerity""",Boeing 747-400,Family Leisure,Premium Economy,PVG to ZRH via LHR,2016-10-01,1.0,1.0,2.7091954022988505,2.636533432947329,1.0,1,1.5576214725410298,-0.6908,Negative,-0.6908,0,3,1,275,incompetence and insincerity,129
"""plane had not been cleaned well""",Boeing 777,Couple Leisure,Business Class,LGW to BGI,2016-12-01,1.0,1.0,1.0,1.0,1.0,1,1.0,-0.2057,Negative,-0.2057,0,6,6,452,plane had not been cleaned well,145
"""felt I was flying with a low cost airline""",Boeing 747-400,Solo Leisure,Economy Class,JFK to LHR,2017-01-01,3.0,3.0,2.0,2.0,2.0,3,2.5,-0.2732,Negative,-0.2732,0,9,10,275,felt i was flying with a low cost airline,129
"""will never fly them again""",A320,Solo Leisure,Economy Class,London to Frankfurt,2016-07-01,4.0,4.0,3.0,3.4,2.0,2,3.0666666666666664,0.0,Neutral,0.0,1,5,5,662,will never fly them again,26
"""see no point in using BA now""",A320,Business,Economy Class,ATH to LHR,2017-01-01,4.0,1.0,1.0,1.4,3.0,1,1.9000000000000001,-0.296,Negative,-0.296,0,7,7,662,see no point in using ba now,26
"""no appeal whatsoever anymore""",A320,Couple Leisure,Economy Class,FUE to LGW,2017-01-01,2.0,3.0,1.0,1.4,4.0,3,2.4,0.0,Neutral,0.0,1,4,1,662,no appeal whatsoever anymore,26
"""arrivals lounge at LHR was great""",Boeing 777,Solo Leisure,Business Class,IAH to LHR,2017-01-01,4.0,2.0,4.0,4.0,4.0,4,3.6666666666666665,0.6249,Positive,0.6249,2,6,1,452,arrivals lounge at lhr was great,145
"""business class in need of major refurbishment""",Boeing 777,Couple Leisure,Business Class,LGW to CUN,2016-12-01,3.0,3.0,1.0,1.0,3.0,2,2.1666666666666665,0.0,Neutral,0.0,1,7,3,452,business class in need of major refurbishment,145
"""we don't deserve the shoddy treatment""",Boeing 777,Family Leisure,Economy Class,LHR to DFW,2016-12-01,3.0,1.0,1.0,4.0,4.0,2,2.5,0.0,Neutral,0.0,1,6,2,452,we dont deserve the shoddy treatment,145
"""profit at any price""",Boeing 777,Solo Leisure,Business Class,LHR to HKG,2017-01-01,3.0,2.0,2.0,4.0,1.0,1,2.1666666666666665,0.4404,Positive,0.4404,2,4,9,452,profit at any price,145
"""joined budget airline bunch""",Boeing 747-400,Business,Economy Class,LHR to PRG,2017-01-01,4.0,1.0,2.7091954022988505,2.636533432947329,2.0,1,2.2242881392076965,0.0,Neutral,0.0,1,4,3,275,joined budget airline bunch,129
"""service was great throughout""",A321,Solo Leisure,Business Class,LHR to AMM,2017-01-01,5.0,5.0,3.0,3.0,3.0,4,3.8333333333333335,0.6249,Positive,0.6249,2,4,1,126,service was great throughout,59
"""overall a good experience""",A320 / Boeing 767,Family Leisure,Economy Class,LHR to FCO,2017-01-01,4.0,5.0,4.0,2.6,5.0,4,4.1000000000000005,0.4404,Positive,0.4404,2,4,2,4,overall a good experience,29
"""British Airways has lost it class""",Boeing 747-400,Couple Leisure,Economy Class,London Heathrow to Miami,2017-01-01,3.0,1.0,1.0,1.0,1.0,1,1.3333333333333333,-0.3182,Negative,-0.3182,0,6,7,275,british airways has lost it class,129
"""make sure you pack a sandwich""",Boeing 777,Couple Leisure,Economy Class,LGW to BGI,2017-01-01,1.0,2.0,1.0,2.0,2.0,2,1.6666666666666667,0.3182,Positive,0.3182,2,6,6,452,make sure you pack a sandwich,145
"""inflight entertainment didn't work""",Boeing 787,Couple Leisure,Economy Class,KUL to LHR,2016-12-01,1.0,3.0,2.0,1.0,4.0,2,2.1666666666666665,0.4215,Positive,0.4215,2,4,5,97,inflight entertainment didnt work,172
"""experience was excellent""",A320,Couple Leisure,Economy Class,ATH to LHR,2017-01-01,4.0,5.0,3.0,3.4,5.0,4,4.066666666666666,0.5719,Positive,0.5719,2,3,7,662,experience was excellent,26
"""one of the worst airlines""",A320 / A380,Solo Leisure,Economy Class,MAN to LAX via LHR,2017-01-01,2.0,3.0,2.0,1.0,1.0,1,1.6666666666666667,-0.6249,Negative,-0.6249,0,5,2,6,one of the worst airlines,27
"""1 hour in the horrific queue""",Boeing 747- 400,Solo Leisure,Economy Class,MAN to LAS via LHR,2016-12-01,1.0,1.0,1.0,1.0,1.0,1,1.0,-0.6597,Negative,-0.6597,0,6,2,3, hour in the horrific queue,127
"""have once again been disappointed by British Airways""",Boeing 747,Family Leisure,Business Class,MIA to LHR,2017-01-01,1.0,4.0,3.0,3.0,4.0,1,2.6666666666666665,-0.4767,Negative,-0.4767,0,8,6,135,have once again been disappointed by british airways,117
"""cabin staff stomp up and down the aisle""",Boeing 777,Couple Leisure,Economy Class,SYD to LHR,2016-12-01,1.0,1.0,1.0,1.0,1.0,1,1.0,0.0,Neutral,0.0,1,8,1,452,cabin staff stomp up and down the aisle,145
"""too much cost cutting""",Boeing 777,Couple Leisure,Business Class,CDG to BKK via LHR,2016-12-01,2.0,4.0,1.0,1.0,1.0,1,1.6666666666666667,-0.128,Negative,-0.128,0,4,2,452,too much cost cutting,145
"""disappointing business class""",Boeing 777,Couple Leisure,Business Class,LHR to HKG,2017-01-01,1.0,4.0,4.0,2.0,3.0,1,2.5,-0.4939,Negative,-0.4939,0,3,9,452,disappointing business class,145
"""cabin crew excelled throughout """,Boeing 787-9,Solo Leisure,Business Class,YYZ to LHR,2016-12-01,3.0,5.0,4.0,4.0,4.0,4,4.0,0.4939,Positive,0.4939,2,5,6,54,cabin crew excelled throughout ,184
"""tired, grey Boeing 777 interior""",Boeing 777,Couple Leisure,Economy Class,LHR to LIM,2016-12-01,3.0,3.0,3.0,3.0,3.0,3,3.0,-0.4019,Negative,-0.4019,0,5,1,452,tired grey boeing  interior,145
"""airline is going down fast""",A320,Solo Leisure,Economy Class,ATH to LHR,2017-01-01,1.0,2.0,1.0,1.0,1.0,1,1.1666666666666667,0.0,Neutral,0.0,1,5,7,662,airline is going down fast,26
"""a very dated experience""",Boeing 747-400,Solo Leisure,Economy Class,ARN to DEN via LHR,2016-12-01,3.0,4.0,2.0,1.0,1.0,2,2.1666666666666665,0.0,Neutral,0.0,1,4,1,275,a very dated experience,129
"""disappointed with lack of food""",Boeing 777,Solo Leisure,Economy Class,IKA to LHR,2017-01-01,4.0,4.0,2.0,4.0,4.0,3,3.5,-0.6597,Negative,-0.6597,0,5,1,452,disappointed with lack of food,145
"""pay more for another airline""",Boeing 747,Solo Leisure,Economy Class,CUN to LGW,2016-12-01,3.0,4.0,2.0,3.0,4.0,2,3.0,-0.1027,Negative,-0.1027,0,5,1,135,pay more for another airline,117
"""never fly British Airways again""",Boeing 777,Couple Leisure,Economy Class,MAD to YUL via LHR,2016-12-01,1.0,1.0,2.7091954022988505,2.636533432947329,1.0,1,1.5576214725410298,0.0,Neutral,0.0,1,5,1,452,never fly british airways again,145
"""offered excellent attentive service""",Boeing 747-400,Couple Leisure,First Class,MAN to SAN via LHR,2016-12-01,4.0,5.0,4.0,4.0,4.0,4,4.166666666666667,0.5719,Positive,0.5719,2,4,1,275,offered excellent attentive service,129
"""crew were helpful and attentive""",Boeing 777-200ER,Family Leisure,Economy Class,LGW to TPA,2016-11-01,3.0,4.0,4.0,3.0,5.0,3,3.6666666666666665,0.4215,Positive,0.4215,2,5,3,10,crew were helpful and attentive,163
"""stood waiting for assistance""",Boeing 747-400,Family Leisure,Economy Class,DXB to LHR,2016-12-01,1.0,1.0,1.0,2.0,1.0,1,1.1666666666666667,0.0,Neutral,0.0,1,4,4,275,stood waiting for assistance,129
"""A380 is state of the art""",A380,Solo Leisure,Premium Economy,LAX to LHR,2016-09-01,5.0,4.0,4.0,5.0,5.0,5,4.666666666666667,0.0,Neutral,0.0,1,6,2,302,a is state of the art,81
"""appreciation to be passed on""",A319,Couple Leisure,Economy Class,BUD to LHR,2016-12-01,5.0,5.0,3.0,3.4,5.0,5,4.3999999999999995,0.5106,Positive,0.5106,2,5,2,196,appreciation to be passed on,10
"""a dirty seat and cabin""",Boeing 747-400,Couple Leisure,Business Class,FRA to CPT via LHR,2016-12-01,4.0,5.0,2.0,3.0,4.0,4,3.6666666666666665,-0.4404,Negative,-0.4404,0,5,1,275,a dirty seat and cabin,129
"""no customer loyalty sought""",Boeing 787,Couple Leisure,Economy Class,BWI to LHR,2016-12-01,2.0,3.0,2.0,3.0,1.0,1,2.0,0.5423,Positive,0.5423,2,4,1,97,no customer loyalty sought,172
"""not allowed to choose a seat""",Boeing 747-400,Business,Economy Class,LHR to PRG,2016-12-01,2.0,3.0,2.0,2.0,2.0,1,2.0,0.0,Neutral,0.0,1,6,3,275,not allowed to choose a seat,129
"""the staff were on the ball""",Boeing 787,Couple Leisure,Premium Economy,BKK to LHR,2016-12-01,4.0,4.0,2.0,5.0,4.0,3,3.6666666666666665,0.0,Neutral,0.0,1,6,13,97,the staff were on the ball,172
"""give this rotten airline 0/10""",A230,Solo Leisure,Premium Economy,DXB to YYZ via LHR,2016-12-01,2.0,4.0,2.0,1.0,1.0,1,1.8333333333333333,-0.5106,Negative,-0.5106,0,5,1,3,give this rotten airline ,8
"""contempt for its customers""",A320,Business,Economy Class,LHR to CPH,2016-12-01,1.0,1.0,1.0,1.0,1.0,1,1.0,-0.5859,Negative,-0.5859,0,4,3,662,contempt for its customers,26
"""run by bean counters""",Boeing 777,Couple Leisure,Economy Class,LGW to ANU,2016-12-01,3.0,3.0,1.0,2.0,1.0,2,2.0,0.0,Neutral,0.0,1,4,2,452,run by bean counters,145
"""terrible customer care""",A380,Business,Economy Class,KBP to BFS via LHR,2016-12-01,3.0,5.0,4.0,2.0,1.0,2,2.8333333333333335,0.0258,Neutral,0.0258,1,3,1,302,terrible customer care,81
"""very friendly cabin crew""",Boeing 747-400,Solo Leisure,Economy Class,LHR to CPT,2016-12-01,4.0,5.0,4.0,5.0,3.0,5,4.333333333333333,0.5413,Positive,0.5413,2,4,9,275,very friendly cabin crew,129
"""surly and generally unhelpful""",Boeing 777,Couple Leisure,Premium Economy,BKK to MAN via LHR,2016-12-01,1.0,1.0,1.0,1.0,1.0,1,1.0,0.0,Neutral,0.0,1,4,1,452,surly and generally unhelpful,145
"""It was hard as rock and very uncomfortable""",Boeing 777-200,Couple Leisure,First Class,UVF to LGW,2016-12-01,1.0,3.0,2.0,1.0,4.0,1,2.0,-0.5095,Negative,-0.5095,0,8,3,171,it was hard as rock and very uncomfortable,157
"""convenient to where I live""",A320 / Boeing 767,Business,Economy Class,LHR to EDI,2016-12-01,4.0,3.0,1.0,1.4,4.0,3,2.733333333333333,0.0,Neutral,0.0,1,5,6,4,convenient to where i live,29
"""heartily recommend""",A380,Couple Leisure,Business Class,LHR to HKG,2016-12-01,4.0,5.0,5.0,4.0,4.0,4,4.333333333333333,0.3612,Positive,0.3612,2,2,9,302,heartily recommend,81
"""seats are so narrow""",Boeing 777,Solo Leisure,Economy Class,LHR to EZE,2016-12-01,1.0,2.0,2.0,1.0,2.0,2,1.6666666666666667,0.0,Neutral,0.0,1,4,2,452,seats are so narrow,145
"""food was miserable""",A380,Solo Leisure,Economy Class,HKG to LHR,2016-12-01,1.0,3.0,3.0,1.0,3.0,4,2.5,-0.4939,Negative,-0.4939,0,3,9,302,food was miserable,81
"""the staff then disappeared""",Boeing 777,Couple Leisure,Premium Economy,LHR to BKK,2016-11-01,3.0,1.0,2.0,1.0,3.0,2,2.0,-0.2263,Negative,-0.2263,0,4,10,452,the staff then disappeared,145
"""quality and quantity was extremely poor""",Boeing 777,Couple Leisure,Economy Class,IAD to DEL via LHR,2016-12-01,3.0,3.0,2.0,3.0,3.0,3,2.8333333333333335,-0.5256,Negative,-0.5256,0,6,1,452,quality and quantity was extremely poor,145
"""a cheap airline that cannot be relied on""",Boeing 747,Business,Premium Economy,SAN to SVQ via LHR,2016-12-01,4.0,4.0,1.0,4.0,1.0,1,2.5,0.0,Neutral,0.0,1,8,1,135,a cheap airline that cannot be relied on,117
"""did not get what we paid for""",Boeing 777,Family Leisure,Premium Economy,LHR to PHL,2016-10-01,1.0,1.0,2.0,2.0,1.0,1,1.3333333333333333,0.0,Neutral,0.0,1,7,3,452,did not get what we paid for,145
"""not up to par with competitors""",Boeing 747,Business,Business Class,DFW to BOM via LHR,2016-11-01,3.0,2.0,2.0,2.0,3.0,3,2.5,0.0,Neutral,0.0,1,6,1,135,not up to par with competitors,117
"""profoundly uncomfortable when fully flat""",Boeing 787-900,Solo Leisure,Business Class,LHR to AUS,2016-12-01,2.0,4.0,3.0,3.0,4.0,2,3.0,-0.3818,Negative,-0.3818,0,5,2,8,profoundly uncomfortable when fully flat,190
"""had a good flight on the A380""",A380,Business,Business Class,LHR to HKG,2016-12-01,4.0,4.0,4.0,3.0,4.0,5,4.0,0.4404,Positive,0.4404,2,7,9,302,had a good flight on the a,81
"""extremely rude and aggressive""",Boeing 777,Business,Premium Economy,MAN to PVG via LHR,2016-12-01,1.0,1.0,1.0,1.0,1.0,1,1.0,-0.6318,Negative,-0.6318,0,4,1,452,extremely rude and aggressive,145
"""quite enjoyable flights both ways""",A380 and Boeing 777,Solo Leisure,Premium Economy,IAD to LHR,2016-12-01,5.0,5.0,5.0,3.4,5.0,5,4.733333333333333,0.4927,Positive,0.4927,2,5,2,1,quite enjoyable flights both ways,92
"""poor facilities BA now provide""",Boeing 787,Business,Business Class,CTU to LHR,2016-12-01,2.0,3.0,1.0,2.0,2.0,1,1.8333333333333333,-0.4767,Negative,-0.4767,0,5,1,97,poor facilities ba now provide,172
"""disinterested and unhelpful""",Boeing 777-200,Couple Leisure,Economy Class,LGW to MCO,2016-12-01,3.0,2.0,1.0,2.0,3.0,1,2.0,0.0,Neutral,0.0,1,3,4,171,disinterested and unhelpful,157
"""service .. we don't really care""",Boeing 777,Solo Leisure,Premium Economy,LHR to SEA,2016-12-01,3.0,2.0,2.0,3.0,4.0,3,2.8333333333333335,-0.43,Negative,-0.43,0,6,3,452,service  we dont really care,145
"""great little short hop""",A320,Solo Leisure,Economy Class,MAN to LHR,2016-11-01,4.0,5.0,4.0,2.6,3.0,4,3.766666666666667,0.6249,Positive,0.6249,2,4,1,662,great little short hop,26
"""manage a trolley service """,Boeing 747-400,Solo Leisure,Economy Class,LHR to MAN,2016-11-01,4.0,5.0,4.0,2.6,4.0,4,3.9333333333333336,0.0,Neutral,0.0,1,5,2,275,manage a trolley service ,129
"""like some cut-rate budget airline""",Boeing 777,Business,Premium Economy,NBO to LHR,2016-12-01,2.0,3.0,1.0,3.0,2.0,1,2.0,0.3612,Positive,0.3612,2,5,2,452,like some cutrate budget airline,145
"""meal left a little to be desired""",Boeing 777,Solo Leisure,Business Class,SEA to LHR,2016-11-01,4.0,3.0,3.0,4.0,2.0,2,3.0,0.2111,Positive,0.2111,2,7,2,452,meal left a little to be desired,145
"""another disappointing experience from BA""",Boeing 777-200,Couple Leisure,First Class,LGW to UVF,2016-12-01,3.0,2.0,1.0,1.0,1.0,1,1.5,-0.4939,Negative,-0.4939,0,5,4,171,another disappointing experience from ba,157
"""not very friendly or helpful""",Boeing 777-300 / A380,Business,Economy Class,SYD to LHR via SIN,2016-12-01,3.0,2.0,2.0,3.0,4.0,4,3.0,0.0564,Positive,0.0564,2,5,4,1,not very friendly or helpful,168
"""paid to book 2 seats, both broken""",Boeing 747-400,Couple Leisure,Economy Class,LHR to CPT,2016-11-01,1.0,1.0,1.0,2.0,4.0,1,1.6666666666666667,-0.4767,Negative,-0.4767,0,7,9,275,paid to book  seats both broken,129
"""a little disappointed""",Boeing 787,Couple Leisure,Premium Economy,LHR to YYC,2016-10-01,5.0,5.0,3.0,4.0,5.0,4,4.333333333333333,-0.4228,Negative,-0.4228,0,3,5,97,a little disappointed,172
"""nothing good to say about this trip""",A320,Business,Business Class,LHR to LIS,2016-12-01,1.0,2.0,1.0,1.0,1.0,1,1.1666666666666667,-0.3412,Negative,-0.3412,0,7,3,662,nothing good to say about this trip,26
"""I would not recommend BA""",A380 800,Couple Leisure,Economy Class,LHR to HKG,2016-11-01,1.0,2.0,1.0,4.0,3.0,2,2.1666666666666665,-0.2755,Negative,-0.2755,0,5,9,1,i would not recommend ba,87
"""aircraft are very old""",Boeing 777,Family Leisure,Economy Class,LHR to BKK,2016-12-01,2.0,2.0,2.0,1.0,4.0,2,2.1666666666666665,0.0,Neutral,0.0,1,4,10,452,aircraft are very old,145
"""the crew were pleasant and efficient""",A321,Couple Leisure,Business Class,LHR to MAD,2016-12-01,4.0,4.0,4.0,2.6,4.0,3,3.6,0.7269,Positive,0.7269,2,6,2,126,the crew were pleasant and efficient,59
"""hit a new low for me""",Boeing 777,Couple Leisure,Business Class,SIN to  SYD,2016-12-01,2.0,1.0,2.0,2.0,1.0,1,1.5,-0.2732,Negative,-0.2732,0,6,1,452,hit a new low for me,145
"""one of the worst journeys""",A380,Couple Leisure,Economy Class,HKG to LHR,2016-11-01,1.0,1.0,1.0,1.0,1.0,1,1.0,-0.6249,Negative,-0.6249,0,5,9,302,one of the worst journeys,81
"""relegating to a low cost airline""",767-300,Couple Leisure,Economy Class,LHR to ARN,2016-12-01,2.0,4.0,1.0,1.4,4.0,3,2.566666666666667,-0.2732,Negative,-0.2732,0,6,3,3,relegating to a low cost airline,0
"""closer to low-cost carriers""",A321,Business,Business Class,LHR to ZRH,2016-11-01,1.0,2.0,1.0,1.0,3.0,1,1.5,0.0,Neutral,0.0,1,4,4,126,closer to lowcost carriers,59
"""the service was merely adequate""",Boeing 777,Couple Leisure,Business Class,LGW to MRU,2016-11-01,2.0,1.0,2.0,2.0,4.0,1,2.0,0.2263,Positive,0.2263,2,5,3,452,the service was merely adequate,145
"""absolute disgrace""",A320,Solo Leisure,Economy Class,LHR to IST,2016-01-01,3.0,3.0,3.0,3.0,1.0,1,2.3333333333333335,-0.4939,Negative,-0.4939,0,2,7,662,absolute disgrace,26
"""it was not a pleasant flight""",A380,Family Leisure,Economy Class,LHR to HKG,2016-11-01,1.0,2.0,2.7091954022988505,2.636533432947329,3.0,2,2.2242881392076965,-0.4023,Negative,-0.4023,0,6,9,302,it was not a pleasant flight,81
"""greatest assets is its cabin crew""",A380,Business,First Class,SIN to LHR,2016-11-01,5.0,5.0,5.0,4.0,3.0,4,4.333333333333333,0.7096,Positive,0.7096,2,6,6,302,greatest assets is its cabin crew,81
"""friendly and attentive""",Boeing 777-200ER,Solo Leisure,Economy Class,JFK to LHR,2016-11-01,4.0,4.0,4.0,3.0,4.0,4,3.8333333333333335,0.4939,Positive,0.4939,2,3,10,10,friendly and attentive,163
"""a really good flight""",A320,Couple Leisure,Economy Class,LHR to BHD,2016-10-01,3.0,4.0,4.0,2.6,3.0,5,3.6,0.4927,Positive,0.4927,2,4,3,662,a really good flight,26
"""crew on top of their game""",Boeing 777,Business,First Class,LHR to YYZ,2016-11-01,5.0,5.0,4.0,4.0,5.0,5,4.666666666666667,0.2023,Positive,0.2023,2,6,6,452,crew on top of their game,145
"""tinted windows was an issue""",Boeing 787-800,Couple Leisure,Business Class,MAA to LHR,2016-11-01,5.0,5.0,5.0,3.0,3.0,3,4.0,0.0,Neutral,0.0,1,5,1,2,tinted windows was an issue,182
"""unobtrusive service provided""",A380,Business,Premium Economy,SIN to LHR,2016-11-01,5.0,5.0,5.0,4.0,5.0,5,4.833333333333333,0.0,Neutral,0.0,1,3,6,302,unobtrusive service provided,81
"""tasty food served promptly""",Boeing 777,Couple Leisure,Economy Class,TLV to LHR,2016-11-01,3.0,5.0,5.0,4.0,3.0,4,4.0,0.0,Neutral,0.0,1,4,2,452,tasty food served promptly,145
"""service varies each time""",A320,Solo Leisure,Business Class,RAK to LGW,2016-11-01,4.0,5.0,3.0,3.4,2.0,3,3.4,0.0,Neutral,0.0,1,4,2,662,service varies each time,26
"""was a horrible experience""",Boeing 777,Family Leisure,Economy Class,SYD to SIN,2016-11-01,4.0,2.0,1.0,3.0,1.0,1,2.0,-0.5423,Negative,-0.5423,0,4,2,452,was a horrible experience,145
"""BA is beneath contempt""",A319,Business,Economy Class,AMS to LHR,2016-11-01,1.0,1.0,1.0,1.0,1.0,1,1.0,-0.5859,Negative,-0.5859,0,4,5,196,ba is beneath contempt,10
"""always hit and mostly miss""",Boeing 747-400,Solo Leisure,First Class,LHR to SFO,2016-04-01,3.0,3.0,3.0,3.0,2.0,3,2.8333333333333335,-0.1531,Negative,-0.1531,0,5,9,275,always hit and mostly miss,129
"""crew not overly friendly""",Boeing 777-200,Family Leisure,Economy Class,LHR to YYZ,2016-10-01,3.0,4.0,3.0,3.0,5.0,4,3.6666666666666665,-0.3875,Negative,-0.3875,0,4,6,171,crew not overly friendly,157
"""the value for money is no longer given""",Boeing 747-400,Business,Business Class,DUS to BOS via LHR,2016-11-01,3.0,5.0,2.0,5.0,3.0,2,3.3333333333333335,0.0516,Positive,0.0516,2,8,1,275,the value for money is no longer given,129
"""could not fault anything""",A380,Business,First Class,LHR to SIN,2016-11-01,5.0,5.0,5.0,4.0,5.0,5,4.833333333333333,0.3089,Positive,0.3089,2,4,8,302,could not fault anything,81
"""nightmare experience""",Boeing 777,Business,Premium Economy,LHR to DEL,2016-08-01,1.0,1.0,1.0,1.0,1.0,1,1.0,0.0,Neutral,0.0,1,2,2,452,nightmare experience,145
"""never be using BA again""",A320,Couple Leisure,Economy Class,RAK to LGW,2016-11-01,1.0,5.0,2.0,2.0,1.0,1,2.0,0.0,Neutral,0.0,1,5,2,662,never be using ba again,26
"""clean looking A320""",A320,Business,Economy Class,LHR to BHD,2016-11-01,4.0,5.0,4.0,2.6,5.0,3,3.9333333333333336,0.4019,Positive,0.4019,2,3,3,662,clean looking a,26
"""staff were friendly""",Boeing 737,Solo Leisure,Economy Class,LHR to KBP,2016-11-01,3.0,4.0,3.0,2.0,4.0,4,3.3333333333333335,0.4939,Positive,0.4939,2,3,1,9,staff were friendly,112
"""a very comfortable flight""",Boeing 747-400,Solo Leisure,First Class,LHR to LAS,2016-11-01,5.0,5.0,5.0,2.0,4.0,4,4.166666666666667,0.5563,Positive,0.5563,2,4,4,275,a very comfortable flight,129
"""a worn out and low cost discount carrier""",Various,Business,Economy Class,BKK to LHR via LAD & ABV,2016-08-01,1.0,1.0,2.0,1.0,2.0,1,1.3333333333333333,-0.5106,Negative,-0.5106,0,8,1,1,a worn out and low cost discount carrier,209
"""food absolutely atrocious""",Boeing 777 and Boeing 787,Family Leisure,Economy Class,LHR to IAH,2016-08-01,1.0,2.0,2.0,4.0,2.0,2,2.1666666666666665,0.0,Neutral,0.0,1,3,3,3,food absolutely atrocious,155
"""cutting too many corners""",Boeing 777,Couple Leisure,Premium Economy,LGW to ANU,2016-09-01,3.0,1.0,1.0,2.0,3.0,1,1.8333333333333333,-0.128,Negative,-0.128,0,4,2,452,cutting too many corners,145
"""staff service completely forgettable""",A321,Business,Economy Class,LHR to DME,2016-11-01,3.0,2.0,1.0,4.0,4.0,4,3.0,0.0,Neutral,0.0,1,4,1,126,staff service completely forgettable,59
"""a total embarrassment""",Boeing 777,Business,Economy Class,LGW to BGI,2016-10-01,2.0,1.0,1.0,2.0,4.0,1,1.8333333333333333,-0.4927,Negative,-0.4927,0,3,6,452,a total embarrassment,145
"""food not great and entertainment options poor""",A380,Couple Leisure,First Class,JNB to LHR,2016-11-01,5.0,3.0,1.0,3.0,2.0,1,2.5,-0.8283,Negative,-0.8283,0,7,4,302,food not great and entertainment options poor,81
"""service was the usual British Airways""",A380,Couple Leisure,Premium Economy,MIA to LHR,2016-11-01,5.0,4.0,4.0,5.0,3.0,4,4.166666666666667,0.0,Neutral,0.0,1,6,6,302,service was the usual british airways,81
"""the new seats are very comfortable""",Boeing 787-900,Couple Leisure,Premium Economy,LHR to BWI,2016-11-01,5.0,5.0,4.0,5.0,5.0,5,4.833333333333333,0.5563,Positive,0.5563,2,6,1,8,the new seats are very comfortable,190
"""low-cost airline standard""",A320,Solo Leisure,Economy Class,SOF to LHR,2016-11-01,1.0,2.0,1.0,1.4,1.0,1,1.2333333333333334,0.0,Neutral,0.0,1,3,2,662,lowcost airline standard,26
"""BA continue to cut service""",Boeing 787-800 / 777-200,Couple Leisure,First Class,YYZ to LHR,2016-11-01,4.0,4.0,1.0,4.0,1.0,2,2.6666666666666665,-0.2732,Negative,-0.2732,0,5,6,1,ba continue to cut service,183
"""BA have refused all responsibility""",Boeing 777-200,Business,Economy Class,LHR to KUL,2016-10-01,3.0,4.0,3.0,4.0,2.0,3,3.1666666666666665,-0.296,Negative,-0.296,0,5,7,171,ba have refused all responsibility,157
"""space provided for business class is just ludicrous""",Boeing 787,Business,Business Class,CPT to DUR,2016-11-01,1.0,2.0,1.0,1.4,3.0,1,1.5666666666666667,-0.3612,Negative,-0.3612,0,8,1,97,space provided for business class is just ludicrous,172
"""cabin was immaculate""",A380,Couple Leisure,First Class,LHR to IAD,2016-11-01,5.0,5.0,4.0,4.0,5.0,4,4.5,0.0,Neutral,0.0,1,3,6,302,cabin was immaculate,81
"""it was beyond ridiculous""",A320,Family Leisure,Economy Class,BCN to LHR,2016-11-01,2.0,2.0,2.0,1.0,1.0,4,2.0,-0.3612,Negative,-0.3612,0,4,3,662,it was beyond ridiculous,26
"""excellent service overall""",Boeing 747-400,Couple Leisure,First Class,DFW to LHR,2016-11-01,5.0,5.0,4.0,4.0,4.0,4,4.333333333333333,0.5719,Positive,0.5719,2,3,2,275,excellent service overall,129
"""all we got was a small bag of crisps""",A320,Solo Leisure,Economy Class,LHR to TXL,2016-09-01,3.0,5.0,2.0,2.0,5.0,3,3.3333333333333335,0.0,Neutral,0.0,1,9,3,662,all we got was a small bag of crisps,26
"""do not know if I will fly again""",A320,Business,Economy Class,LHR to LIS,2016-11-01,5.0,2.0,1.0,1.4,1.0,2,2.066666666666667,0.0,Neutral,0.0,1,8,3,662,do not know if i will fly again,26
"""I will no longer fly with BA""",A380-800,Family Leisure,Economy Class,LHR to MIA,2016-10-01,3.0,3.0,1.0,1.0,2.0,2,2.0,-0.296,Negative,-0.296,0,7,13,12,i will no longer fly with ba,94
"""special when the service is ok""",A320,Business,Economy Class,LIS to LHR,2016-11-01,5.0,5.0,5.0,3.4,5.0,5,4.733333333333333,0.4019,Positive,0.4019,2,6,3,662,special when the service is ok,26
"""another underwhelming experience""",Boeing 787,Family Leisure,First Class,LHR to DXB,2016-11-01,3.0,4.0,2.0,3.0,2.0,2,2.6666666666666665,0.0,Neutral,0.0,1,3,8,97,another underwhelming experience,172
"""underwhelming due to bean counters""",Boeing 777,Couple Leisure,First Class,DXB to LHR,2016-11-01,3.0,4.0,1.0,3.0,2.0,2,2.5,0.0,Neutral,0.0,1,5,4,452,underwhelming due to bean counters,145
"""bit amateur for business class """,A320,Solo Leisure,Business Class,LGW to ALC,2016-11-01,2.0,2.0,3.0,3.4,3.0,3,2.733333333333333,0.0,Neutral,0.0,1,6,2,662,bit amateur for business class ,26
"""was one bad trip too many""",Boeing 777-200,Solo Leisure,Premium Economy,LHR to BKK,2016-11-01,2.0,2.0,1.0,1.0,2.0,2,1.6666666666666667,-0.5423,Negative,-0.5423,0,6,10,171,was one bad trip too many,157
"""plane very dated and dirty""",Boeing 777,Couple Leisure,Premium Economy,LGW to BGI,2016-11-01,1.0,1.0,1.0,3.0,1.0,1,1.3333333333333333,-0.4877,Negative,-0.4877,0,5,6,452,plane very dated and dirty,145
"""cabin crew did a sterling job""",A380,Solo Leisure,Economy Class,DUB to LCY,2016-10-01,5.0,5.0,4.0,2.6,5.0,3,4.1000000000000005,0.0,Neutral,0.0,1,6,2,302,cabin crew did a sterling job,81
"""seat was very uncomfortable""",Boeing 747-400 / A380,Solo Leisure,Economy Class,JNB to CLT via LHR,2016-11-01,1.0,1.0,3.0,2.0,1.0,3,1.8333333333333333,-0.4391,Negative,-0.4391,0,4,1,3,seat was very uncomfortable,136
"""service was second to none""",A380,Couple Leisure,First Class,LHR to LAX,2016-10-01,5.0,5.0,5.0,5.0,4.0,5,4.833333333333333,0.0,Neutral,0.0,1,5,7,302,service was second to none,81
"""Goodbye British Airways""",Boeing 777,Couple Leisure,Premium Economy,MRU to LGW,2016-11-01,2.0,1.0,1.0,1.0,3.0,1,1.5,0.0,Neutral,0.0,1,3,1,452,goodbye british airways,145
"""getting worse and worse""",A320,Solo Leisure,Economy Class,ATH to LHR,2016-11-01,3.0,5.0,1.0,1.4,5.0,1,2.733333333333333,-0.7351,Negative,-0.7351,0,4,7,662,getting worse and worse,26
"""need to revaluate their offering""",Boeing 787-9,Couple Leisure,First Class,LHR to KUL,2016-10-01,3.0,4.0,3.0,3.0,4.0,3,3.3333333333333335,0.0,Neutral,0.0,1,5,7,54,need to revaluate their offering,184
"""budget service at a high price""",A320,Solo Leisure,Economy Class,LGW to LIM,2016-08-01,1.0,1.0,2.0,1.0,3.0,2,1.6666666666666667,0.0,Neutral,0.0,1,6,2,662,budget service at a high price,26
"""BA has gone downhill""",Boeing 767-300,Business,Economy Class,LCA to LHR,2016-11-01,2.0,2.0,1.0,1.0,2.0,1,1.5,0.0,Neutral,0.0,1,4,4,5,ba has gone downhill,143
"""nothing short of a joke""",Boeing 777-200,Family Leisure,Business Class,LGW to MCO,2016-11-01,1.0,1.0,1.0,1.0,1.0,1,1.0,0.296,Positive,0.296,2,5,4,171,nothing short of a joke,157
"""Cabin looked worn and dated""",Boeing 777,Solo Leisure,Economy Class,LHR to BKK,2016-11-01,3.0,4.0,1.0,3.0,3.0,3,2.8333333333333335,-0.296,Negative,-0.296,0,5,10,452,cabin looked worn and dated,145
"""not worth a premium""",A319,Business,Business Class,LHR to GVA,2016-11-01,2.0,5.0,1.0,1.4,4.0,2,2.566666666666667,-0.1695,Negative,-0.1695,0,4,5,196,not worth a premium,10
"""cabin crew were excellent in every way""",A380-800,Couple Leisure,Economy Class,LHR to LAX,2016-10-01,4.0,5.0,4.0,4.0,4.0,4,4.166666666666667,0.5719,Positive,0.5719,2,7,7,12,cabin crew were excellent in every way,94
"""we had been downgraded""",Boeing 777,Couple Leisure,Premium Economy,UVF  to LGW,2016-11-01,2.0,2.0,1.0,2.0,5.0,1,2.1666666666666665,0.0,Neutral,0.0,1,4,1,452,we had been downgraded,145
"""Will not use BA again""",Boeing 777-200,Couple Leisure,Economy Class,LHR to BOS,2016-10-01,2.0,3.0,2.0,4.0,4.0,2,2.8333333333333335,0.0,Neutral,0.0,1,5,6,171,will not use ba again,157
"""well worth the money""",A319,Family Leisure,Economy Class,LGW to VLC,2016-10-01,3.0,4.0,3.0,3.4,4.0,4,3.5666666666666664,0.4588,Positive,0.4588,2,4,1,196,well worth the money,10
"""they started dropping the ball""",Boeing 777,Solo Leisure,Economy Class,LGW to SVQ via MAD,2016-11-01,3.0,4.0,2.0,1.0,3.0,1,2.3333333333333335,0.0,Neutral,0.0,1,5,1,452,they started dropping the ball,145
"""leg room was poor""",Boeing 747-400,Couple Leisure,Economy Class,LHR to JFK,2016-10-01,2.0,3.0,2.0,3.0,1.0,3,2.3333333333333335,-0.4767,Negative,-0.4767,0,4,9,275,leg room was poor,129
"""to fly to disappoint""",A320,Business,Business Class,LHR to OTP,2016-10-01,2.0,4.0,1.0,1.4,2.0,1,1.9000000000000001,-0.4019,Negative,-0.4019,0,4,2,662,to fly to disappoint,26
"""stewardesses were very friendly and attentive""",Boeing 787,Solo Leisure,Economy Class,ICN to LHR,2016-10-01,4.0,5.0,5.0,5.0,4.0,4,4.5,0.5413,Positive,0.5413,2,6,1,97,stewardesses were very friendly and attentive,172
"""good service levels""",A380 and Boeing 737-800,Solo Leisure,Economy Class,LHR to CPT via JNB,2016-10-01,4.0,5.0,4.0,4.0,3.0,5,4.166666666666667,0.4404,Positive,0.4404,2,3,2,2,good service levels,89
"""no longer my airline of choice""",A380,Couple Leisure,Business Class,HKG to LHR,2016-10-01,3.0,3.0,2.0,1.0,3.0,2,2.3333333333333335,0.0,Neutral,0.0,1,6,9,302,no longer my airline of choice,81
"""BA crews are tremendous""",Boeing 747-400,Solo Leisure,Business Class,LHR to ORD,2016-10-01,5.0,5.0,5.0,5.0,5.0,5,5.0,0.0,Neutral,0.0,1,4,3,275,ba crews are tremendous,129
"""standard slipped considerably""",Boeing 747-400,Solo Leisure,Economy Class,YVR to LHR,2016-10-01,3.0,2.0,1.0,2.0,2.0,2,2.0,0.0,Neutral,0.0,1,3,4,275,standard slipped considerably,129
"""smart and clean A321""",767-300,Couple Leisure,Economy Class,LHR to AGP,2016-10-01,3.0,4.0,1.0,1.4,2.0,3,2.4,0.6597,Positive,0.6597,2,4,1,3,smart and clean a,0
"""pleasantly surprised by the experience""",A380,Couple Leisure,Premium Economy,LHR to MIA,2016-10-01,4.0,5.0,4.0,1.0,5.0,4,3.8333333333333335,0.6124,Positive,0.6124,2,5,13,302,pleasantly surprised by the experience,81
"""cabin crew were professional and unobtrusive""","Boeing 747-400,  A320, A319",Solo Leisure,Economy Class,KWI to EDI via LHR,2016-10-01,5.0,5.0,4.0,5.0,5.0,5,4.833333333333333,0.0,Neutral,0.0,1,6,2,1,cabin crew were professional and unobtrusive,138
"""cheaper than EasyJet""",Boeing 747-400,Business,Economy Class,EDI to LGW,2016-10-01,3.0,5.0,3.0,3.4,5.0,5,4.066666666666666,0.0,Neutral,0.0,1,3,2,275,cheaper than easyjet,129
"""BA trying to save money""",Boeing 777,Business,Premium Economy,SIN to BCN via LHR,2016-10-01,3.0,1.0,2.0,2.0,2.0,3,2.1666666666666665,0.4939,Positive,0.4939,2,5,1,452,ba trying to save money,145
"""don't make same mistake as me""",A319,Business,Business Class,LHR to BRU,2016-10-01,1.0,1.0,1.0,1.0,1.0,1,1.0,0.2584,Positive,0.2584,2,6,2,196,dont make same mistake as me,10
"""embarrass flight staff so much""",A320,Couple Leisure,Economy Class,ATH to LHR,2016-10-01,3.0,5.0,1.0,1.4,3.0,1,2.4,-0.296,Negative,-0.296,0,5,7,662,embarrass flight staff so much,26
"""excellent and friendly cabin crew""",A320,Business,Business Class,MLA to LGW,2016-10-01,3.0,5.0,3.0,3.4,1.0,3,3.0666666666666664,0.7845,Positive,0.7845,2,5,3,662,excellent and friendly cabin crew,26
"""very friendly but not attentive""",Boeing 777-200,Couple Leisure,Business Class,BKK to LHR,2016-10-01,3.0,3.0,2.0,3.0,3.0,3,2.8333333333333335,0.3064,Positive,0.3064,2,5,13,171,very friendly but not attentive,157
"""another less than satisfactory experience""",A319,Family Leisure,Business Class,LGW to Pisa,2016-10-01,1.0,4.0,2.0,2.0,1.0,1,1.8333333333333333,0.3008,Positive,0.3008,2,5,1,196,another less than satisfactory experience,10
"""the cabin appeared dated and untidy""",Boeing 747,Solo Leisure,Premium Economy,CNX  to LHR via BKK,2016-09-01,3.0,4.0,3.0,2.0,1.0,2,2.5,0.0,Neutral,0.0,1,6,1,135,the cabin appeared dated and untidy,117
"""great welcome and service""",Boeing 747 400,Couple Leisure,Business Class,LHR to LAX,2016-09-01,5.0,3.0,4.0,2.0,5.0,4,3.8333333333333335,0.7964,Positive,0.7964,2,4,7,10,great welcome and service,123
"""cost cutting to extreme levels""",Boeing 777-300,Business,Premium Economy,HND to LHR,2016-10-01,2.0,2.0,1.0,3.0,3.0,2,2.1666666666666665,-0.128,Negative,-0.128,0,5,2,54,cost cutting to extreme levels,167
"""had a perfectly satisfactory flight""",Boeing 747,Solo Leisure,First Class,LHR to BOS,2016-10-01,4.0,4.0,3.0,4.0,4.0,4,3.8333333333333335,0.7717,Positive,0.7717,2,5,6,135,had a perfectly satisfactory flight,117
"""listening to cabin crew moaning""",A380,Couple Leisure,Economy Class,SFO to MAN via LHR,2016-10-01,2.0,1.0,1.0,1.0,1.0,1,1.1666666666666667,-0.1027,Negative,-0.1027,0,5,1,302,listening to cabin crew moaning,81
"""never again British Airways""",Boeing 777-200,Couple Leisure,Economy Class,LHR to SFO,2016-10-01,1.0,1.0,2.0,1.0,2.0,1,1.3333333333333333,0.0,Neutral,0.0,1,4,9,171,never again british airways,157
"""lost my patience with BA""",A380,Business,First Class,LHR to SIN,2016-10-01,4.0,4.0,3.0,3.0,1.0,1,2.6666666666666665,-0.3182,Negative,-0.3182,0,5,8,302,lost my patience with ba,81
"""another abysmal flight from BA""",Boeing 777,Solo Leisure,Economy Class,BRI to LGW,2016-10-01,1.0,1.0,1.0,1.4,3.0,1,1.4000000000000001,0.0,Neutral,0.0,1,5,1,452,another abysmal flight from ba,145
"""disappointed and expected so much more""","Boeing 747, A380",Business,First Class,JNB to ATH via LHR,2016-06-01,3.0,4.0,2.0,3.0,4.0,1,2.8333333333333335,-0.4767,Negative,-0.4767,0,6,1,2,disappointed and expected so much more,126
"""IFE poor to say the least""",Boeing 777,Solo Leisure,Economy Class,BKK to LHR,2016-09-01,2.0,2.0,3.0,1.0,3.0,2,2.1666666666666665,-0.4767,Negative,-0.4767,0,6,13,452,ife poor to say the least,145
"""service become far more erratic""",A320,Couple Leisure,Business Class,LGW to MLA,2016-10-01,1.0,1.0,3.0,3.4,1.0,1,1.7333333333333334,0.0,Neutral,0.0,1,5,2,662,service become far more erratic,26
"""not travel with them again""",Boeing 777,Solo Leisure,Premium Economy,SYD to LHR via SIN,2016-10-01,2.0,1.0,1.0,2.0,2.0,1,1.5,0.0,Neutral,0.0,1,5,4,452,not travel with them again,145
"""used to be such a class act""",Boeing 747-400,Solo Leisure,Business Class,JFK to LHR,2016-10-01,1.0,3.0,1.0,1.0,1.0,1,1.3333333333333333,0.0,Neutral,0.0,1,7,10,275,used to be such a class act,129
"""no longer the premier airline""",A319,Family Leisure,Economy Class,LGW to NCE,2016-10-01,3.0,3.0,2.0,2.0,3.0,3,2.6666666666666665,0.0,Neutral,0.0,1,5,1,196,no longer the premier airline,10
"""Very poor service""",Boeing 787-9,Solo Leisure,First Class,LHR to KUL,2016-08-01,4.0,1.0,1.0,1.0,2.0,2,1.8333333333333333,-0.5256,Negative,-0.5256,0,3,7,54,very poor service,184
"""the crew make the difference""",A321-200,Solo Leisure,Economy Class,PMI to LHR,2016-10-01,5.0,5.0,5.0,3.4,5.0,5,4.733333333333333,0.0,Neutral,0.0,1,5,1,5,the crew make the difference,67
"""lack of space ruined an otherwise flawless flight""",Boeing 787,Couple Leisure,Economy Class,LHR to ICN,2016-10-01,1.0,4.0,4.0,5.0,3.0,3,3.3333333333333335,-0.2732,Negative,-0.2732,0,8,1,97,lack of space ruined an otherwise flawless flight,172
"""breakfast was a bad joke""",Boeing 777 / A320,Couple Leisure,Economy Class,SEA to PRG via LHR,2016-09-01,3.0,1.0,1.0,3.0,1.0,2,1.8333333333333333,-0.3182,Negative,-0.3182,0,5,1,5,breakfast was a bad joke,150
"""worst long-haul experience""",A380,Family Leisure,Economy Class,SIN to LHR,2016-08-01,1.0,2.0,1.0,1.0,2.0,2,1.5,-0.6249,Negative,-0.6249,0,3,6,302,worst longhaul experience,81
"""yet another abysmal flight""",A320,Solo Leisure,Economy Class,LHR to BUD,2016-10-01,1.0,1.0,1.0,1.4,1.0,1,1.0666666666666667,0.0,Neutral,0.0,1,4,4,662,yet another abysmal flight,26
"""they are unreliable """,A380,Couple Leisure,First Class,IAD to NBO via LHR,2016-09-01,2.0,4.0,4.0,3.0,2.0,3,3.0,0.0,Neutral,0.0,1,4,1,302,they are unreliable ,81
"""not customer focussed in any way whatsoever""",A320,Family Leisure,Economy Class,AGP to LGW,2016-10-01,2.0,4.0,1.0,1.4,4.0,1,2.2333333333333334,0.0,Neutral,0.0,1,7,2,662,not customer focussed in any way whatsoever,26
"""how disappointed we were""",Boeing 777,Couple Leisure,Business Class,LGW to MRU,2016-10-01,3.0,4.0,2.0,2.0,4.0,2,2.8333333333333335,-0.4767,Negative,-0.4767,0,4,3,452,how disappointed we were,145
"""the lowering of standards""",A320,Solo Leisure,Economy Class,DBV to LGW,2016-10-01,2.0,4.0,1.0,1.0,2.0,2,2.0,-0.25,Negative,-0.25,0,4,2,662,the lowering of standards,26
"""avoid British Airways at all costs""",Boeing 787-8 / A320,Couple Leisure,Business Class,YYC to FCO via LHR,2016-10-01,2.0,5.0,5.0,3.0,1.0,1,2.8333333333333335,-0.296,Negative,-0.296,0,6,1,2,avoid british airways at all costs,180
"""I dislike them so much""",A319,Couple Leisure,Economy Class,LHR to GVA,2016-10-01,4.0,2.0,3.0,3.0,2.0,3,2.8333333333333335,-0.3818,Negative,-0.3818,0,5,5,196,i dislike them so much,10
"""terrible, uncaring airline""",A320,Family Leisure,Economy Class,LCY to AGP,2016-09-01,3.0,3.0,2.0,2.0,1.0,1,2.0,-0.4767,Negative,-0.4767,0,3,1,662,terrible uncaring airline,26
"""this is a humourless service""",Boeing 747-400,Solo Leisure,Economy Class,LHR to DEN,2016-10-01,3.0,2.0,1.0,1.0,3.0,3,2.1666666666666665,0.0,Neutral,0.0,1,5,4,275,this is a humourless service,129
"""the food is a disgrace""",Boeing 777,Business,First Class,DXB to DUB via LHR,2016-07-01,4.0,4.0,2.0,2.0,1.0,1,2.3333333333333335,-0.4939,Negative,-0.4939,0,5,1,452,the food is a disgrace,145
"""it was like being in a time warp""",Boeing 747-400,Couple Leisure,Economy Class,LAS to LHR,2016-10-01,2.0,2.0,2.0,1.0,4.0,1,2.0,0.3612,Positive,0.3612,2,8,6,275,it was like being in a time warp,129
"""plane was clearly dated""",Boeing 747,Solo Leisure,Economy Class,BOS to LHR,2016-10-01,4.0,5.0,4.0,4.0,2.0,4,3.8333333333333335,0.4019,Positive,0.4019,2,4,2,135,plane was clearly dated,117
"""crew were extremely nice""",A320,Solo Leisure,Economy Class,LHR to LIS,2016-10-01,5.0,5.0,4.0,2.6,4.0,5,4.266666666666667,0.4754,Positive,0.4754,2,4,3,662,crew were extremely nice,26
"""thought BA couldn't stoop any lower""",Boeing 777 / 747,Business,Premium Economy,YYZ to LIS via LHR,2016-05-01,3.0,4.0,1.0,1.0,4.0,3,2.6666666666666665,0.2235,Positive,0.2235,2,6,1,2,thought ba couldnt stoop any lower,148
"""indifferent attitudes of cabin service""",Boeing 777,Couple Leisure,Premium Economy,LHR to ATL,2016-10-01,3.0,2.0,3.0,3.0,2.0,3,2.6666666666666665,-0.2023,Negative,-0.2023,0,5,2,452,indifferent attitudes of cabin service,145
"""reduction in quality of food""",Boeing 777,Couple Leisure,Economy Class,BOS to LHR,2016-09-01,3.0,4.0,2.0,5.0,1.0,4,3.1666666666666665,0.0,Neutral,0.0,1,5,2,452,reduction in quality of food,145
"""luggage misplaced in the plane""",A380,Business,Economy Class,JFK to DUS via LHR,2016-10-01,3.0,2.0,3.0,4.0,2.0,2,2.6666666666666665,0.0,Neutral,0.0,1,5,1,302,luggage misplaced in the plane,81
"""staff were just about acceptable""",A380,Couple Leisure,Business Class,JNB to LHR,2016-09-01,1.0,2.0,1.0,1.0,3.0,2,1.6666666666666667,0.3182,Positive,0.3182,2,5,4,302,staff were just about acceptable,81
"""Seats hard but okay""",A319,Couple Leisure,Economy Class,LHR to BGO,2016-09-01,3.0,4.0,3.0,3.4,3.0,3,3.233333333333333,0.2846,Positive,0.2846,2,4,1,196,seats hard but okay,10
"""staff were rude and inattentive""",Boeing 777,Couple Leisure,Economy Class,LGW to MRU,2016-09-01,3.0,1.0,1.0,2.0,3.0,2,2.0,-0.4588,Negative,-0.4588,0,5,3,452,staff were rude and inattentive,145
"""a mistake to choose BA""",Boeing 737-800,Couple Leisure,Business Class,CDG to BKK via LHR,2016-09-01,1.0,1.0,1.0,1.4,4.0,3,1.9000000000000001,-0.34,Negative,-0.34,0,5,2,6,a mistake to choose ba,115
"""unlikely we will ever fly with them again""",A319,Couple Leisure,Economy Class,GLA to ZRH via LCY,2016-07-01,3.0,3.0,3.0,1.0,1.0,1,2.0,0.0,Neutral,0.0,1,8,1,196,unlikely we will ever fly with them again,10
"""not fit for purpose""",Boeing 767,Family Leisure,Economy Class,LCA to LHR,2016-09-01,3.0,3.0,3.0,1.0,2.0,2,2.3333333333333335,-0.2755,Negative,-0.2755,0,4,4,68,not fit for purpose,140
"""provided a high quality service""",A380,Couple Leisure,First Class,SIN to LHR,2016-09-01,4.0,5.0,4.0,2.6,4.0,4,3.9333333333333336,0.0,Neutral,0.0,1,5,6,302,provided a high quality service,81
"""trading on previous good reputation""",Boeing 777,Family Leisure,Economy Class,SJO to LGW,2016-09-01,1.0,3.0,1.0,1.0,3.0,3,2.0,0.4404,Positive,0.4404,2,5,1,452,trading on previous good reputation,145
"""expectations low and still disappointed""",Boeing 777-200,Couple Leisure,Business Class,LHR to BKK,2016-09-01,3.0,3.0,2.0,3.0,5.0,3,3.1666666666666665,-0.6369,Negative,-0.6369,0,5,10,171,expectations low and still disappointed,157
"""very helpful and attentive""",Boeing 777,Couple Leisure,First Class,MEL to SIN via SYD,2016-09-01,3.0,4.0,4.0,4.0,5.0,4,4.0,0.4754,Positive,0.4754,2,4,1,452,very helpful and attentive,145
"""crew professional and efficient""",Boeing 767,Couple Leisure,Business Class,LHR to AMS,2016-09-01,3.0,4.0,3.0,3.4,5.0,4,3.733333333333333,0.4215,Positive,0.4215,2,4,7,68,crew professional and efficient,140
"""I was unable to select a seat""",Boeing 787,Solo Leisure,Premium Economy,SJC to LHR,2016-09-01,4.0,3.0,3.0,4.0,1.0,4,3.1666666666666665,0.0,Neutral,0.0,1,7,1,97,i was unable to select a seat,172
"""start offering food for purchase?""",A319,Solo Leisure,Economy Class,LGW to OPO,2016-09-01,4.0,4.0,2.0,2.0,3.0,4,3.1666666666666665,0.0,Neutral,0.0,1,5,3,196,start offering food for purchase,10
"""feel of a budget carrier""",Boeing 747-400 / 777,Solo Leisure,Business Class,BAH to BOS via LHR,2016-09-01,2.0,2.0,3.0,2.0,3.0,3,2.5,0.0,Neutral,0.0,1,5,1,1,feel of a budget carrier,131
"""excellent cabin crew""",Boeing 777,Solo Leisure,Business Class,LGW to JFK,2016-09-01,2.0,5.0,4.0,4.0,3.0,4,3.6666666666666665,0.5719,Positive,0.5719,2,3,1,452,excellent cabin crew,145
"""cabin crew were polite, friendly and efficient""",A320,Couple Leisure,Economy Class,LHR to KGS,2016-09-01,3.0,5.0,3.0,3.4,4.0,4,3.733333333333333,0.7184,Positive,0.7184,2,7,2,662,cabin crew were polite friendly and efficient,26
"""staff were professional and helpful""",A380,Couple Leisure,Economy Class,LHR to JNB,2016-09-01,4.0,5.0,3.0,4.0,4.0,5,4.166666666666667,0.4215,Positive,0.4215,2,5,8,302,staff were professional and helpful,81
"""was a nightmare experience""",Boeing 777-300,Business,Premium Economy,ATL to GVA via LHR,2016-09-01,2.0,5.0,1.0,1.0,1.0,1,1.8333333333333333,0.0,Neutral,0.0,1,4,1,54,was a nightmare experience,167
"""worst experience I have had flying""",Boeing 777-300,Couple Leisure,Economy Class,ATL to LHR,2016-09-01,1.0,2.0,1.0,4.0,1.0,1,1.6666666666666667,-0.6249,Negative,-0.6249,0,6,4,54,worst experience i have had flying,167
"""need to pay for selecting seats,""",Boeing 787,Business,Premium Economy,AUH to LHR,2016-09-01,4.0,4.0,4.0,4.0,3.0,4,3.8333333333333335,-0.1027,Negative,-0.1027,0,6,3,97,need to pay for selecting seats,172
"""why would anyone fly BA""",Boeing 777-200,Family Leisure,Premium Economy,London to JFK,2016-09-01,2.0,2.0,1.0,1.0,3.0,2,1.8333333333333333,0.0,Neutral,0.0,1,5,1,171,why would anyone fly ba,157
"""race to complete dinner service """,A380,Business,Economy Class,LHR to JNB,2016-09-01,3.0,2.0,3.0,2.0,3.0,2,2.5,0.0,Neutral,0.0,1,6,8,302,race to complete dinner service ,81
"""one of the worst flight/travel experiences""",Boeing 787,Family Leisure,Economy Class,AUH to LHR,2016-09-01,2.0,1.0,2.0,3.0,1.0,3,2.0,-0.6249,Negative,-0.6249,0,6,3,97,one of the worst flighttravel experiences,172
"""food just gets worse each trip""",A319,Family Leisure,Economy Class,LGW to AGP,2016-09-01,2.0,5.0,1.0,1.4,2.0,3,2.4,-0.4767,Negative,-0.4767,0,6,1,196,food just gets worse each trip,10
"""possibly cabin crew were embarrassed""",Boeing 777,Solo Leisure,Economy Class,BUD to LHR,2016-09-01,2.0,1.0,1.0,1.4,1.0,1,1.2333333333333334,-0.3612,Negative,-0.3612,0,5,2,452,possibly cabin crew were embarrassed,145
"""food tasty and staff friendly""",A320,Solo Leisure,Business Class,LHR to AMS,2016-09-01,4.0,5.0,4.0,2.6,5.0,4,4.1000000000000005,0.4939,Positive,0.4939,2,5,7,662,food tasty and staff friendly,26
"""cabin crew very apologetic""",Boeing 747,Family Leisure,Economy Class,LHR to SEA,2016-08-01,3.0,4.0,1.0,4.0,1.0,2,2.5,0.0,Neutral,0.0,1,4,3,135,cabin crew very apologetic,117
"""rude and uncaring""",A320,Solo Leisure,Economy Class,LHR to BUD,2016-09-01,2.0,1.0,1.0,1.4,1.0,1,1.2333333333333334,-0.4588,Negative,-0.4588,0,3,4,662,rude and uncaring,26
"""by far the worst cabin crew""",Boeing 767,Solo Leisure,Business Class,LHR to ATH,2016-09-01,1.0,1.0,1.0,3.0,3.0,1,1.6666666666666667,-0.6249,Negative,-0.6249,0,6,5,68,by far the worst cabin crew,140
"""no one cares about anything""",Boeing 777,Couple Leisure,Economy Class,LGW to BIO,2016-08-01,3.0,4.0,3.0,1.0,2.0,2,2.5,0.4588,Positive,0.4588,2,5,1,452,no one cares about anything,145
"""crew very good, friendly and chatty""",Boeing 767,Business,Business Class,LHR to IST,2016-09-01,4.0,5.0,4.0,2.0,4.0,4,3.8333333333333335,0.7698,Positive,0.7698,2,6,7,68,crew very good friendly and chatty,140
"""positioning as a budget airline""",Boeing 747,Solo Leisure,Economy Class,MAD to PER via SIN,2016-08-01,2.0,3.0,2.0,1.0,3.0,2,2.1666666666666665,0.0,Neutral,0.0,1,5,1,135,positioning as a budget airline,117
"""not worth paying for First Class""",Boeing 747-400,Couple Leisure,First Class,MIA to LHR,2016-09-01,1.0,1.0,1.0,1.0,1.0,1,1.0,-0.1695,Negative,-0.1695,0,6,6,275,not worth paying for first class,129
"""BA on this route are a joke""",A320,Couple Leisure,Business Class,LHR to KRK,2016-09-01,1.0,2.0,1.0,1.4,1.0,1,1.2333333333333334,0.296,Positive,0.296,2,7,2,662,ba on this route are a joke,26
"""better to find another airline""",Boeing 747,Business,Economy Class,LHR to DEN,2016-09-01,1.0,3.0,4.0,1.0,4.0,2,2.5,0.4404,Positive,0.4404,2,5,4,135,better to find another airline,117
"""reasonable value for money""",Boeing 747-400,Solo Leisure,Economy Class,LHR to CPT,2016-09-01,3.0,4.0,4.0,2.0,5.0,4,3.6666666666666665,0.34,Positive,0.34,2,4,9,275,reasonable value for money,129
"""more uncomfortable than many airlines""",Boeing 747-400,Solo Leisure,Economy Class,LHR to MIA,2016-09-01,2.0,3.0,3.0,2.0,2.0,4,2.6666666666666665,-0.4391,Negative,-0.4391,0,5,13,275,more uncomfortable than many airlines,129
"""unfair and bad business practice""",A380,Couple Leisure,Economy Class,LHR to JNB,2016-08-01,1.0,1.0,1.0,2.0,2.0,1,1.3333333333333333,-0.765,Negative,-0.765,0,5,8,302,unfair and bad business practice,81
"""no warm food on recent flights""",A320-200,Solo Leisure,Economy Class,NAP to LGW,2016-09-01,2.0,3.0,1.0,1.4,2.0,2,1.9000000000000001,0.2263,Positive,0.2263,2,6,3,14,no warm food on recent flights,45
"""only 4 seats available to choose from""",A320,Family Leisure,Economy Class,LHR to LCA,2016-09-01,3.0,4.0,1.0,1.0,3.0,3,2.5,0.0,Neutral,0.0,1,7,3,662,only  seats available to choose from,26
"""look at alternatives next time""",A320,Couple Leisure,Business Class,DBV to LGW,2016-09-01,3.0,3.0,1.0,1.4,2.0,2,2.066666666666667,0.0,Neutral,0.0,1,5,2,662,look at alternatives next time,26
"""First Class is average at best""",Boeing 777,Business,First Class,ATL to LHR,2016-08-01,3.0,4.0,2.0,2.0,1.0,1,2.1666666666666665,0.6369,Positive,0.6369,2,6,4,452,first class is average at best,145
"""there are more cutbacks""",A319,Couple Leisure,Economy Class,LHR to DUB,2016-09-01,4.0,4.0,2.0,2.0,4.0,4,3.3333333333333335,0.0,Neutral,0.0,1,4,5,196,there are more cutbacks,10
"""a bit disappointing really""",A320,Couple Leisure,Business Class,LGW to DBV,2016-09-01,3.0,5.0,3.0,3.4,3.0,3,3.4,-0.4939,Negative,-0.4939,0,4,2,662,a bit disappointing really,26
"""very disappointed by gate agents""",A380-800,Solo Leisure,Business Class,LHR to HKG,2016-09-01,4.0,4.0,3.0,4.0,1.0,3,3.1666666666666665,-0.5256,Negative,-0.5256,0,5,9,12,very disappointed by gate agents,94
"""seat pitch on the small side""",A319,Solo Leisure,Business Class,AMS to LHR,2016-09-01,3.0,5.0,4.0,2.6,3.0,3,3.4333333333333336,0.0,Neutral,0.0,1,6,5,196,seat pitch on the small side,10
"""service does not meet standards""",Boeing 747 / 777,Couple Leisure,Economy Class,OPO to LGW,2016-09-01,4.0,3.0,1.0,1.0,3.0,4,2.6666666666666665,0.0,Neutral,0.0,1,5,1,9,service does not meet standards,119
"""gradually declined in quality""",A320,Couple Leisure,Economy Class,NAP to LGW,2016-09-01,1.0,1.0,1.0,1.4,3.0,1,1.4000000000000001,0.0,Neutral,0.0,1,4,3,662,gradually declined in quality,26
"""crew were polite and helpful""",A319,Family Leisure,Economy Class,LGW to OPO,2016-09-01,4.0,5.0,2.0,1.0,4.0,4,3.3333333333333335,0.4215,Positive,0.4215,2,5,3,196,crew were polite and helpful,10
"""in all a waste of money""",A320,Business,Business Class,LHR to TXL,2016-08-01,1.0,1.0,1.0,1.0,1.0,1,1.0,-0.4215,Negative,-0.4215,0,6,3,662,in all a waste of money,26
"""BA treats as a normal practice""",A321,Business,Business Class,LHR to SVO,2016-09-01,4.0,4.0,3.0,4.0,1.0,1,2.8333333333333335,0.0,Neutral,0.0,1,6,2,126,ba treats as a normal practice,59
"""aircraft was very old, outdated""",A320,Couple Leisure,Economy Class,MUC to CPT via LHR,2016-09-01,2.0,4.0,2.0,3.0,3.0,3,2.8333333333333335,0.0,Neutral,0.0,1,5,1,662,aircraft was very old outdated,26
"""cabin crew was professional""",A320,Solo Leisure,Economy Class,VIE to OPO via LGW,2016-03-01,4.0,4.0,4.0,2.6,2.0,3,3.266666666666667,0.0,Neutral,0.0,1,4,1,662,cabin crew was professional,26
"""cancelled due to technical issues""",E-170,Family Leisure,Economy Class,LCY to GVA,2016-08-01,4.0,3.0,3.0,2.0,3.0,2,2.8333333333333335,-0.25,Negative,-0.25,0,5,2,2,cancelled due to technical issues,194
"""comfortable and enough legroom""",A319,Family Leisure,Economy Class,LHR to MUC,2016-07-01,4.0,4.0,3.0,3.4,4.0,3,3.5666666666666664,0.5106,Positive,0.5106,2,4,3,196,comfortable and enough legroom,10
"""Club Europe seats are a joke""",A320,Family Leisure,Business Class,LGW to MLA,2016-08-01,3.0,5.0,2.0,2.0,5.0,1,3.0,0.296,Positive,0.296,2,6,2,662,club europe seats are a joke,26
"""cabin crew excellent""",Boeing 767,Family Leisure,Business Class,LHR to LCA,2016-08-01,1.0,5.0,5.0,1.0,3.0,2,2.8333333333333335,0.5719,Positive,0.5719,2,3,3,68,cabin crew excellent,140
"""the best thing was the crew""",Boeing 787-900,Business,Economy Class,LHR to PVG,2016-08-01,2.0,5.0,4.0,3.0,5.0,5,4.0,0.6369,Positive,0.6369,2,6,1,8,the best thing was the crew,190
"""crew below average""",A380,Family Leisure,Economy Class,PRG to SIN via LHR,2016-08-01,3.0,1.0,1.0,1.0,1.0,3,1.6666666666666667,0.0,Neutral,0.0,1,3,1,302,crew below average,81
"""breakfast was very tasty""",A320,Business,Economy Class,LHR to GLA,2016-08-01,5.0,5.0,5.0,3.4,4.0,5,4.566666666666666,0.0,Neutral,0.0,1,4,2,662,breakfast was very tasty,26
"""seats are dirty and ripped""",Boeing 747-400,Family Leisure,Business Class,PHX to LHR,2016-08-01,1.0,2.0,2.0,1.0,2.0,1,1.5,-0.4404,Negative,-0.4404,0,5,2,275,seats are dirty and ripped,129
"""charges for baggage are outrageous""",A320,Solo Leisure,Economy Class,LIS to LHR,2016-08-01,5.0,5.0,2.0,2.0,2.0,2,3.0,-0.6249,Negative,-0.6249,0,5,3,662,charges for baggage are outrageous,26
"""was like a no frills airline""",A320,Family Leisure,Economy Class,LGW to RAK,2016-08-01,4.0,3.0,2.0,2.0,3.0,3,2.8333333333333335,0.0772,Positive,0.0772,2,6,3,662,was like a no frills airline,26
"""service was good""",Boeing 767,Solo Leisure,Economy Class,BCN to LHR,2016-08-01,3.0,4.0,3.0,1.0,4.0,3,3.0,0.4404,Positive,0.4404,2,3,3,68,service was good,140
"""no longer lives up to expectations""",A320,Business,Economy Class,LHR to BHD,2016-08-01,4.0,2.0,1.0,1.4,3.0,2,2.2333333333333334,0.0,Neutral,0.0,1,6,3,662,no longer lives up to expectations,26
"""doesn't cut the mustard any longer""",Boeing 747-400,Family Leisure,First Class,"LHR to BOS, SEA to LHR",2016-07-01,5.0,2.0,1.0,3.0,5.0,1,2.8333333333333335,0.2057,Positive,0.2057,2,6,1,275,doesnt cut the mustard any longer,129
"""no longer competes on service""",A320,Business,Economy Class,TXL to LHR,2016-08-01,1.0,2.0,1.0,1.0,2.0,1,1.3333333333333333,0.0,Neutral,0.0,1,5,2,662,no longer competes on service,26
"""decline in the BA level of service""",A320,Solo Leisure,Economy Class,WAW to LHR,2016-08-01,3.0,4.0,1.0,1.0,2.0,2,2.1666666666666665,0.0,Neutral,0.0,1,7,2,662,decline in the ba level of service,26
"""aging BA B747 aircraft""",Boeing 747-400,Couple Leisure,Economy Class,MAN to JFK via LHR,2016-08-01,2.0,2.0,3.0,4.0,1.0,3,2.5,0.0,Neutral,0.0,1,4,2,275,aging ba b aircraft,129
"""experience has really declined""",787,Family Leisure,Premium Economy,LHR to YYC,2016-08-01,5.0,2.0,3.0,5.0,1.0,1,2.8333333333333335,0.0,Neutral,0.0,1,4,5,1,experience has really declined,5
"""BA has declined significantly""",A320,Family Leisure,First Class,MLA to LHR,2016-07-01,2.0,2.0,1.0,1.0,3.0,3,2.0,0.0,Neutral,0.0,1,4,1,662,ba has declined significantly,26
"""First Class is a total wate of money""",Boeing 777,Business,First Class,PHL to LHR,2016-08-01,4.0,4.0,1.0,1.4,5.0,1,2.733333333333333,0.0,Neutral,0.0,1,8,4,452,first class is a total wate of money,145
"""every time I complain about the breakfast""",Boeing 747-400,Couple Leisure,Business Class,LHR to BOS,2016-07-01,5.0,4.0,3.0,4.0,5.0,4,4.166666666666667,-0.3612,Negative,-0.3612,0,7,6,275,every time i complain about the breakfast,129
"""customer services representatives were unhelpful""",A380,Couple Leisure,Business Class,NAP to LGW,2016-08-01,3.0,3.0,3.0,1.0,1.0,1,2.0,0.0,Neutral,0.0,1,5,3,302,customer services representatives were unhelpful,81
"""quick and hassle free""",A321/A319,Business,Economy Class,LHR to CDG,2016-08-01,4.0,5.0,2.0,2.0,4.0,4,3.5,0.5106,Positive,0.5106,2,4,3,1,quick and hassle free,69
"""choice between a mini Kitkat or a mini mars bar""",Boeing 747-400,Solo Leisure,Economy Class,ABV to LHR,2016-08-01,3.0,3.0,1.0,2.0,3.0,2,2.3333333333333335,0.0,Neutral,0.0,1,10,1,275,choice between a mini kitkat or a mini mars bar,129
"""hope this experience is not repeated""",A320,Family Leisure,Economy Class,LHR to IST,2016-08-01,4.0,5.0,1.0,3.0,4.0,3,3.3333333333333335,0.4404,Positive,0.4404,2,6,7,662,hope this experience is not repeated,26
"""flight time should justify at least a sandwich""",A320,Solo Leisure,Economy Class,LHR to KRK,2016-08-01,3.0,3.0,2.0,2.0,4.0,5,3.1666666666666665,0.0,Neutral,0.0,1,8,2,662,flight time should justify at least a sandwich,26
"""bag did not arrive into Dublin""",A320,Solo Leisure,Economy Class,LHR to DUB,2016-08-01,3.0,2.0,2.0,2.0,1.0,2,2.0,0.0,Neutral,0.0,1,6,5,662,bag did not arrive into dublin,26
"""friendly and professional""",A380,Business,Economy Class,LHR to YVR,2016-08-01,3.0,5.0,5.0,5.0,3.0,3,4.0,0.4939,Positive,0.4939,2,3,6,302,friendly and professional,81
"""A380 is unconscionably crammed""",A380,Couple Leisure,Business Class,LHR to IAD,2016-08-01,1.0,3.0,3.0,4.0,3.0,3,2.8333333333333335,0.0,Neutral,0.0,1,4,6,302,a is unconscionably crammed,81
"""no respect for economy travellers""",Boeing 747,Solo Leisure,Economy Class,LHR to YUL,2016-08-01,1.0,2.0,1.0,2.0,2.0,1,1.5,0.4767,Positive,0.4767,2,5,1,135,no respect for economy travellers,117
"""very friendly staff""",A321,Solo Leisure,Economy Class,ZRH to LHR,2016-08-01,5.0,5.0,5.0,3.4,5.0,5,4.733333333333333,0.5413,Positive,0.5413,2,3,3,126,very friendly staff,59
"""crew were kind and unobtrusive""",Boeing 777-200,Solo Leisure,Economy Class,BOS to SXF via LHR,2016-08-01,3.0,4.0,3.0,5.0,4.0,3,3.6666666666666665,0.5267,Positive,0.5267,2,5,1,171,crew were kind and unobtrusive,157
"""superb service was provided""",Boeing 777-236 ER,Couple Leisure,Business Class,LGW to TPA,2016-04-01,5.0,5.0,5.0,3.0,3.0,4,4.166666666666667,0.6249,Positive,0.6249,2,4,3,1,superb service was provided,165
"""why do they fly such wrecks?""",A319,Business,Business Class,FRA to LHR,2016-08-01,1.0,1.0,1.0,1.0,1.0,1,1.0,0.0,Neutral,0.0,1,6,2,196,why do they fly such wrecks,10
"""not provided the service or flight I paid for""",A320,Couple Leisure,Business Class,DUB to SFO via PHL,2016-06-01,1.0,3.0,3.0,1.0,4.0,2,2.3333333333333335,0.0,Neutral,0.0,1,9,1,662,not provided the service or flight i paid for,26
"""experience with BA has been awful""",Boeing 747,Solo Leisure,Premium Economy,MEX to AMS via LHR,2016-08-01,3.0,3.0,3.0,1.0,1.0,1,2.0,-0.4588,Negative,-0.4588,0,6,1,135,experience with ba has been awful,117
"""cello seat needs to have an ESTA visa!""",A319,Solo Leisure,Economy Class,ZRH to BWI via LHR,2016-06-01,2.859667633869692,3.2404661016949152,2.7091954022988505,2.636533432947329,1.0,1,2.2409770951351313,0.0,Neutral,0.0,1,8,1,196,cello seat needs to have an esta visa,10
"""very satisfied with flight and service""",Boeing 777-300ER,Solo Leisure,Economy Class,SIN to SYD,2016-08-01,4.0,4.0,4.0,4.0,4.0,5,4.166666666666667,0.4754,Positive,0.4754,2,6,2,18,very satisfied with flight and service,169
"""great cabin crew on both sectors""",Boeing 777,Couple Leisure,Business Class,LHR to NAS,2016-06-01,4.0,5.0,3.0,3.4,4.0,3,3.733333333333333,0.6249,Positive,0.6249,2,6,1,452,great cabin crew on both sectors,145
"""provided reasonable cabin service""",A380,Family Leisure,Business Class,MIA to LHR,2016-07-01,4.0,3.0,3.0,3.0,3.0,3,3.1666666666666665,0.0,Neutral,0.0,1,4,6,302,provided reasonable cabin service,81
"""not direct but it was well worth it.""",Boeing 777,Business,Premium Economy,DOH to CDG via BAH / LHR,2016-07-01,4.0,4.0,4.0,4.0,4.0,4,4.0,0.6124,Positive,0.6124,2,8,1,452,not direct but it was well worth it,145
"""main course was simply dreadful""",Boeing 747-400,Solo Leisure,First Class,GRU to LHR,2016-07-01,3.0,5.0,1.0,2.0,4.0,2,2.8333333333333335,-0.4404,Negative,-0.4404,0,5,2,275,main course was simply dreadful,129
"""don't seem to be best at anything""",Boeing 787,Couple Leisure,Business Class,GLA to KUL via LHR,2016-04-01,4.0,5.0,3.0,3.0,3.0,3,3.5,0.6369,Positive,0.6369,2,7,1,97,dont seem to be best at anything,172
"""overall, a reasonable flight""",A380,Family Leisure,Business Class,LHR to MIA,2016-07-01,5.0,3.0,4.0,4.0,3.0,4,3.8333333333333335,0.0,Neutral,0.0,1,4,13,302,overall a reasonable flight,81
"""lounge at T5 is large and busy""",A320 / Boeing 787,Business,Business Class,ATH to KUL via LHR,2016-07-01,4.0,4.0,4.0,4.0,4.0,4,4.0,0.0,Neutral,0.0,1,7,1,5,lounge at t is large and busy,33
"""plane was spotless""",Boeing 787-9,Solo Leisure,Economy Class,LCY to FLR,2016-07-01,3.0,4.0,3.0,3.4,3.0,4,3.4,0.0,Neutral,0.0,1,3,1,54,plane was spotless,184
"""aircraft hadn't been cleaned""",Boeing 767-300,Business,Economy Class,FRA to LHR,2016-07-01,3.0,3.0,3.0,3.4,4.0,4,3.4,0.0,Neutral,0.0,1,4,2,5,aircraft hadnt been cleaned,143
"""cannot fault the airline""",A319,Couple Leisure,Economy Class,LBA to LHR,2016-07-01,5.0,5.0,5.0,4.0,5.0,5,4.833333333333333,0.3089,Positive,0.3089,2,4,3,196,cannot fault the airline,10
"""service was variable""",Boeing 777-200,Business,Economy Class,BLR to LHR,2016-07-01,4.0,3.0,3.0,2.0,1.0,3,2.6666666666666665,0.0,Neutral,0.0,1,3,2,171,service was variable,157
"""lack lustre flying experience""",Boeing 777,Business,Business Class,BKK to LHR,2016-07-01,3.0,3.0,3.0,1.0,2.0,2,2.3333333333333335,-0.3182,Negative,-0.3182,0,4,13,452,lack lustre flying experience,145
"""they have just lost a customer""",Boeing 777,Couple Leisure,Premium Economy,MRU to LHR,2016-07-01,1.0,1.0,1.0,1.0,1.0,1,1.0,-0.3182,Negative,-0.3182,0,6,1,452,they have just lost a customer,145
"""meal 3 sandwiches and a stodgy cake""",A321,Family Leisure,Business Class,GLA to LIS via LHR,2016-07-01,1.0,2.0,1.0,1.4,1.0,1,1.2333333333333334,0.0,Neutral,0.0,1,7,1,126,meal  sandwiches and a stodgy cake,59
"""customer service advisor disinterested""",B777,Couple Leisure,Economy Class,EDI to PRG via LHR,2016-07-01,2.0,2.0,2.2,1.0,2.0,1,1.7,0.0,Neutral,0.0,1,4,1,2,customer service advisor disinterested,107
"""Shocking customer service""",Boeing 747,Couple Leisure,Economy Class,ABZ to SFO via LHR,2016-07-01,1.0,3.0,4.0,1.0,3.0,3,2.5,-0.4019,Negative,-0.4019,0,3,1,135,shocking customer service,117
"""definitely not worth it""",Boeing 777,Couple Leisure,First Class,LHR to DFW,2016-07-01,3.0,1.0,2.0,2.0,5.0,2,2.5,0.2579,Positive,0.2579,2,4,2,452,definitely not worth it,145
"""a dedicated and professional crew""",Boeing 777-200,Solo Leisure,First Class,LHR to JFK,2016-07-01,5.0,5.0,5.0,5.0,5.0,5,5.0,0.4588,Positive,0.4588,2,5,9,171,a dedicated and professional crew,157
"""no one climbing over you""",Boeing 747-400,Solo Leisure,Business Class,JFK to LHR,2016-07-01,5.0,5.0,4.0,5.0,5.0,5,4.833333333333333,0.0,Neutral,0.0,1,5,10,275,no one climbing over you,129
"""not BA's finest hour""",Boeing 777,Solo Leisure,Business Class,BSL to LHR,2016-07-01,1.0,3.0,1.0,1.4,1.0,1,1.4000000000000001,0.0,Neutral,0.0,1,4,1,452,not bas finest hour,145
"""recent experiences have been good""",Boeing 787,Couple Leisure,Business Class,LHR to YYC,2016-07-01,4.0,5.0,3.0,5.0,4.0,3,4.0,0.4404,Positive,0.4404,2,5,5,97,recent experiences have been good,172
"""never set foot in another BA flight""",Boeing 777,Business,First Class,LHR to BOS,2016-07-01,4.0,4.0,4.0,3.0,1.0,2,3.0,0.0,Neutral,0.0,1,7,6,452,never set foot in another ba flight,145
"""a matter-of-fact efficient trip""",A319,Business,Business Class,LHR to ZRH,2016-07-01,3.0,4.0,3.0,3.4,4.0,4,3.5666666666666664,0.4215,Positive,0.4215,2,4,4,196,a matteroffact efficient trip,10
"""no longer worth any extra cost""",A320,Business,Business Class,LHR to GVA,2016-07-01,1.0,2.0,1.0,1.4,1.0,1,1.2333333333333334,0.2263,Positive,0.2263,2,6,5,662,no longer worth any extra cost,26
"""not value for money""",Boeing 777-200,Couple Leisure,Business Class,AMS to BKK via LHR,2016-07-01,3.0,2.0,1.0,3.0,1.0,1,1.8333333333333333,-0.2584,Negative,-0.2584,0,4,1,171,not value for money,157
"""extremely disappointed""",Boeing 747-400,Solo Leisure,Economy Class,MXP to MEX via LHR,2016-07-01,3.0,3.0,3.0,2.0,1.0,1,2.1666666666666665,-0.5256,Negative,-0.5256,0,2,1,275,extremely disappointed,129
"""new club seating, no better than economy""",A320,Solo Leisure,Business Class,LHR to BUD,2016-06-01,1.0,3.0,1.0,1.4,1.0,1,1.4000000000000001,-0.3412,Negative,-0.3412,0,7,4,662,new club seating no better than economy,26
"""not worth it on every level""",A320,Solo Leisure,Business Class,GVA to LHR,2016-07-01,1.0,4.0,2.0,2.0,3.0,1,2.1666666666666665,-0.1695,Negative,-0.1695,0,6,1,662,not worth it on every level,26
"""standards have dropped dramatically""",Boeing 747-400,Business,Economy Class,LHR to JFK,2016-07-01,1.0,1.0,1.0,1.0,1.0,1,1.0,0.0,Neutral,0.0,1,4,9,275,standards have dropped dramatically,129
"""stop charging people extras""",Boeing 777 and Boeing 787,Solo Leisure,Business Class,LHR to BKK via KUL,2016-06-01,5.0,5.0,3.0,5.0,5.0,1,4.0,-0.296,Negative,-0.296,0,4,1,3,stop charging people extras,155
"""Business class beware""",Boeing 787,Business,Business Class,KUL to LHR,2016-07-01,5.0,5.0,5.0,5.0,5.0,1,4.333333333333333,0.0,Neutral,0.0,1,3,5,97,business class beware,172
"""business configuration is far from personal""",A380,Business,Business Class,JNB to LHR,2016-03-01,1.0,1.0,2.0,2.0,1.0,1,1.3333333333333333,0.0,Neutral,0.0,1,6,4,302,business configuration is far from personal,81
"""generous with the amount of food""",Boeing 747,Solo Leisure,Economy Class,YYZ to EBB via LHR,2015-08-01,4.0,5.0,5.0,5.0,4.0,3,4.333333333333333,0.5106,Positive,0.5106,2,6,1,135,generous with the amount of food,117
"""appalling service received""",A320,Solo Leisure,Economy Class,AMS to LGW,2015-10-01,2.0,1.0,2.7091954022988505,2.636533432947329,1.0,1,1.7242881392076965,-0.3612,Negative,-0.3612,0,3,2,662,appalling service received,26
"""lost my business forever""",Boeing 787,Business,Premium Economy,KUL to LHR,2016-07-01,1.0,1.0,1.0,1.0,1.0,1,1.0,-0.3182,Negative,-0.3182,0,4,5,97,lost my business forever,172
"""all in all not bad""",A320,Business,Business Class,ZRH to LHR,2016-06-01,1.0,5.0,1.0,1.0,2.0,3,2.1666666666666665,0.431,Positive,0.431,2,5,3,662,all in all not bad,26
"""perhaps BA are finally listening""",Boeing 777,Couple Leisure,First Class,LGW to UVF,2016-06-01,4.0,5.0,4.0,5.0,4.0,4,4.333333333333333,0.0,Neutral,0.0,1,5,4,452,perhaps ba are finally listening,145
"""didn't really pay attention""",A320,Solo Leisure,Economy Class,LCY to TXL,2016-06-01,3.0,4.0,4.0,1.0,1.0,1,2.3333333333333335,0.1313,Positive,0.1313,2,4,1,662,didnt really pay attention,26
"""let us sit inside for 3 hours""",Boeing 747,Business,Economy Class,BWI to AMS via LHR,2016-06-01,4.0,2.0,1.0,1.4,1.0,1,1.7333333333333334,0.0,Neutral,0.0,1,7,1,135,let us sit inside for  hours,117
"""well worth the money paid""",A320,Couple Leisure,Economy Class,MAN to JNB via LHR,2016-04-01,4.0,5.0,5.0,5.0,2.0,4,4.166666666666667,0.4588,Positive,0.4588,2,5,1,662,well worth the money paid,26
"""reasonable inflight service""",A320,Couple Leisure,Business Class,LGW to SVQ,2016-06-01,3.0,5.0,4.0,2.6,3.0,3,3.4333333333333336,0.0,Neutral,0.0,1,3,2,662,reasonable inflight service,26
"""crew were superb and professional""",A380,Couple Leisure,Business Class,LHR to YVR,2016-06-01,4.0,5.0,4.0,4.0,3.0,4,4.0,0.6249,Positive,0.6249,2,5,6,302,crew were superb and professional,81
"""not fly British Airways again""",Boeing 777,Solo Leisure,Premium Economy,LHR to ATL,2016-06-01,3.0,3.0,2.2,1.0,1.0,2,2.033333333333333,0.0,Neutral,0.0,1,5,2,452,not fly british airways again,145
"""absolutely terrible service""",Boeing 747-400,Solo Leisure,Economy Class,MRS to LHR,2016-06-01,3.0,1.0,1.0,1.0,1.0,1,1.3333333333333333,-0.5256,Negative,-0.5256,0,3,1,275,absolutely terrible service,129
"""seats very narrow and close together""",A380,Couple Leisure,Economy Class,LAX to FCO via LHR,2016-06-01,1.0,2.0,2.0,4.0,2.0,1,2.0,0.0,Neutral,0.0,1,6,1,302,seats very narrow and close together,81
"""could not check our luggage through""",A380 and Boeing 767,Couple Leisure,First Class,JNB to EDI via LHR,2016-06-01,4.0,5.0,4.0,3.0,1.0,1,3.0,0.0,Neutral,0.0,1,6,1,1,could not check our luggage through,91
"""British Airways is the worst""",Boeing 777,Solo Leisure,Economy Class,LHR to BKK,2016-06-01,4.0,1.0,4.0,3.0,2.0,3,2.8333333333333335,-0.6249,Negative,-0.6249,0,5,10,452,british airways is the worst,145
"""seat was really comfortable""",Boeing 787,Couple Leisure,Premium Economy,LHR to EWR,2016-06-01,5.0,5.0,5.0,5.0,5.0,5,5.0,0.5563,Positive,0.5563,2,4,3,97,seat was really comfortable,172
"""overall a pleasant flight""",A319,Couple Leisure,Economy Class,LGW to OPO,2016-06-01,4.0,4.0,3.0,3.4,5.0,4,3.9,0.5106,Positive,0.5106,2,4,3,196,overall a pleasant flight,10
"""handled a difficult situation professionally""",Boeing 747-400,Family Leisure,Economy Class,NCL to LAS via LHR,2016-06-01,2.0,5.0,4.0,3.0,4.0,4,3.6666666666666665,-0.3612,Negative,-0.3612,0,5,1,275,handled a difficult situation professionally,129
"""passing off economy seats as business""",Boeing 767,Couple Leisure,Business Class,ATH to LHR,2016-06-01,1.0,4.0,2.0,2.0,1.0,2,2.0,0.0,Neutral,0.0,1,6,7,68,passing off economy seats as business,140
"""service is simply terrible""",Boeing 777,Couple Leisure,Premium Economy,NAS to LHR,2016-05-01,2.0,1.0,1.0,2.0,3.0,1,1.6666666666666667,-0.4767,Negative,-0.4767,0,4,1,452,service is simply terrible,145
"""customer service the worst going""",A320,Family Leisure,Economy Class,AGP to LGW,2016-06-01,2.0,2.0,2.0,2.0,3.0,3,2.3333333333333335,-0.6249,Negative,-0.6249,0,5,2,662,customer service the worst going,26
"""staff friendly but professional""",Boeing 777-200ER,Solo Leisure,Economy Class,JFK to LGW,2016-06-01,5.0,5.0,5.0,5.0,5.0,5,5.0,0.2732,Positive,0.2732,2,4,1,10,staff friendly but professional,163
"""not an uncommon occurrence""",Boeing 747-400,Family Leisure,First Class,LHR to MCI via ORD,2016-06-01,4.0,4.0,2.0,2.0,1.0,1,2.3333333333333335,0.0,Neutral,0.0,1,4,1,275,not an uncommon occurrence,129
"""flight was late and chaotic""",A320,Couple Leisure,Economy Class,LGW to FAO,2016-05-01,1.0,1.0,1.0,1.4,1.0,3,1.4000000000000001,-0.4939,Negative,-0.4939,0,5,1,662,flight was late and chaotic,26
"""book with anyone but BA""",A320,Business,Business Class,LHR to ATH,2016-06-01,2.859667633869692,3.2404661016949152,2.7091954022988505,2.636533432947329,1.0,1,2.2409770951351313,0.0,Neutral,0.0,1,5,5,662,book with anyone but ba,26
"""there is no other choice""",A320/A319,Business,Economy Class,LHR to EDI,2016-06-01,4.0,3.0,1.0,1.4,3.0,3,2.566666666666667,-0.296,Negative,-0.296,0,5,6,1,there is no other choice,50
"""did not have a good experience""",Boeing 747-400,Couple Leisure,Economy Class,LAS to LHR,2016-06-01,1.0,1.0,4.0,2.0,2.0,3,2.1666666666666665,-0.3412,Negative,-0.3412,0,6,6,275,did not have a good experience,129
"""good selection of food and drinks""",A320,Couple Leisure,Business Class,LHR to DUB,2016-04-01,5.0,5.0,5.0,3.4,5.0,5,4.733333333333333,0.4404,Positive,0.4404,2,6,5,662,good selection of food and drinks,26
"""cabin crew were excellent""",Boeing 777,Solo Leisure,Business Class,BGI to LGW,2016-05-01,4.0,5.0,4.0,4.0,5.0,4,4.333333333333333,0.5719,Positive,0.5719,2,4,2,452,cabin crew were excellent,145
"""staff are extremely unhelpful""",Boeing 747,Couple Leisure,Economy Class,LHR to MIA,2016-06-01,1.0,1.0,1.0,1.0,1.0,1,1.0,0.0,Neutral,0.0,1,4,13,135,staff are extremely unhelpful,117
"""every flight had huge problems""",Boeing 777,Couple Leisure,Premium Economy,LHR to SAN,2016-06-01,1.0,2.0,3.4,3.0,2.0,2,2.2333333333333334,-0.1027,Negative,-0.1027,0,5,2,452,every flight had huge problems,145
"""really does downgrade the experience""",Boeing 777-200,Solo Leisure,First Class,PHL to LHR,2016-06-01,5.0,2.0,1.0,3.0,4.0,1,2.6666666666666665,0.0,Neutral,0.0,1,5,4,171,really does downgrade the experience,157
"""attention to detail is lacking""",A380,Solo Leisure,Premium Economy,LHR to SIN,2016-06-01,4.0,3.0,2.0,4.0,4.0,3,3.3333333333333335,0.0,Neutral,0.0,1,5,8,302,attention to detail is lacking,81
"""food was just appalling""",Boeing 777-200,Couple Leisure,Business Class,LHR to BOS,2016-06-01,4.0,5.0,1.0,4.0,5.0,4,3.8333333333333335,-0.3612,Negative,-0.3612,0,4,6,171,food was just appalling,157
"""poorest seating arrangement""",Boeing 777,Couple Leisure,Business Class,SIN to SYD,2016-05-01,3.0,2.0,3.0,3.0,5.0,3,3.1666666666666665,-0.5423,Negative,-0.5423,0,3,2,452,poorest seating arrangement,145
"""crew friendly and efficient""",A320,Couple Leisure,Business Class,LGW to PFO,2016-06-01,4.0,5.0,5.0,3.4,5.0,5,4.566666666666666,0.7184,Positive,0.7184,2,4,1,662,crew friendly and efficient,26
"""service was fine but underwhelming""","A320, A380",Solo Leisure,First Class,BCN to SFO via LHR,2016-06-01,5.0,4.0,3.0,5.0,1.0,3,3.5,0.1027,Positive,0.1027,2,5,1,3,service was fine but underwhelming,40
"""excellent cabin crew""",Boeing 777,Couple Leisure,Business Class,UVF to LGW,2016-06-01,3.0,5.0,4.0,2.0,4.0,3,3.5,0.5719,Positive,0.5719,2,3,3,452,excellent cabin crew,145
"""further delay was likely""",Boeing 777,Couple Leisure,Premium Economy,LGW to UVF,2016-05-01,4.0,3.0,3.0,2.0,1.0,3,2.6666666666666665,-0.3182,Negative,-0.3182,0,4,4,452,further delay was likely,145
"""a mediocre service""",A319,Business,Economy Class,LHR to STR,2016-06-01,1.0,3.0,2.0,2.0,4.0,3,2.5,0.0,Neutral,0.0,1,3,1,196,a mediocre service,10
"""good fare from their sale""",A320 / Boeing 777,Solo Leisure,First Class,MAN to PHL via LHR,2016-06-01,5.0,5.0,4.0,4.0,5.0,5,4.666666666666667,0.4404,Positive,0.4404,2,5,1,3,good fare from their sale,30
"""slowed down the process""",A320,Couple Leisure,Economy Class,LHR to OTP,2016-04-01,3.0,3.0,3.0,3.4,2.0,3,2.9,0.0,Neutral,0.0,1,4,2,662,slowed down the process,26
"""does what you would expect""",Boeing 747-400,Couple Leisure,First Class,JFK to LHR,2016-06-01,3.0,4.0,4.0,3.0,1.0,3,3.0,0.0,Neutral,0.0,1,5,10,275,does what you would expect,129
"""flight had been over booked""",Boeing 777,Couple Leisure,Economy Class,LGW to EDI,2016-05-01,2.0,2.0,1.0,1.4,1.0,2,1.5666666666666667,0.0,Neutral,0.0,1,5,1,452,flight had been over booked,145
"""have let their standards slip""",Boeing 747-400,Family Leisure,Economy Class,LHR to MIA,2016-05-01,2.0,2.0,2.0,1.0,2.0,3,2.0,0.0,Neutral,0.0,1,5,13,275,have let their standards slip,129
"""little advantage using BA on this route""",A320,Couple Leisure,Business Class,LGW to LIM,2016-05-01,4.0,3.0,3.0,3.0,3.0,3,3.1666666666666665,0.1796,Positive,0.1796,2,7,2,662,little advantage using ba on this route,26
"""attendants were very polite""",Boeing 747,Solo Leisure,Economy Class,JFK to LHR,2016-05-01,5.0,5.0,1.0,5.0,5.0,4,4.166666666666667,0.0,Neutral,0.0,1,4,10,135,attendants were very polite,117
"""not better service than EasyJet""",A320,Solo Leisure,Economy Class,GVA to INV via LHR,2016-05-01,3.0,4.0,1.0,1.4,1.0,2,2.066666666666667,-0.3412,Negative,-0.3412,0,5,1,662,not better service than easyjet,26
"""very disappointing experience""",Boeing 747-400,Couple Leisure,Economy Class,DXB to LHR,2016-05-01,4.0,2.0,1.0,1.0,3.0,2,2.1666666666666665,-0.5413,Negative,-0.5413,0,3,4,275,very disappointing experience,129
"""BA falls down on presentation""",Boeing 747-400,Solo Leisure,Economy Class,LHR to DXB,2016-05-01,3.0,4.0,4.0,3.0,4.0,4,3.6666666666666665,0.0,Neutral,0.0,1,5,8,275,ba falls down on presentation,129
"""seat was very comfortable""",A380,Solo Leisure,Premium Economy,LHR to SFO,2016-05-01,5.0,4.0,4.0,5.0,3.0,5,4.333333333333333,0.5563,Positive,0.5563,2,4,9,302,seat was very comfortable,81
"""overall a negative experience""",Boeing 777-200,Couple Leisure,Economy Class,LGW to PUJ,2016-05-01,3.0,5.0,4.0,1.0,1.0,3,2.8333333333333335,-0.5719,Negative,-0.5719,0,4,4,171,overall a negative experience,157
"""a thoroughly pleasant flight""",Boeing 777,Couple Leisure,Economy Class,LGW to BDA,2016-05-01,4.0,4.0,4.0,4.0,4.0,4,4.0,0.5563,Positive,0.5563,2,4,1,452,a thoroughly pleasant flight,145
"""nice crew and good food""",Boeing 787,Solo Leisure,Business Class,LHR to YYZ,2016-03-01,5.0,5.0,5.0,5.0,5.0,4,4.833333333333333,0.6908,Positive,0.6908,2,5,6,97,nice crew and good food,172
"""wish I'd never upgraded""",A320,Business,Business Class,WAW to LHR,2016-05-01,3.0,3.0,2.0,2.0,1.0,1,2.0,0.4019,Positive,0.4019,2,4,2,662,wish id never upgraded,26
"""no systems in place to cope""",A320,Couple Leisure,Economy Class,MXP to LHR,2016-05-01,4.0,5.0,3.0,3.4,1.0,3,3.233333333333333,0.0,Neutral,0.0,1,6,4,662,no systems in place to cope,26
"""just about adequate""",Boeing 777-300,Solo Leisure,Economy Class,BKK to LHR,2016-05-01,3.0,4.0,4.0,2.0,3.0,4,3.3333333333333335,0.2263,Positive,0.2263,2,3,13,54,just about adequate,167
"""boarding was painfully slow""",Boeing 787,Couple Leisure,Economy Class,IBZ to LGW,2016-05-01,2.0,3.0,2.7091954022988505,2.636533432947329,1.0,2,2.2242881392076965,-0.5267,Negative,-0.5267,0,4,1,97,boarding was painfully slow,172
"""one of my favourite airlines""",A320,Family Leisure,Business Class,LHR to CDG,2016-05-01,4.0,5.0,4.0,2.6,2.0,3,3.4333333333333336,0.0,Neutral,0.0,1,5,3,662,one of my favourite airlines,26
"""exception is British Airways""",A380,Business,Business Class,SFO to LHR,2016-05-01,4.0,3.0,3.0,4.0,4.0,2,3.3333333333333335,0.0,Neutral,0.0,1,4,6,302,exception is british airways,81
"""unexpectedly served breakfast""",Saab 2000,Solo Leisure,Economy Class,LCY to IOM,2016-05-01,5.0,5.0,5.0,3.4,5.0,5,4.733333333333333,0.0,Neutral,0.0,1,3,2,1,unexpectedly served breakfast,208
"""crew professional and friendly""",A321 / Boeing 747-400,Couple Leisure,Economy Class,AMS to GRU via LHR,2016-05-01,4.0,4.0,4.0,2.0,4.0,5,3.8333333333333335,0.4939,Positive,0.4939,2,4,1,2,crew professional and friendly,60
"""outrageous red tape""",Boeing 767-300,Business,Economy Class,LCY to GLA,2016-05-01,1.0,1.0,2.7091954022988505,2.636533432947329,1.0,1,1.5576214725410298,-0.4588,Negative,-0.4588,0,3,1,5,outrageous red tape,143
"""poor customer service""",Boeing 747-400,Couple Leisure,Economy Class,LHR to BOM,2016-03-01,4.0,3.0,2.7091954022988505,2.636533432947329,1.0,3,2.724288139207696,-0.4767,Negative,-0.4767,0,3,3,275,poor customer service,129
"""rude and obnoxious""",Boeing 777,Couple Leisure,Economy Class,LGW to UVF,2016-05-01,1.0,1.0,2.0,4.0,1.0,1,1.6666666666666667,-0.7184,Negative,-0.7184,0,3,4,452,rude and obnoxious,145
"""treated incredibly well""",Boeing 747-400,Couple Leisure,Economy Class,LHR to MIA,2016-05-01,5.0,5.0,5.0,5.0,4.0,5,4.833333333333333,0.3384,Positive,0.3384,2,3,13,275,treated incredibly well,129
"""service in a very discreet way""",Boeing 747-400,Couple Leisure,Economy Class,JFK to LHR,2016-05-01,4.0,4.0,3.0,2.0,5.0,3,3.5,0.0,Neutral,0.0,1,6,10,275,service in a very discreet way,129
"""let down by inferior product""",Boeing 747-400,Couple Leisure,Business Class,LHR to JFK,2016-05-01,4.0,4.0,3.0,2.0,4.0,3,3.3333333333333335,-0.4019,Negative,-0.4019,0,5,9,275,let down by inferior product,129
"""boarding worked well""",A320,Couple Leisure,Economy Class,LGW to DBV,2016-04-01,4.0,4.0,3.0,3.4,4.0,4,3.733333333333333,0.2732,Positive,0.2732,2,3,2,662,boarding worked well,26
"""no different than a budget airline""",A320,Couple Leisure,Economy Class,LHR to WAW,2016-05-01,2.0,4.0,3.0,3.4,3.0,2,2.9,0.0,Neutral,0.0,1,6,1,662,no different than a budget airline,26
"""Club World configuration is odd """,Boeing 777,Couple Leisure,Business Class,BGI to LGW,2016-05-01,4.0,4.0,4.0,2.0,4.0,4,3.6666666666666665,-0.3182,Negative,-0.3182,0,6,2,452,club world configuration is odd ,145
"""cabin crew were faultless""",Boeing 777,Couple Leisure,Business Class,LGW to BGI,2016-05-01,4.0,5.0,4.0,3.0,4.0,4,4.0,0.4588,Positive,0.4588,2,4,6,452,cabin crew were faultless,145
"""food is minimal""",A320,Solo Leisure,Economy Class,MXP to LHR,2016-05-01,2.0,2.0,2.0,2.0,3.0,3,2.3333333333333335,0.0,Neutral,0.0,1,3,4,662,food is minimal,26
"""erosion of quality and services""",A320,Couple Leisure,Business Class,LHR to BCN,2016-05-01,1.0,3.0,1.0,1.4,3.0,1,1.7333333333333334,0.0,Neutral,0.0,1,5,3,662,erosion of quality and services,26
"""journey was very cramped""",A320,Solo Leisure,Economy Class,LGW to CTA,2016-05-01,2.0,1.0,1.0,1.0,3.0,2,1.6666666666666667,0.0,Neutral,0.0,1,4,1,662,journey was very cramped,26
"""I would fly BA again""",Boeing 777,Family Leisure,Economy Class,LGW to MCO,2016-05-01,4.0,3.0,4.0,3.0,5.0,4,3.8333333333333335,0.0,Neutral,0.0,1,5,4,452,i would fly ba again,145
"""probably the worst food experienced""",Boeing 777-200,Family Leisure,Premium Economy,BKK to LHR,2016-05-01,3.0,4.0,1.0,1.0,4.0,2,2.5,-0.6249,Negative,-0.6249,0,5,13,171,probably the worst food experienced,157
"""cabin crew friendly""",Boeing 777,Solo Leisure,Economy Class,PVG to LHR,2016-05-01,4.0,5.0,4.0,3.0,4.0,5,4.166666666666667,0.4939,Positive,0.4939,2,3,1,452,cabin crew friendly,145
"""not be flying BA again""",Boeing 777,Couple Leisure,Economy Class,LHR to EWR,2016-05-01,1.0,1.0,2.7091954022988505,2.636533432947329,1.0,1,1.5576214725410298,0.0,Neutral,0.0,1,5,3,452,not be flying ba again,145
"""Total rip off BA""",Boeing 777,Couple Leisure,Business Class,LGW to FNC,2016-05-01,1.0,4.0,3.0,3.4,1.0,1,2.2333333333333334,0.0,Neutral,0.0,1,4,1,452,total rip off ba,145
"""not a bad flight""",Boeing 747-400,Solo Leisure,Premium Economy,LHR to DEN,2016-05-01,4.0,4.0,3.0,2.0,4.0,4,3.5,0.431,Positive,0.431,2,4,4,275,not a bad flight,129
"""going downhill BA""",A319,Solo Leisure,Premium Economy,LHR to BSL,2016-05-01,2.0,3.0,1.0,1.4,3.0,3,2.2333333333333334,0.0,Neutral,0.0,1,3,1,196,going downhill ba,10
"""journey was chaotic and stressful""",A321,Couple Leisure,Economy Class,LYS to LHR,2016-05-01,3.0,2.0,1.0,1.0,2.0,1,1.6666666666666667,-0.7579,Negative,-0.7579,0,5,1,126,journey was chaotic and stressful,59
"""operated by American Airlines""",A320 / Boeing 777,Solo Leisure,Economy Class,PSA to ORD via LHR,2016-05-01,2.0,2.0,2.0,1.0,4.0,3,2.3333333333333335,0.0,Neutral,0.0,1,4,1,3,operated by american airlines,30
"""not very accommodating""",Boeing 747,Solo Leisure,Premium Economy,NAS to CDG via LHR,2016-05-01,2.0,5.0,4.0,4.0,2.0,2,3.1666666666666665,0.0,Neutral,0.0,1,3,1,135,not very accommodating,117
"""seats badly need up-dating""",Boeing 787,Business,Business Class,LHR to Seoul,2016-05-01,1.0,4.0,3.0,4.0,4.0,3,3.1666666666666665,-0.4767,Negative,-0.4767,0,4,1,97,seats badly need updating,172
"""economy seats sold as business""",A320,Couple Leisure,Business Class,LHR to JTR,2016-05-01,1.0,3.0,3.0,3.4,1.0,1,2.066666666666667,0.0,Neutral,0.0,1,5,1,662,economy seats sold as business,26
"""I will no longer fly with BA""",Boeing 777,Couple Leisure,Economy Class,TXL to PHL via LHR,2015-12-01,2.0,3.0,1.0,2.0,2.0,3,2.1666666666666665,-0.296,Negative,-0.296,0,7,1,452,i will no longer fly with ba,145
"""unimpressed with British Airways""",A380,Solo Leisure,Economy Class,DUB to LHR,2016-05-01,3.0,2.0,3.0,3.4,1.0,1,2.2333333333333334,-0.34,Negative,-0.34,0,4,1,302,unimpressed with british airways,81
"""Avianca not part of oneworld""",Boeing 737,Solo Leisure,Economy Class,CDG to LHR,2016-04-01,4.0,3.0,3.0,3.4,1.0,4,3.0666666666666664,0.0,Neutral,0.0,1,5,2,9,avianca not part of oneworld,112
"""cabin crew service was lacklustre""",Boeing 787,Solo Leisure,Economy Class,KUL to LHR,2016-05-01,1.0,1.0,1.0,2.0,3.0,2,1.6666666666666667,0.0,Neutral,0.0,1,5,5,97,cabin crew service was lacklustre,172
"""avoid business long haul""",Boeing 777,Couple Leisure,Business Class,LHR to NCE,2016-05-01,3.0,3.0,3.0,3.4,2.0,3,2.9,-0.296,Negative,-0.296,0,4,1,452,avoid business long haul,145
"""bumped off this BA flight""",A320,Solo Leisure,Economy Class,LGW to AMS,2015-11-01,3.0,3.0,2.7091954022988505,2.636533432947329,1.0,3,2.55762147254103,0.0,Neutral,0.0,1,5,4,662,bumped off this ba flight,26
"""reminded me of the old BA""",Boeing 777-200,Couple Leisure,First Class,YYZ to LHR,2016-03-01,3.0,4.0,5.0,4.0,5.0,5,4.333333333333333,0.0,Neutral,0.0,1,6,6,171,reminded me of the old ba,157
"""BA has gone downhill""",Boeing 767,Solo Leisure,Economy Class,ACC to LHR,2016-04-01,2.0,4.0,1.0,2.0,4.0,4,2.8333333333333335,0.0,Neutral,0.0,1,4,1,68,ba has gone downhill,140
"""delay outbound and back""",Boeing 747-400,Couple Leisure,Economy Class,LHR to MIA,2016-04-01,3.0,2.0,3.0,3.0,2.0,4,2.8333333333333335,-0.3182,Negative,-0.3182,0,4,13,275,delay outbound and back,129
"""business class is a joke""",A319,Business,Business Class,OSL to LHR,2016-04-01,1.0,2.0,1.0,1.0,1.0,1,1.1666666666666667,0.296,Positive,0.296,2,5,2,196,business class is a joke,10
"""better than I've had for a while""",A319 / A320,Business,Business Class,LGW to IBZ,2016-04-01,4.0,4.0,5.0,3.4,4.0,3,3.9,0.4404,Positive,0.4404,2,7,1,4,better than ive had for a while,11
"""a big improvement""",Boeing 747-400,Family Leisure,Business Class,ORD to LHR,2016-04-01,4.0,5.0,3.0,3.0,5.0,4,4.0,0.4588,Positive,0.4588,2,3,3,275,a big improvement,129
"""good job in economy""",Boeing 747-400,Business,Economy Class,DXB to LHR,2016-04-01,3.0,3.0,3.0,3.0,3.0,4,3.1666666666666665,0.4404,Positive,0.4404,2,4,4,275,good job in economy,129
"""very pleasantly surprised""",Boeing 777-200,Solo Leisure,Economy Class,LHR to SFO,2016-04-01,3.0,4.0,4.0,3.0,4.0,4,3.6666666666666665,0.6779,Positive,0.6779,2,3,9,171,very pleasantly surprised,157
"""flight was excellent""",Boeing 747-400 / A320,Family Leisure,Business Class,ORD to AMS via LHR,2016-04-01,5.0,5.0,5.0,5.0,4.0,5,4.833333333333333,0.5719,Positive,0.5719,2,3,1,2,flight was excellent,134
"""I have not been impressed""",A350,Family Leisure,Economy Class,FCO to LHR,2016-04-01,4.0,3.0,2.0,2.0,1.0,3,2.5,-0.3724,Negative,-0.3724,0,5,1,39,i have not been impressed,79
"""was the worst flight""",Embraer 170,Solo Leisure,Economy Class,EDI to YYZ via LHR,2016-04-01,3.0,4.0,1.0,3.0,1.0,4,2.6666666666666665,-0.6249,Negative,-0.6249,0,4,1,3,was the worst flight,201
"""days of glory are long gone""",Boeing 747,Family Leisure,Economy Class,MAN to DXB via LHR,2016-04-01,1.0,2.0,1.0,1.0,2.0,2,1.5,0.5423,Positive,0.5423,2,6,1,135,days of glory are long gone,117
"""cares nothing for its passengers""",Boeing 777,Business,Business Class,LHR to PHL,2016-04-01,4.0,4.0,2.0,2.0,1.0,1,2.3333333333333335,0.4588,Positive,0.4588,2,5,3,452,cares nothing for its passengers,145
"""change in attitude from staff""",Boeing 787,Couple Leisure,Premium Economy,LHR to YYC,2016-03-01,5.0,4.0,5.0,4.0,5.0,4,4.5,0.0,Neutral,0.0,1,5,5,97,change in attitude from staff,172
"""style and attention to detail""",Boeing 747,Couple Leisure,First Class,LHR to YYZ,2016-04-01,4.0,5.0,5.0,3.0,5.0,5,4.5,0.0,Neutral,0.0,1,5,6,135,style and attention to detail,117
"""most exhausting trip""",A380,Business,Economy Class,AMS to HKG via LHR,2016-04-01,1.0,2.0,1.0,3.0,3.0,2,2.0,-0.4201,Negative,-0.4201,0,3,1,302,most exhausting trip,81
"""experience was fantastic""",A380,Solo Leisure,First Class,LHR to HKG,2016-03-01,5.0,5.0,5.0,5.0,5.0,4,4.833333333333333,0.5574,Positive,0.5574,2,3,9,302,experience was fantastic,81
"""FAs were brilliant""",Boeing 747-400,Couple Leisure,Business Class,LHR to GRU,2016-04-01,4.0,5.0,5.0,3.0,4.0,4,4.166666666666667,0.5859,Positive,0.5859,2,3,3,275,fas were brilliant,129
"""very quick and efficient""",Boeing 777,Business,Economy Class,LHR to NBO,2016-04-01,3.0,2.0,2.0,2.0,2.0,2,2.1666666666666665,0.4703,Positive,0.4703,2,4,3,452,very quick and efficient,145
"""food was average""",Boeing 777,Business,Premium Economy,NBO to LHR,2016-04-01,3.0,2.0,2.0,3.0,3.0,2,2.5,0.0,Neutral,0.0,1,3,2,452,food was average,145
"""a very uncomfortable flight""",Boeing 777,Couple Leisure,Economy Class,YVR to BCN via LHR,2016-04-01,1.0,3.0,1.0,1.0,3.0,2,1.8333333333333333,-0.4391,Negative,-0.4391,0,4,1,452,a very uncomfortable flight,145
"""would avoid again""",Boeing 777-200,Business,First Class,DOH to LHR via BAH,2016-04-01,5.0,2.0,2.0,4.0,1.0,2,2.6666666666666665,-0.296,Negative,-0.296,0,3,3,171,would avoid again,157
"""better alternatives out there""",A380,Business,Business Class,LHR to JNB,2016-02-01,3.0,4.0,2.0,4.0,2.0,3,3.0,0.4404,Positive,0.4404,2,4,8,302,better alternatives out there,81
"""deeply distressing flight """,A380 and Boeing 737-800,Solo Leisure,Economy Class,LHR to CPT via JNB,2016-04-01,2.0,3.0,1.0,2.0,1.0,2,1.8333333333333333,-0.4576,Negative,-0.4576,0,4,2,2,deeply distressing flight ,89
"""customer service non existent""",A320 / A380,Family Leisure,Economy Class,MAN to LAX via LHR,2016-04-01,1.0,3.0,1.0,3.0,2.0,1,1.8333333333333333,0.0,Neutral,0.0,1,4,2,6,customer service non existent,27
"""worse than Ryanair or EasyJet""",Embraer,Couple Leisure,Economy Class,GIB to LHR,2016-01-01,1.0,1.0,2.0,2.0,1.0,1,1.3333333333333333,-0.4767,Negative,-0.4767,0,5,1,18,worse than ryanair or easyjet,200
"""very pleased with the experience""",Boeing 747,Couple Leisure,Economy Class,LHR to JFK,2016-04-01,3.0,5.0,5.0,4.0,5.0,3,4.166666666666667,0.4927,Positive,0.4927,2,5,9,135,very pleased with the experience,117
"""journeys were uneventful""",Boeing 777 and Boeing 787,Solo Leisure,Business Class,LHR to IAH,2016-04-01,4.0,5.0,4.0,4.0,4.0,5,4.333333333333333,0.0,Neutral,0.0,1,3,3,3,journeys were uneventful,155
"""the service is good""",Boeing 777,Solo Leisure,Business Class,LHR to PEK,2016-02-01,4.0,4.0,4.0,3.0,3.0,4,3.6666666666666665,0.4404,Positive,0.4404,2,4,2,452,the service is good,145
"""food was above average""",Boeing 747,Solo Leisure,Economy Class,YVR to CDG via LHR,2016-04-01,2.0,5.0,5.0,2.0,5.0,5,4.0,0.0,Neutral,0.0,1,4,1,135,food was above average,117
"""happy that it was on time""",A320,Solo Leisure,Economy Class,LHR to CDG,2016-03-01,3.0,4.0,3.0,3.4,3.0,5,3.5666666666666664,0.5719,Positive,0.5719,2,6,3,662,happy that it was on time,26
"""the flight was satisfactory""",A380,Solo Leisure,Premium Economy,HKG to LHR,2016-03-01,4.0,4.0,3.0,3.0,3.0,5,3.6666666666666665,0.3612,Positive,0.3612,2,4,9,302,the flight was satisfactory,81
"""service and food were very good""",A380-800,Couple Leisure,Business Class,SFO to LHR,2016-03-01,5.0,5.0,5.0,5.0,5.0,5,5.0,0.4927,Positive,0.4927,2,6,6,12,service and food were very good,94
"""treat myself to premium economy""",Boeing 747-400,Solo Leisure,Premium Economy,PEK to LHR,2015-05-01,5.0,5.0,4.0,2.0,4.0,5,4.166666666666667,0.4019,Positive,0.4019,2,5,1,275,treat myself to premium economy,129
"""A380 for the first time""",A380,Couple Leisure,Premium Economy,LHR to LAX,2016-03-01,5.0,5.0,4.0,5.0,4.0,4,4.5,0.0,Neutral,0.0,1,5,7,302,a for the first time,81
"""better than easyjet or Ryanair""",A320,Family Leisure,Economy Class,LHR to ATH,2016-04-01,4.0,4.0,4.0,3.0,3.0,4,3.6666666666666665,0.4404,Positive,0.4404,2,5,5,662,better than easyjet or ryanair,26
"""made me check in the trolley """,Boeing 747,Business,Business Class,RUH to DUS via LHR,2016-04-01,4.0,4.0,3.0,3.4,1.0,3,3.0666666666666664,0.0,Neutral,0.0,1,7,1,135,made me check in the trolley ,117
"""used to be better than this""",A320,Solo Leisure,Business Class,AMS to LGW,2016-04-01,1.0,3.0,1.0,1.4,2.0,2,1.7333333333333334,0.4404,Positive,0.4404,2,6,2,662,used to be better than this,26
"""pre-allocated me a middle seat""",A319,Solo Leisure,Economy Class,LGW to AMS,2016-04-01,3.0,1.0,1.0,1.4,1.0,3,1.7333333333333334,0.0,Neutral,0.0,1,5,4,196,preallocated me a middle seat,10
"""not what you call a happy customer""",A320,Solo Leisure,Economy Class,MRS to YUL via LHR,2016-04-01,3.0,4.0,4.0,3.0,3.0,5,3.6666666666666665,0.5719,Positive,0.5719,2,7,1,662,not what you call a happy customer,26
"""hit and miss at times""",Boeing 767-300,Family Leisure,Business Class,LHR to LCA,2016-04-01,3.0,4.0,5.0,1.0,2.0,3,3.0,-0.1531,Negative,-0.1531,0,5,3,5,hit and miss at times,143
"""BA got us all home""",SAAB 2000,Couple Leisure,Economy Class,LCY to IOM,2016-04-01,4.0,5.0,5.0,3.4,4.0,4,4.233333333333333,0.0,Neutral,0.0,1,5,2,1,ba got us all home,207
"""not up to BA standards""",Boeing 737,Solo Leisure,Economy Class,CPH to LHR,2016-04-01,3.0,1.0,1.0,1.4,5.0,4,2.566666666666667,0.0,Neutral,0.0,1,5,2,9,not up to ba standards,112
"""felt a bit like catching a bus""",E-170,Business,Economy Class,LCY to RTM,2016-03-01,4.0,5.0,4.0,2.6,4.0,4,3.9333333333333336,0.3612,Positive,0.3612,2,7,1,2,felt a bit like catching a bus,194
"""seat selection costs extra""",Boeing 787 / A320,Couple Leisure,Business Class,YYZ to TXL via LHR,2016-03-01,5.0,5.0,5.0,5.0,5.0,4,4.833333333333333,0.0,Neutral,0.0,1,4,1,6,seat selection costs extra,174
"""absolutely no complaints""",Boeing 777,Couple Leisure,Business Class,TLV to LHR,2016-03-01,5.0,5.0,5.0,5.0,5.0,5,5.0,0.4271,Positive,0.4271,2,3,2,452,absolutely no complaints,145
"""same seat as economy class""",A319,Couple Leisure,Business Class,LGW to FCO,2016-03-01,3.0,5.0,3.0,3.4,3.0,2,3.233333333333333,0.0,Neutral,0.0,1,5,1,196,same seat as economy class,10
"""absurd cost-cutting measure""",A380 / Boeing 747-400,Business,Business Class,IAD to DXB via LHR,2016-03-01,3.0,4.0,3.0,3.0,4.0,3,3.3333333333333335,0.0,Neutral,0.0,1,3,2,2,absurd costcutting measure,84
"""aircraft was very old and dated""",Boeing 747-400,Solo Leisure,Economy Class,MIA to MAN via LHR,2016-03-01,3.0,2.0,1.0,1.0,4.0,1,2.0,0.0,Neutral,0.0,1,6,2,275,aircraft was very old and dated,129
"""approaching a national tragedy""",A321,Couple Leisure,Business Class,LHR to PSA,2016-03-01,1.0,4.0,3.0,3.4,3.0,1,2.566666666666667,-0.6597,Negative,-0.6597,0,4,2,126,approaching a national tragedy,59
"""worst flight for some time""",Boeing 777,Couple Leisure,Premium Economy,UVF to LGW,2016-03-01,2.0,1.0,1.0,1.0,2.0,1,1.3333333333333333,-0.6249,Negative,-0.6249,0,5,3,452,worst flight for some time,145
"""less comfortable than older style""",A320,Family Leisure,Economy Class,SVQ to LGW,2016-03-01,3.0,5.0,3.0,3.4,2.0,4,3.4,0.4601,Positive,0.4601,2,5,1,662,less comfortable than older style,26
"""will fly again with BA""",A319,Family Leisure,Economy Class,OSL to LHR,2016-03-01,4.0,4.0,3.0,3.4,4.0,4,3.733333333333333,0.0,Neutral,0.0,1,5,2,196,will fly again with ba,10
"""better than most shorthaul""",A319,Family Leisure,Economy Class,LGW to SVQ,2016-03-01,3.0,4.0,3.0,3.4,4.0,4,3.5666666666666664,0.4404,Positive,0.4404,2,4,2,196,better than most shorthaul,10
"""seat let down very good flight""",Boeing 787,Solo Leisure,Economy Class,BCN to SEL via LHR,2016-03-01,3.0,4.0,4.0,4.0,4.0,5,4.0,0.4927,Positive,0.4927,2,6,1,97,seat let down very good flight,172
"""same leg room as in Economy""",A380,Couple Leisure,Business Class,IST to LHR,2016-03-01,1.0,3.0,3.0,3.4,4.0,2,2.733333333333333,0.0,Neutral,0.0,1,6,1,302,same leg room as in economy,81
"""friendly and efficient service""",Boeing 777-200,Couple Leisure,Economy Class,LHR to IAH,2016-03-01,3.0,5.0,4.0,4.0,4.0,4,4.0,0.7184,Positive,0.7184,2,4,3,171,friendly and efficient service,157
"""BA.com been truly appalling""",Boeing 747-400,Couple Leisure,First Class,LHR to DEN,2016-03-01,3.0,4.0,3.0,3.0,4.0,2,3.1666666666666665,0.1027,Positive,0.1027,2,4,4,275,bacom been truly appalling,129
"""overall experience was pleasant""",Boeing 747-400 /A380,Solo Leisure,Economy Class,SEA to JNB via LHR,2016-03-01,3.0,4.0,4.0,2.0,4.0,4,3.5,0.5106,Positive,0.5106,2,4,1,1,overall experience was pleasant,137
"""food served has declined""",Boeing 787,Solo Leisure,Economy Class,AUH to LHR,2016-03-01,2.0,5.0,1.0,4.0,4.0,4,3.3333333333333335,0.0,Neutral,0.0,1,4,3,97,food served has declined,172
"""the most uncomfortable flight""",A320,Solo Leisure,Business Class,LGW to AMS,2016-03-01,2.0,2.0,2.0,2.0,3.0,2,2.1666666666666665,-0.4391,Negative,-0.4391,0,4,4,662,the most uncomfortable flight,26
"""terrific in-flight service""",Boeing 747-400,Solo Leisure,First Class,ORD to LHR,2016-03-01,5.0,5.0,5.0,5.0,5.0,5,5.0,0.4767,Positive,0.4767,2,3,3,275,terrific inflight service,129
"""a drinks and meal service""",A320,Solo Leisure,Business Class,LHR to AMS,2016-03-01,5.0,5.0,5.0,3.4,5.0,5,4.733333333333333,0.0,Neutral,0.0,1,5,7,662,a drinks and meal service,26
"""degraded its economy product""",Boeing 777,Couple Leisure,Economy Class,PHL to LHR,2016-03-01,1.0,5.0,1.0,3.0,3.0,1,2.3333333333333335,-0.4215,Negative,-0.4215,0,4,4,452,degraded its economy product,145
"""prefer the 767 on this route""",A320 / Boeing 767,Business,Economy Class,LHR to EDI,2016-03-01,4.0,4.0,2.0,2.0,4.0,4,3.3333333333333335,0.0,Neutral,0.0,1,6,6,4,prefer the  on this route,29
"""degraded its economy product""",Boeing 777,Couple Leisure,Economy Class,PHL to LHR,2016-03-01,1.0,5.0,1.0,3.0,3.0,1,2.3333333333333335,-0.4215,Negative,-0.4215,0,4,4,452,degraded its economy product,145
"""seat was truly dreadful""",Boeing 777-300,Solo Leisure,Premium Economy,SIN to LHR,2016-01-01,1.0,2.0,1.0,1.0,2.0,1,1.3333333333333333,0.0,Neutral,0.0,1,4,6,54,seat was truly dreadful,167
"""in my case worth the money""",Boeing 777,Couple Leisure,Premium Economy,LHR to NBO,2016-03-01,3.0,5.0,4.0,3.0,5.0,4,4.0,0.2263,Positive,0.2263,2,6,3,452,in my case worth the money,145
"""seats feel very cramped""","A320, A380",Solo Leisure,Economy Class,ATH to LAX via LHR,2016-01-01,2.0,4.0,4.0,5.0,4.0,3,3.6666666666666665,0.0,Neutral,0.0,1,4,1,3,seats feel very cramped,40
"""staff are very professional""",Boeing 747-400,Solo Leisure,Business Class,LHR to PRG,2016-02-01,4.0,5.0,5.0,3.4,5.0,5,4.566666666666666,0.0,Neutral,0.0,1,4,3,275,staff are very professional,129
"""lunch was one of the best""",A320,Solo Leisure,Business Class,TRN to LGW,2016-02-01,4.0,5.0,5.0,3.4,4.0,5,4.3999999999999995,0.6369,Positive,0.6369,2,6,1,662,lunch was one of the best,26
"""turf you into cattle class""",Boeing 777,Couple Leisure,Economy Class,AUS to LHR,2016-03-01,1.0,1.0,1.0,1.0,2.0,2,1.3333333333333333,0.0,Neutral,0.0,1,5,1,452,turf you into cattle class,145
"""staff energetic and motivated""","A320, Boeing 777",Couple Leisure,Economy Class,HEL to BOM via LHR,2016-03-01,5.0,5.0,5.0,5.0,5.0,5,5.0,0.7096,Positive,0.7096,2,4,1,1,staff energetic and motivated,43
"""crew polite but not friendly""",Boeing 777,Couple Leisure,Premium Economy,PUJ to LGW,2016-03-01,2.0,3.0,3.0,2.0,4.0,3,2.8333333333333335,-0.5334,Negative,-0.5334,0,5,1,452,crew polite but not friendly,145
"""seats are very uncomfortable""",A321,Business,Economy Class,LHR to SVO,2016-03-01,1.0,2.0,1.0,3.0,5.0,2,2.3333333333333335,-0.4391,Negative,-0.4391,0,4,2,126,seats are very uncomfortable,59
"""rather typical BA attitude""",A320,Solo Leisure,Economy Class,LHR to ZRH,2016-03-01,4.0,3.0,3.0,3.4,3.0,4,3.4,0.0,Neutral,0.0,1,4,4,662,rather typical ba attitude,26
"""friendly and attentive crew""",A321,Solo Leisure,Business Class,ZRH to LHR,2016-02-01,4.0,4.0,3.0,3.4,4.0,3,3.5666666666666664,0.4939,Positive,0.4939,2,4,3,126,friendly and attentive crew,59
"""terrible customer service""",A319,Business,Economy Class,AMS to LHR,2016-03-01,2.859667633869692,3.2404661016949152,2.7091954022988505,2.636533432947329,1.0,1,2.2409770951351313,-0.4767,Negative,-0.4767,0,3,5,196,terrible customer service,10
"""not overly happy with experience""",A380,Couple Leisure,Premium Economy,MIA to LHR,2015-11-01,1.0,4.0,3.0,4.0,4.0,2,3.0,-0.4585,Negative,-0.4585,0,5,6,302,not overly happy with experience,81
"""what a mistake""",Boeing 777,Business,Premium Economy,HKG to LHR,2016-03-01,3.0,3.0,3.0,3.0,1.0,1,2.3333333333333335,-0.34,Negative,-0.34,0,3,9,452,what a mistake,145
"""polite and professional""",A319,Solo Leisure,Economy Class,LHR to EDI,2016-03-01,5.0,5.0,3.0,3.4,5.0,3,4.066666666666666,0.0,Neutral,0.0,1,3,6,196,polite and professional,10
"""never to be repeated by us""",Boeing 777,Couple Leisure,Business Class,SYD to LHR via SIN,2016-02-01,1.0,2.0,3.4,3.0,2.0,1,2.066666666666667,0.0,Neutral,0.0,1,6,4,452,never to be repeated by us,145
"""Premium Economy recommended""",A380,Couple Leisure,Premium Economy,EDI to SFO via LHR,2015-09-01,5.0,4.0,5.0,5.0,4.0,5,4.666666666666667,0.2023,Positive,0.2023,2,3,1,302,premium economy recommended,81
"""IFE about 10 years out of date""",Boeing 777,Couple Leisure,Economy Class,LGW to PUJ,2016-03-01,1.0,2.0,4.0,2.0,4.0,3,2.6666666666666665,0.0,Neutral,0.0,1,7,4,452,ife about  years out of date,145
"""cabin was comfortable""",Boeing 777,Couple Leisure,First Class,LHR to SIN,2016-03-01,5.0,4.0,3.0,5.0,3.0,5,4.166666666666667,0.5106,Positive,0.5106,2,3,8,452,cabin was comfortable,145
"""lounge closed for some time""",A320,Business,Business Class,LGW to RAK,2016-02-01,2.0,4.0,4.0,2.6,1.0,1,2.433333333333333,0.0,Neutral,0.0,1,5,3,662,lounge closed for some time,26
"""not sure I'd pay for Premium Economy""",Boeing 777,Couple Leisure,Premium Economy,LHR to GIG,2016-02-01,4.0,4.0,3.0,4.0,4.0,3,3.6666666666666665,-0.1695,Negative,-0.1695,0,7,2,452,not sure id pay for premium economy,145
"""end-to-end experience poor""",Boeing 747-400 / A380,Business,First Class,LHR to ORD,2016-02-01,1.0,1.0,1.0,1.0,1.0,1,1.0,-0.4767,Negative,-0.4767,0,3,3,3,endtoend experience poor,136
"""product can be so variable""",Boeing 767,Solo Leisure,Economy Class,LHR to ATH,2016-03-01,4.0,5.0,4.0,4.0,5.0,5,4.5,0.0,Neutral,0.0,1,5,5,68,product can be so variable,140
"""a good experience flying BA""",Boeing 747-400,Business,Economy Class,CPH to ACC via LHR,2016-02-01,4.0,4.0,4.0,4.0,3.0,5,4.0,0.4404,Positive,0.4404,2,5,1,275,a good experience flying ba,129
"""seat space same as economy""",A320,Solo Leisure,Business Class,LHR to MUC,2016-02-01,2.0,5.0,5.0,3.4,5.0,5,4.233333333333333,0.0,Neutral,0.0,1,5,3,662,seat space same as economy,26
"""you're flying cattle class""",A320,Solo Leisure,Economy Class,ARN to LHR,2015-09-01,1.0,2.0,2.0,2.0,3.0,3,2.1666666666666665,0.0,Neutral,0.0,1,4,1,662,youre flying cattle class,26
"""food offered was pretty basic""",A320,Business,Business Class,LHR to HEL,2016-03-01,3.0,4.0,2.0,2.0,4.0,2,2.8333333333333335,0.4939,Positive,0.4939,2,5,1,662,food offered was pretty basic,26
"""excessive hand baggage""",Boeing 777-200,Couple Leisure,Economy Class,EDI to PHL via LHR,2016-02-01,4.0,5.0,4.0,4.0,4.0,4,4.166666666666667,0.4939,Positive,0.4939,2,3,1,171,excessive hand baggage,157
"""Friendly staff""",A320,Solo Leisure,Economy Class,VCE to LGW,2016-03-01,4.0,5.0,5.0,3.4,4.0,5,4.3999999999999995,0.4939,Positive,0.4939,2,2,1,662,friendly staff,26
"""seat was comfortable""",Boeing 787,Business,Business Class,LHR to MAA,2016-02-01,5.0,5.0,4.0,4.0,4.0,4,4.333333333333333,0.5106,Positive,0.5106,2,3,1,97,seat was comfortable,172
"""decided to upgrade""",Boeing 777-200,Solo Leisure,Business Class,JFK to LHR,2016-03-01,4.0,5.0,4.0,4.0,5.0,4,4.333333333333333,0.0,Neutral,0.0,1,3,10,171,decided to upgrade,157
"""seat pitch only 31 inches""",Boeing 777-300ER,Solo Leisure,Economy Class,LHR to JFK,2016-02-01,4.0,4.0,3.0,4.0,4.0,4,3.8333333333333335,0.0,Neutral,0.0,1,5,9,18,seat pitch only  inches,169
"""on board service okay""","A320, Boeing 767-300",Business,Economy Class,LHR - EDI to LHR,2016-03-01,4.0,4.0,3.0,3.4,4.0,3,3.5666666666666664,0.2263,Positive,0.2263,2,4,1,1,on board service okay,42
"""seats were uncomfortable""",Boeing 777,Solo Leisure,Economy Class,JFK to LHR,2016-03-01,2.0,5.0,2.0,2.0,3.0,3,2.8333333333333335,-0.3818,Negative,-0.3818,0,3,10,452,seats were uncomfortable,145
"""cabin looks a bit shabby""",Boeing 747-400,Couple Leisure,Economy Class,ACC to ZRH via LHR,2016-02-01,3.0,5.0,4.0,4.0,4.0,5,4.166666666666667,0.0,Neutral,0.0,1,5,1,275,cabin looks a bit shabby,129
"""do what they say they will do""",A320,Solo Leisure,Economy Class,OUL to LHR via HEL,2016-02-01,5.0,5.0,3.0,3.4,4.0,4,4.066666666666666,0.0,Neutral,0.0,1,7,1,662,do what they say they will do,26
"""they have lost my business""",A319,Business,Business Class,LHR to AMS,2016-02-01,1.0,2.0,1.0,1.4,3.0,1,1.5666666666666667,-0.3182,Negative,-0.3182,0,5,7,196,they have lost my business,10
"""shocking lack of legroom""",A320,Solo Leisure,Business Class,OTP to LHR,2016-02-01,1.0,4.0,1.0,1.0,4.0,2,2.1666666666666665,-0.6124,Negative,-0.6124,0,4,2,662,shocking lack of legroom,26
"""flight was amazing""",A380,Business,Economy Class,IAD to LHR,2016-02-01,5.0,5.0,3.0,3.0,1.0,4,3.5,0.5859,Positive,0.5859,2,3,2,302,flight was amazing,81
"""no entertainment""",Boeing 747,Couple Leisure,Premium Economy,LHR to CPT,2016-02-01,3.0,2.0,2.0,1.0,4.0,1,2.1666666666666665,0.4215,Positive,0.4215,2,2,9,135,no entertainment,117
"""BA has become so complacent""",Boeing 777,Couple Leisure,First Class,MAN to GIG via LHR,2016-01-01,1.0,1.0,3.0,2.0,1.0,2,1.6666666666666667,-0.188,Negative,-0.188,0,5,1,452,ba has become so complacent,145
"""customer service is abysmal""",Boeing 747,Family Leisure,Premium Economy,Amsterdam to Orlando,2015-08-01,2.859667633869692,3.2404661016949152,2.7091954022988505,2.636533432947329,1.0,1,2.2409770951351313,0.0,Neutral,0.0,1,4,1,135,customer service is abysmal,117
"""Service top notch ""","Boeing 777, A320, A380",Couple Leisure,Business Class,LAX to AMS via LHR,2016-02-01,4.0,5.0,3.0,4.0,5.0,5,4.333333333333333,0.2023,Positive,0.2023,2,4,1,1,service top notch ,156
"""staff friendly and efficient""",Boeing 777,Couple Leisure,Economy Class,LGW to PUJ,2016-01-01,4.0,5.0,3.0,2.0,2.0,5,3.5,0.7184,Positive,0.7184,2,4,4,452,staff friendly and efficient,145
"""dingy and tired looking""",Boeing 777,Solo Leisure,Premium Economy,LGW to CUN,2016-02-01,4.0,1.0,3.0,3.0,3.0,3,2.8333333333333335,-0.4404,Negative,-0.4404,0,4,3,452,dingy and tired looking,145
"""like sleeping on a park bench""",Boeing 787-9,Couple Leisure,First Class,KUL to LHR,2016-02-01,1.0,4.0,3.0,3.0,4.0,1,2.6666666666666665,0.3612,Positive,0.3612,2,6,5,54,like sleeping on a park bench,184
"""paid extra for exit row seats""",Boeing 767,Couple Leisure,Economy Class,LHR to ATH,2016-02-01,5.0,5.0,5.0,3.4,5.0,5,4.733333333333333,0.0,Neutral,0.0,1,6,5,68,paid extra for exit row seats,140
"""flight just about adequate""",Boeing 747,Family Leisure,Economy Class,LHR to YVR,2016-02-01,1.0,1.0,1.0,1.0,2.0,1,1.1666666666666667,0.2263,Positive,0.2263,2,4,6,135,flight just about adequate,117
"""unlikely I will fly BA again""",Boeing 787 / 777,Business,Business Class,SEA to TLV via LHR,2016-02-01,3.0,3.0,2.0,2.0,2.0,2,2.3333333333333335,0.0,Neutral,0.0,1,6,1,1,unlikely i will fly ba again,173
"""crew were welcoming""",A320,Couple Leisure,Business Class,LGW to NAP,2016-02-01,2.0,5.0,4.0,2.6,2.0,3,3.1,0.4404,Positive,0.4404,2,3,1,662,crew were welcoming,26
"""service was satisfactory""",A319,Solo Leisure,Economy Class,LHR to DUB,2016-02-01,5.0,3.0,3.0,3.4,3.0,4,3.5666666666666664,0.3612,Positive,0.3612,2,3,5,196,service was satisfactory,10
"""never travel with BA again""",Boeing 777,Solo Leisure,Business Class,LHR to YYZ,2016-02-01,2.859667633869692,3.2404661016949152,2.7091954022988505,2.636533432947329,3.0,1,2.5743104284684644,0.0,Neutral,0.0,1,5,6,452,never travel with ba again,145
"""no storage around the seat""",Boeing 777,Solo Leisure,Business Class,YYZ to LHR,2016-02-01,2.0,2.0,2.0,2.0,4.0,1,2.1666666666666665,0.0,Neutral,0.0,1,5,6,452,no storage around the seat,145
"""adequate leg room""",A320,Couple Leisure,Economy Class,LGW to RAK,2016-02-01,3.0,4.0,2.0,2.0,4.0,4,3.1666666666666665,0.2263,Positive,0.2263,2,3,3,662,adequate leg room,26
"""not responsible for luggage""",Boeing 747,Family Leisure,Economy Class,YVR to LIS via LHR,2016-01-01,3.0,3.0,1.0,2.0,1.0,1,1.8333333333333333,-0.2411,Negative,-0.2411,0,4,1,135,not responsible for luggage,117
"""efficient check in""",A320,Solo Leisure,Business Class,LGW to GVA,2016-01-01,5.0,5.0,4.0,2.6,2.0,5,3.9333333333333336,0.4215,Positive,0.4215,2,3,1,662,efficient check in,26
"""food was outstanding""",A380,Couple Leisure,First Class,LHR to MIa,2015-12-01,5.0,5.0,5.0,4.0,4.0,4,4.5,0.6124,Positive,0.6124,2,3,1,302,food was outstanding,81
"""seating configuration is odd""",Boeing 747 400,Family Leisure,Business Class,EDI to LAS via LHR,2016-02-01,4.0,5.0,5.0,3.0,3.0,4,4.0,-0.3182,Negative,-0.3182,0,4,2,10,seating configuration is odd,123
"""being second rate""",Boeing 777,Family Leisure,Business Class,LHR to DXB,2016-02-01,3.0,3.0,3.0,2.0,2.0,3,2.6666666666666665,0.0,Neutral,0.0,1,3,8,452,being second rate,145
"""clean new leather seats""",A320,Solo Leisure,Economy Class,MXP to LHR,2015-12-01,4.0,4.0,4.0,2.6,3.0,4,3.6,0.4019,Positive,0.4019,2,4,4,662,clean new leather seats,26
"""crew were upbeat and attentive""",A320,Solo Leisure,Economy Class,BCN to LHR,2016-01-01,3.0,5.0,4.0,2.6,4.0,3,3.6,0.0,Neutral,0.0,1,5,3,662,crew were upbeat and attentive,26
"""definitely fly them again""",Boeing 747-400,Business,Business Class,LHR to BOM,2016-02-01,4.0,5.0,4.0,3.0,4.0,5,4.166666666666667,0.4019,Positive,0.4019,2,4,3,275,definitely fly them again,129
"""good food and drink""",Boeing 777,Solo Leisure,First Class,ATL to LHR,2015-11-01,5.0,5.0,5.0,5.0,4.0,4,4.666666666666667,0.4404,Positive,0.4404,2,4,4,452,good food and drink,145
"""cost-cutting being evident""",Boeing 777-200,Business,Business Class,DOH to LHR via BAH,2015-12-01,4.0,4.0,4.0,3.0,3.0,4,3.6666666666666665,0.0,Neutral,0.0,1,3,3,171,costcutting being evident,157
"""incompetent staff at check in""",Boeing 747,Family Leisure,Economy Class,ZRH to LCY,2016-02-01,3.0,3.0,2.0,1.0,1.0,1,1.8333333333333333,-0.4767,Negative,-0.4767,0,5,1,135,incompetent staff at check in,117
"""in need of urgent update""",Boeing 747-400,Business,Business Class,LHR to GRU,2016-01-01,3.0,4.0,2.0,2.0,4.0,3,3.0,0.2023,Positive,0.2023,2,5,3,275,in need of urgent update,129
"""good hand baggage only deal""",A320,Solo Leisure,Economy Class,KBP to LHR,2016-02-01,4.0,4.0,5.0,3.4,1.0,5,3.733333333333333,0.7269,Positive,0.7269,2,5,1,662,good hand baggage only deal,26
"""first and last time""",Boeing 747-400,Family Leisure,Economy Class,YVR to LHR,2016-02-01,2.0,1.0,2.0,3.0,3.0,2,2.1666666666666665,0.0,Neutral,0.0,1,4,4,275,first and last time,129
"""very nice welcome""",A320,Couple Leisure,Economy Class,GLA to LHR,2016-01-01,4.0,5.0,5.0,3.4,5.0,5,4.566666666666666,0.7485,Positive,0.7485,2,3,1,662,very nice welcome,26
"""service was excellent""","A380, Boeing 747 and Boeing 777",Solo Leisure,Economy Class,JNB to JFK via LHR,2016-01-01,4.0,5.0,4.0,3.0,5.0,4,4.166666666666667,0.5719,Positive,0.5719,2,3,1,1,service was excellent,93
"""not a first class experience""",Boeing 777-200,Couple Leisure,First Class,GIG to LHR,2016-02-01,3.0,4.0,3.0,4.0,3.0,3,3.3333333333333335,0.0,Neutral,0.0,1,5,5,171,not a first class experience,157
"""shockingly poor""",Boeing 787,Couple Leisure,Premium Economy,LHR to YYC,2016-02-01,1.0,1.0,2.7091954022988505,2.636533432947329,1.0,1,1.5576214725410298,-0.5859,Negative,-0.5859,0,2,5,97,shockingly poor,172
"""not overwhelming First Class""",A380,Couple Leisure,First Class,LHR to SIN,2016-01-01,3.0,4.0,4.0,3.0,3.0,3,3.3333333333333335,0.0,Neutral,0.0,1,4,8,302,not overwhelming first class,81
"""crew were fine but nothing special""","A320, A380, Boeing 777-300",Couple Leisure,Economy Class,WAW to HKG via LHR,2016-01-01,3.0,3.0,4.0,4.0,4.0,4,3.6666666666666665,-0.3584,Negative,-0.3584,0,6,1,1,crew were fine but nothing special,41
British Airways customer review,Boeing 777,Business,First Class,LHR to EWR,2016-01-01,5.0,5.0,5.0,5.0,4.0,4,4.666666666666667,0.0,Neutral,0.0,1,4,3,452,british airways customer review,145
"""very little seat privacy""",A318,Solo Leisure,Business Class,LCY to JFK,2015-10-01,3.0,5.0,1.0,2.0,5.0,5,3.5,0.0,Neutral,0.0,1,4,1,6,very little seat privacy,9
"""staff were loud and abrupt""",Boeing 777-200,Solo Leisure,Economy Class,LHR to BOS,2016-01-01,2.0,2.0,1.0,2.0,1.0,2,1.6666666666666667,0.0,Neutral,0.0,1,5,6,171,staff were loud and abrupt,157
"""another dreadful experience""",Boeing 747,Solo Leisure,Economy Class,YVR to NBO via LHR,2015-12-01,2.0,2.0,2.0,2.0,1.0,3,2.0,-0.4404,Negative,-0.4404,0,3,1,135,another dreadful experience,117
"""extremely moody check in""",Boeing 777-200,Couple Leisure,Economy Class,EDI to LGW,2016-01-01,4.0,4.0,4.0,2.6,1.0,4,3.266666666666667,-0.4201,Negative,-0.4201,0,4,2,171,extremely moody check in,157
"""an excellent service""",Boeing 777,Couple Leisure,Business Class,LHR to GIG,2016-01-01,4.0,5.0,4.0,3.0,4.0,4,4.0,0.5719,Positive,0.5719,2,3,2,452,an excellent service,145
"""last time with BA ever""",Boeing 777,Couple Leisure,Business Class,LGW to MLE,2016-01-01,1.0,1.0,1.0,1.0,1.0,1,1.0,0.0,Neutral,0.0,1,5,1,452,last time with ba ever,145
"""great at helping us""",Boeing 777-200,Family Leisure,Economy Class,GLA to CDG via LHR,2016-01-01,4.0,5.0,4.0,2.6,4.0,4,3.9333333333333336,0.743,Positive,0.743,2,4,1,171,great at helping us,157
"""think twice about booking""",Boeing 747-400,Couple Leisure,Economy Class,LHR to CPT,2016-01-01,3.0,3.0,2.0,2.0,5.0,2,2.8333333333333335,0.0,Neutral,0.0,1,4,9,275,think twice about booking,129
"""zero customer service skills""",A380,Couple Leisure,Business Class,JNB to LHR,2016-01-01,3.0,2.0,2.0,2.0,1.0,1,1.8333333333333333,0.0,Neutral,0.0,1,4,4,302,zero customer service skills,81
"""very pleasant flights""",Boeing 747-400,Couple Leisure,Economy Class,GLA to JFK via LHR,2015-12-01,4.0,5.0,5.0,5.0,4.0,5,4.666666666666667,0.5563,Positive,0.5563,2,3,1,275,very pleasant flights,129
"""best sets of flights""",Boeing 747-400,Solo Leisure,Premium Economy,KWI to EDI via LHR,2015-12-01,5.0,5.0,5.0,5.0,5.0,5,5.0,0.6369,Positive,0.6369,2,4,2,275,best sets of flights,129
"""extra fare not justified""",Boeing 747-400,Solo Leisure,Premium Economy,YVR to LHR,2016-01-01,3.0,3.0,1.0,1.0,4.0,2,2.3333333333333335,-0.3089,Negative,-0.3089,0,4,4,275,extra fare not justified,129
"""my bags haven't arrived""",A380,Solo Leisure,Premium Economy,LHR to SFO via EDI,2016-01-01,1.0,1.0,2.7091954022988505,2.636533432947329,1.0,1,1.5576214725410298,0.0,Neutral,0.0,1,4,1,302,my bags havent arrived,81
"""nice cabin attendants""",Embraer 190,Solo Leisure,Economy Class,FRA to LCY,2015-10-01,5.0,5.0,4.0,2.6,2.0,3,3.6,0.4215,Positive,0.4215,2,3,1,15,nice cabin attendants,202
"""check in was efficient""",A320,Solo Leisure,Economy Class,LGW to SZG,2015-09-01,4.0,4.0,3.0,3.4,3.0,4,3.5666666666666664,0.4215,Positive,0.4215,2,4,1,662,check in was efficient,26
"""the lack of service""",A380,Family Leisure,Premium Economy,MIA to MAN via LHR,2016-01-01,2.0,1.0,1.0,1.0,1.0,1,1.1666666666666667,-0.3182,Negative,-0.3182,0,4,2,302,the lack of service,81
"""won't be using BA again""",Boeing 777,Couple Leisure,Economy Class,BKK to LHR,2015-12-01,2.0,2.0,1.0,1.0,3.0,2,1.8333333333333333,0.0,Neutral,0.0,1,5,13,452,wont be using ba again,145
"""good value for money""",A380,Solo Leisure,Economy Class,HKG to LHR,2015-09-01,4.0,5.0,3.0,3.0,4.0,4,3.8333333333333335,0.6486,Positive,0.6486,2,4,9,302,good value for money,81
"""needs to up its game""",A319,Business,Economy Class,LBA to LHR,2016-01-01,1.0,5.0,3.0,3.4,5.0,3,3.4,0.0,Neutral,0.0,1,5,3,196,needs to up its game,10
"""old but comfortable Boeing 767""",Boeing 767,Solo Leisure,Economy Class,AMS to LHR,2016-01-01,4.0,4.0,4.0,2.6,5.0,4,3.9333333333333336,0.6652,Positive,0.6652,2,5,5,68,old but comfortable boeing ,140
"""champagne almost as warm as cup of tea""",Boeing 777-300ER,Solo Leisure,First Class,HKG to LHR,2015-12-01,5.0,4.0,2.0,2.0,3.0,2,3.0,0.4256,Positive,0.4256,2,8,9,18,champagne almost as warm as cup of tea,169
"""time to upgrade the cabin""",Boeing 747,Solo Leisure,Business Class,CPT to LHR,2015-02-01,4.0,3.0,4.0,4.0,4.0,4,3.8333333333333335,0.0,Neutral,0.0,1,5,2,135,time to upgrade the cabin,117
"""they really do not care""",A320 / A380,Family Leisure,Economy Class,MCO to LHR via MIA,2016-01-01,4.0,3.0,2.0,3.0,1.0,1,2.3333333333333335,-0.4389,Negative,-0.4389,0,5,1,6,they really do not care,27
"""would fly them again""",A380,Solo Leisure,Economy Class,LHR to SFO,2016-01-01,4.0,5.0,5.0,5.0,4.0,4,4.5,0.0,Neutral,0.0,1,4,9,302,would fly them again,81
"""where have standards gone?""",Boeing 737,Business,Economy Class,CPH to LHR,2015-12-01,2.0,1.0,1.0,1.0,3.0,3,1.8333333333333333,0.0,Neutral,0.0,1,4,2,9,where have standards gone,112
"""not sure I'd fly British Airways """,Boeing 747,Couple Leisure,Economy Class,LHR to LAS,2015-09-01,2.0,1.0,1.0,1.0,3.0,2,1.6666666666666667,-0.2411,Negative,-0.2411,0,7,4,135,not sure id fly british airways ,117
"""really slipping down""",Boeing 777,Couple Leisure,Business Class,BKK to LHR,2016-01-01,2.0,3.0,2.0,3.0,3.0,3,2.6666666666666665,0.0,Neutral,0.0,1,3,13,452,really slipping down,145
"""seats generally okay""",Boeing 777-300,Solo Leisure,Economy Class,LHR to JED,2016-01-01,3.0,4.0,4.0,4.0,3.0,4,3.6666666666666665,0.2263,Positive,0.2263,2,3,1,54,seats generally okay,167
"""standards are slipping""",A320,Couple Leisure,Business Class,FNC to LGW,2015-12-01,1.0,2.0,1.0,1.4,2.0,1,1.4000000000000001,0.0,Neutral,0.0,1,3,1,662,standards are slipping,26
"""abyssal customer service""",Boeing 747-400,Business,Business Class,LHR to JFK,2015-10-01,3.0,1.0,1.0,1.0,1.0,2,1.5,0.0,Neutral,0.0,1,3,9,275,abyssal customer service,129
"""it's disappointing""",Boeing 777-200,Family Leisure,Premium Economy,iAH to LHR,2015-12-01,3.0,3.0,3.0,2.0,3.0,2,2.6666666666666665,-0.4939,Negative,-0.4939,0,2,1,171,its disappointing,157
"""service was good""",A320/A321,Family Leisure,Economy Class,OTP to LHR,2015-12-01,4.0,4.0,4.0,2.6,3.0,5,3.766666666666667,0.4404,Positive,0.4404,2,3,2,1,service was good,51
"""questioning my loyalty """,Boeing 777-200,Couple Leisure,Business Class,YYZ to LHR,2015-12-01,2.0,2.0,2.0,4.0,4.0,4,3.0,0.4767,Positive,0.4767,2,4,6,171,questioning my loyalty ,157
"""better than Club World""",Boeing 747,Couple Leisure,First Class,LHR to MEX,2016-01-01,4.0,5.0,4.0,4.0,4.0,5,4.333333333333333,0.4404,Positive,0.4404,2,4,1,135,better than club world,117
"""they are old planes""",Boeing 747-400,Family Leisure,First Class,LAS to LHR,2015-12-01,1.0,2.0,3.0,1.0,2.0,1,1.6666666666666667,0.0,Neutral,0.0,1,4,6,275,they are old planes,129
"""seat was comfortable""",Boeing 777,Couple Leisure,Premium Economy,MUC to JFK via LHR,2016-01-01,3.0,3.0,4.0,4.0,5.0,4,3.8333333333333335,0.5106,Positive,0.5106,2,3,1,452,seat was comfortable,145
"""BA should have done more""",A320,Couple Leisure,Economy Class,LHR to PSA,2015-12-01,4.0,2.0,1.0,1.4,1.0,1,1.7333333333333334,0.0,Neutral,0.0,1,5,2,662,ba should have done more,26
"""another shabby experience""",Boeing 767,Couple Leisure,Economy Class,LHR to GLA,2016-01-01,3.0,3.0,2.0,2.0,2.0,1,2.1666666666666665,0.0,Neutral,0.0,1,3,2,68,another shabby experience,140
"""seats quite comfortable""",A320,Couple Leisure,Economy Class,MLA to LGW,2016-01-01,4.0,4.0,4.0,2.6,4.0,5,3.9333333333333336,0.5563,Positive,0.5563,2,3,3,662,seats quite comfortable,26
"""service was terrible""",A380,Couple Leisure,Economy Class,JNB to DUB via LHR,2015-12-01,3.0,5.0,4.0,1.0,3.0,4,3.3333333333333335,-0.4767,Negative,-0.4767,0,3,1,302,service was terrible,81
"""food was pretty good""",A320 / Boeing 787,Solo Leisure,Economy Class,TLV to PHL via LHR,2015-11-01,3.0,4.0,4.0,5.0,4.0,1,3.5,0.7269,Positive,0.7269,2,4,1,5,food was pretty good,33
"""staff was very helpful""",Boeing 787,Family Leisure,Economy Class,NCE to YUL via LHR,2016-01-01,5.0,5.0,4.0,4.0,5.0,5,4.666666666666667,0.4754,Positive,0.4754,2,4,1,97,staff was very helpful,172
"""most unpleasant experience""",Boeing 777,Solo Leisure,Economy Class,BKK to LHR,2016-01-01,1.0,1.0,1.0,1.0,2.0,1,1.1666666666666667,-0.5256,Negative,-0.5256,0,3,13,452,most unpleasant experience,145
"""gave their friends first class champagne""",Boeing 777,Couple Leisure,Premium Economy,LGW to PUJ,2015-12-01,1.0,1.0,1.0,1.0,1.0,1,1.0,0.6486,Positive,0.6486,2,6,4,452,gave their friends first class champagne,145
"""a very poor experience""",A380,Family Leisure,Economy Class,LHR to JNB,2015-12-01,1.0,4.0,1.0,3.0,3.0,1,2.1666666666666665,-0.5256,Negative,-0.5256,0,4,8,302,a very poor experience,81
"""experience was adequate""",Boeing 747,Solo Leisure,Economy Class,YVR-LIS via LHR,2015-06-01,3.0,3.0,3.0,2.0,4.0,3,3.0,0.2263,Positive,0.2263,2,3,1,135,experience was adequate,117
"""was a good flight""",Boeing 777,Family Leisure,Business Class,LHR to DEL,2015-12-01,4.0,4.0,4.0,4.0,5.0,4,4.166666666666667,0.4404,Positive,0.4404,2,4,2,452,was a good flight,145
"""professional attentive cabin crew""",B767 / A380,Business,Business Class,MAD to LAX via LHR,2015-11-01,4.0,5.0,5.0,5.0,5.0,4,4.666666666666667,0.0,Neutral,0.0,1,4,1,1,professional attentive cabin crew,106
"""the worst business class""",Boeing 777,Couple Leisure,Business Class,CPH to ORD via LHR,2015-12-01,2.0,3.0,1.0,1.0,1.0,1,1.5,-0.6249,Negative,-0.6249,0,4,1,452,the worst business class,145
"""only book BA if lowest fare""",A320,Solo Leisure,Economy Class,VIE to NCL via LHR,2015-11-01,3.0,3.0,3.0,3.4,4.0,2,3.0666666666666664,-0.3818,Negative,-0.3818,0,6,1,662,only book ba if lowest fare,26
"""cost no more than Ryanair""",A320,Solo Leisure,Economy Class,LHR to BCN,2015-12-01,3.0,3.0,3.0,3.4,4.0,4,3.4,-0.296,Negative,-0.296,0,5,3,662,cost no more than ryanair,26
"""sad to see the same old planes """,A319,Solo Leisure,Economy Class,LHR to NCL,2015-12-01,2.0,3.0,1.0,1.4,4.0,1,2.066666666666667,-0.4767,Negative,-0.4767,0,8,3,196,sad to see the same old planes ,10
"""clean and efficient""",Boeing 777,Solo Leisure,Economy Class,JED to LHR,2015-12-01,4.0,5.0,5.0,4.0,4.0,5,4.5,0.6705,Positive,0.6705,2,3,1,452,clean and efficient,145
"""service onboard was dreadful""",A320,Couple Leisure,Economy Class,LIS to LHR,2015-12-01,3.0,1.0,3.0,1.0,3.0,3,2.3333333333333335,-0.4404,Negative,-0.4404,0,4,3,662,service onboard was dreadful,26
"""entirely unsympathetic""",Boeing 747-400,Business,Economy Class,New York to London,2015-12-01,4.0,4.0,3.0,3.0,1.0,1,2.6666666666666665,0.0,Neutral,0.0,1,2,8,275,entirely unsympathetic,129
"""Air Canada next time""",Boeing 747-400,Solo Leisure,Business Class,LHR to YVR,2015-12-01,4.0,4.0,3.0,1.0,3.0,2,2.8333333333333335,0.0,Neutral,0.0,1,4,6,275,air canada next time,129
"""last time I will fly British Airways""",Boeing 777,Couple Leisure,Premium Economy,Gatwick to Las Vegas,2015-10-01,4.0,2.0,1.0,1.0,3.0,2,2.1666666666666665,0.0,Neutral,0.0,1,7,4,452,last time i will fly british airways,145
"""I was disappointed""",Boeing 777-200,Family Leisure,Premium Economy,CPT to GVA via LHR,2015-12-01,1.0,3.0,3.0,1.0,2.0,2,2.0,-0.4767,Negative,-0.4767,0,3,1,171,i was disappointed,157
"""I am left disappointed""",Boeing 747-400,Business,Economy Class,London to Vancouver,2015-12-01,2.0,4.0,3.0,2.0,1.0,2,2.3333333333333335,-0.4767,Negative,-0.4767,0,4,11,275,i am left disappointed,129
"""tired and jaded aircraft""",Boeing 747-400,Family Leisure,Economy Class,LHR to BOM,2015-12-01,1.0,1.0,2.0,1.0,3.0,1,1.5,-0.6705,Negative,-0.6705,0,4,3,275,tired and jaded aircraft,129
"""upped their game with food""",Boeing 777-200,Couple Leisure,Business Class,LGW to MCO,2015-12-01,5.0,5.0,5.0,4.0,4.0,5,4.666666666666667,0.0,Neutral,0.0,1,5,4,171,upped their game with food,157
"""excellent flights""",A320,Couple Leisure,Economy Class,GLA to MUC via LHR,2015-12-01,4.0,5.0,4.0,2.6,5.0,5,4.266666666666667,0.5719,Positive,0.5719,2,2,1,662,excellent flights,26
"""tired, overpriced airline""",Boeing 777,Couple Leisure,Economy Class,LHR to BKK,2015-09-01,1.0,4.0,3.0,1.0,2.0,1,2.0,-0.4404,Negative,-0.4404,0,3,10,452,tired overpriced airline,145
"""don't bother with British Airways""",A320,Couple Leisure,Economy Class,LGW to SSH,2015-12-01,2.859667633869692,3.2404661016949152,2.7091954022988505,2.636533432947329,1.0,1,2.2409770951351313,0.2584,Positive,0.2584,2,5,2,662,dont bother with british airways,26
"""we are disappointed""",Boeing 747-400,Couple Leisure,First Class,PHX to LHR,2015-12-01,4.0,2.0,2.0,1.0,1.0,2,2.0,-0.4767,Negative,-0.4767,0,3,2,275,we are disappointed,129
"""satisfactory and recommended""",Embraer170,Family Leisure,Economy Class,LCY to GVA,2015-12-01,4.0,5.0,4.0,2.6,4.0,4,3.9333333333333336,0.5106,Positive,0.5106,2,3,2,1,satisfactory and recommended,206
"""seat very comfortable""",Boeing 747-400,Couple Leisure,Business Class,GRU to LHR,2015-12-01,5.0,5.0,5.0,3.0,5.0,5,4.666666666666667,0.5563,Positive,0.5563,2,3,2,275,seat very comfortable,129
"""good experience for the price""",A320,Family Leisure,Economy Class,Prague to New York via London,2015-12-01,5.0,5.0,2.0,5.0,4.0,4,4.166666666666667,0.4404,Positive,0.4404,2,5,1,662,good experience for the price,26
"""food was decent""",Boeing 777-300,Solo Leisure,Economy Class,Madrid to Sydney via LHR,2015-12-01,4.0,1.0,3.0,4.0,4.0,4,3.3333333333333335,0.0,Neutral,0.0,1,3,1,54,food was decent,167
"""service very good and friendly""",A380,Couple Leisure,Business Class,Heathrow to Johannesburg,2015-10-01,2.0,4.0,3.0,2.0,2.0,3,2.6666666666666665,0.7688,Positive,0.7688,2,5,3,302,service very good and friendly,81
"""recommend British Airways""",A320,Couple Leisure,Business Class,LGW to BCN,2015-11-01,4.0,5.0,5.0,3.4,5.0,5,4.566666666666666,0.3612,Positive,0.3612,2,3,1,662,recommend british airways,26
"""absolutely chaotic boarding process""",A320,Solo Leisure,Economy Class,Salzburg to London Gatwick,2015-12-01,2.0,1.0,1.0,1.4,2.0,1,1.4000000000000001,-0.5413,Negative,-0.5413,0,4,1,662,absolutely chaotic boarding process,26
"""would not pay the asking price""",A320,Couple Leisure,Business Class,LHR to AMS,2015-12-01,5.0,5.0,5.0,3.4,5.0,5,4.733333333333333,0.0762,Positive,0.0762,2,6,7,662,would not pay the asking price,26
"""staff seem preoccupied""",A380,Solo Leisure,Business Class,London to Los Angeles,2015-12-01,3.0,3.0,2.0,2.0,3.0,1,2.3333333333333335,0.0,Neutral,0.0,1,3,10,302,staff seem preoccupied,81
"""definitely to be avoided""",Boeing 777,Couple Leisure,Premium Economy,GIG to LHR,2015-11-01,3.0,2.0,2.0,1.0,2.0,1,1.8333333333333333,0.0772,Positive,0.0772,2,4,5,452,definitely to be avoided,145
British Airways customer review,Boeing 747,Couple Leisure,Business Class,LHR to YVR,2015-12-01,5.0,5.0,5.0,5.0,5.0,5,5.0,0.0,Neutral,0.0,1,4,6,135,british airways customer review,117
"""adequate inflight service""",A319,Business,Economy Class,Newcastle to Heathrow,2015-12-01,4.0,5.0,2.7091954022988505,2.636533432947329,5.0,5,4.05762147254103,0.2263,Positive,0.2263,2,3,1,196,adequate inflight service,10
"""thoroughly enjoyed the food""",Boeing 777-200,Couple Leisure,Business Class,MAN to JFK via LHR,2015-12-01,4.0,5.0,5.0,4.0,5.0,5,4.666666666666667,0.5563,Positive,0.5563,2,4,2,171,thoroughly enjoyed the food,157
"""layout of seating poor""",Boeing 777,Business,Business Class,BKK to LHR,2015-08-01,2.0,5.0,5.0,3.0,1.0,4,3.3333333333333335,-0.4767,Negative,-0.4767,0,4,13,452,layout of seating poor,145
"""enough legroom for a tall man""",Boeing 777,Family Leisure,Economy Class,GIG to LHR,2015-12-01,4.0,5.0,4.0,5.0,5.0,5,4.666666666666667,0.0,Neutral,0.0,1,6,5,452,enough legroom for a tall man,145
"""consistent erosion in quality""",Boeing 777,Business,Premium Economy,LHR to AUS,2015-11-01,3.0,3.0,2.0,3.0,1.0,1,2.1666666666666665,0.0,Neutral,0.0,1,4,2,452,consistent erosion in quality,145
"""service was lacking in finesse""",Boeing 747-400,Solo Leisure,Economy Class,London Gatwick to Salzburg,2015-12-01,2.0,1.0,1.0,1.4,1.0,1,1.2333333333333334,0.0,Neutral,0.0,1,5,2,275,service was lacking in finesse,129
"""not a pleasant experience""",Boeing 777,Couple Leisure,Economy Class,Punta Cana to London,2015-12-01,3.0,1.0,1.0,1.0,3.0,2,1.8333333333333333,-0.4023,Negative,-0.4023,0,4,1,452,not a pleasant experience,145
"""continues to set high standards""",Boeing 777-300,Couple Leisure,Economy Class,LHR to SIN,2015-12-01,5.0,5.0,5.0,5.0,5.0,5,5.0,0.0,Neutral,0.0,1,5,8,54,continues to set high standards,167
"""impressive all round""",A320,Solo Leisure,Economy Class,LHR to MAN,2015-12-01,5.0,5.0,5.0,3.4,5.0,5,4.733333333333333,0.5106,Positive,0.5106,2,3,2,662,impressive all round,26
"""efficient and friendly service""",Boeing 777,Solo Leisure,Premium Economy,SEA to LHR,2015-11-01,4.0,3.0,3.0,4.0,2.0,4,3.3333333333333335,0.7184,Positive,0.7184,2,4,2,452,efficient and friendly service,145
"""suffered with seat A by the window""",Boeing 747,Solo Leisure,Economy Class,LHR to SEA,2015-12-01,2.0,3.0,5.0,2.0,5.0,3,3.3333333333333335,-0.4939,Negative,-0.4939,0,7,3,135,suffered with seat a by the window,117
"""a very enjoyable flight""",Boeing 777,Couple Leisure,Business Class,BKK to LHR,2015-12-01,5.0,5.0,5.0,4.0,5.0,5,4.833333333333333,0.4927,Positive,0.4927,2,4,13,452,a very enjoyable flight,145
"""definitely fly again""",A320,Solo Leisure,Business Class,TXL to LHR,2015-12-01,5.0,5.0,5.0,3.4,4.0,4,4.3999999999999995,0.4019,Positive,0.4019,2,3,2,662,definitely fly again,26
"""BA really did not care""",Boeing 787-9,Solo Leisure,First Class,JFK to London,2015-08-01,5.0,4.0,2.0,2.0,2.0,1,2.6666666666666665,-0.4389,Negative,-0.4389,0,5,1,54,ba really did not care,184
"""relaxing and luxurious""",Boeing 777-200,Couple Leisure,Business Class,London Gatwick to Punta Cana,2015-12-01,5.0,5.0,5.0,4.0,5.0,5,4.833333333333333,0.4939,Positive,0.4939,2,3,2,171,relaxing and luxurious,157
"""very friendly crew""",Boeing 777-200,Solo Leisure,Economy Class,LGW to TPA,2015-12-01,3.0,4.0,4.0,4.0,4.0,4,3.8333333333333335,0.5413,Positive,0.5413,2,3,3,171,very friendly crew,157
"""unlimited legroom and a speedy exit""",Boeing 747-400,Solo Leisure,Economy Class,Heathrow to Cape Town,2015-12-01,4.0,5.0,5.0,4.0,5.0,4,4.5,0.0,Neutral,0.0,1,6,1,275,unlimited legroom and a speedy exit,129
"""Very little leg room""",A321,Couple Leisure,Economy Class,Gatwick to Funchal,2015-12-01,1.0,4.0,1.0,1.4,3.0,1,1.9000000000000001,0.0,Neutral,0.0,1,4,3,126,very little leg room,59
"""wasn't as unpleasant as I had expected""",Boeing 747-400,Solo Leisure,Economy Class,London to Chicago,2015-11-01,3.0,3.0,2.0,2.0,3.0,3,2.6666666666666665,0.3724,Positive,0.3724,2,7,9,275,wasnt as unpleasant as i had expected,129
"""cabin now feels outdated""",Boeing 777,Couple Leisure,Premium Economy,Gatwick to Las Vegas,2015-12-01,4.0,4.0,3.0,3.0,4.0,3,3.5,0.0,Neutral,0.0,1,4,4,452,cabin now feels outdated,145
"""get your act together""",Boeing 777 / A319,Solo Leisure,First Class,HND to BRU via LHR,2015-11-01,3.0,4.0,2.0,2.0,4.0,3,3.0,0.0,Neutral,0.0,1,4,1,1,get your act together,149
"""never been so disappointed""",Boeing 747-400,Business,First Class,LAS to LHR,2015-11-01,3.0,5.0,2.0,1.0,1.0,1,2.1666666666666665,-0.6113,Negative,-0.6113,0,4,6,275,never been so disappointed,129
"""comfortable, if narrow, seats""",Boeing 777,Couple Leisure,Business Class,Tampa to Gatwick,2015-11-01,4.0,4.0,3.0,2.0,3.0,4,3.3333333333333335,0.5106,Positive,0.5106,2,4,5,452,comfortable if narrow seats,145
"""crummy Boeing 747s""",Boeing 747-400,Couple Leisure,Premium Economy,LHR to MIA,2015-11-01,4.0,3.0,3.0,2.0,3.0,3,3.0,0.0,Neutral,0.0,1,3,13,275,crummy boeing s,129
"""never going to fly them again """,Boeing 747,Couple Leisure,Economy Class,LHR to LAS,2015-07-01,1.0,4.0,1.0,1.4,1.0,1,1.5666666666666667,0.0,Neutral,0.0,1,7,4,135,never going to fly them again ,117
"""disappointed by lack of care""",Boeing 747-400,Couple Leisure,Economy Class,JFK to LHR,2015-11-01,2.0,3.0,3.0,4.0,4.0,3,3.1666666666666665,-0.296,Negative,-0.296,0,5,10,275,disappointed by lack of care,129
"""horrid excuse for customer service""",Boeing 777,Couple Leisure,Economy Class,YUL to FCO via LHR,2015-10-01,4.0,3.0,1.0,1.0,1.0,1,1.8333333333333333,-0.4939,Negative,-0.4939,0,5,2,452,horrid excuse for customer service,145
"""staff bordering on rude""",Boeing 777-200,Couple Leisure,Premium Economy,LHR to KUL,2015-11-01,3.0,2.0,2.0,2.0,3.0,3,2.5,-0.4588,Negative,-0.4588,0,4,7,171,staff bordering on rude,157
"""flights therefore very uncomfortable""",Boeing 777,Family Leisure,Economy Class,IAD to DXB via LHR,2015-11-01,1.0,4.0,4.0,4.0,3.0,4,3.3333333333333335,-0.4391,Negative,-0.4391,0,4,2,452,flights therefore very uncomfortable,145
"""pleasantly surprised""",Boeing 747-400,Solo Leisure,Economy Class,EDI to LAS via LHR,2015-11-01,3.0,5.0,5.0,4.0,5.0,5,4.5,0.6124,Positive,0.6124,2,2,2,275,pleasantly surprised,129
"""vegetarian salad was welcome""",A320,Solo Leisure,Economy Class,MAD to LHR,2015-11-01,5.0,5.0,4.0,2.6,4.0,4,4.1000000000000005,0.4588,Positive,0.4588,2,4,2,662,vegetarian salad was welcome,26
"""miserable Business Class experience""",A320,Couple Leisure,Business Class,LHR to IST,2015-10-01,1.0,4.0,1.0,1.4,2.0,1,1.7333333333333334,-0.4939,Negative,-0.4939,0,4,7,662,miserable business class experience,26
"""British Airways have lost the plot""",Boeing 777,Couple Leisure,Economy Class,London to Barbados,2015-11-01,2.0,2.0,1.0,2.0,3.0,2,2.0,-0.3182,Negative,-0.3182,0,6,4,452,british airways have lost the plot,145
"""aircraft are old and shabby""",Boeing 777-200,Couple Leisure,Premium Economy,GLA to BKK via LHR,2015-10-01,2.0,1.0,3.0,1.0,2.0,2,1.8333333333333333,0.0,Neutral,0.0,1,5,2,171,aircraft are old and shabby,157
"""the food was shocking""",A319,Solo Leisure,Premium Economy,LHR to BNE via SIN,2015-10-01,2.0,4.0,2.0,2.0,3.0,3,2.6666666666666665,-0.4019,Negative,-0.4019,0,4,1,196,the food was shocking,10
"""treat passengers poorly""",Boeing 777-300ER,Business,Economy Class,MAN to BOM via LHR,2015-01-01,3.0,1.0,1.0,2.0,4.0,4,2.5,0.4019,Positive,0.4019,2,3,1,18,treat passengers poorly,169
"""made me check my carry-on bag""",Boeing 767,Couple Leisure,Economy Class,Rome to London,2015-11-01,3.0,5.0,4.0,2.6,1.0,2,2.9333333333333336,0.0,Neutral,0.0,1,6,9,68,made me check my carryon bag,140
"""service very mediocre at best""",Boeing 777,Couple Leisure,Business Class,Bangkok to London,2015-11-01,4.0,2.0,2.0,2.0,3.0,2,2.5,0.6666,Positive,0.6666,2,5,7,452,service very mediocre at best,145
"""disgusted by such treatment""",A319,Business,Economy Class,LGW to AMS,2015-11-01,1.0,2.0,1.0,1.4,1.0,3,1.5666666666666667,-0.5267,Negative,-0.5267,0,4,4,196,disgusted by such treatment,10
"""large and very private seating""",A380,Couple Leisure,First Class,Heathrow to Singapore,2015-11-01,5.0,5.0,5.0,5.0,5.0,5,5.0,0.0,Neutral,0.0,1,5,2,302,large and very private seating,81
"""just about okay overall""",A320/321,Couple Leisure,Business Class,LHR to Krakow,2015-11-01,2.0,5.0,4.0,2.6,2.0,3,3.1,0.2263,Positive,0.2263,2,4,1,1,just about okay overall,49
"""excellent flight on A380""",A380,Solo Leisure,Premium Economy,BSL to JNB via LHR,2015-11-01,4.0,5.0,4.0,5.0,4.0,4,4.333333333333333,0.5719,Positive,0.5719,2,4,1,302,excellent flight on a,81
"""pleased with my flight""",Boeing 747-400,Solo Leisure,Economy Class,London to Vancouver,2015-08-01,3.0,4.0,5.0,5.0,2.0,3,3.6666666666666665,0.4404,Positive,0.4404,2,4,11,275,pleased with my flight,129
"""is well worth the extra""",A380 / Boeing 747-400,Couple Leisure,Premium Economy,LHR to SFO,2015-11-01,4.0,5.0,5.0,4.0,3.0,5,4.333333333333333,0.4588,Positive,0.4588,2,5,9,2,is well worth the extra,84
"""sunk to new depths""",A319,Couple Leisure,Economy Class,Vienna to London,2015-11-01,3.0,3.0,2.0,2.0,2.0,1,2.1666666666666665,0.0,Neutral,0.0,1,4,4,196,sunk to new depths,10
"""uncomfortable business class flight""",Boeing 747-400,Business,Business Class,LHR to GRU,2015-11-01,1.0,2.0,1.0,1.0,3.0,1,1.5,-0.3818,Negative,-0.3818,0,4,3,275,uncomfortable business class flight,129
"""Not great, not bad, just OK""",Boeing 777,Couple Leisure,Premium Economy,LGW to Grenada,2015-11-01,3.0,3.0,3.0,2.0,3.0,3,2.8333333333333335,-0.6871,Negative,-0.6871,0,6,1,452,not great not bad just ok,145
"""service pretty good""",Boeing 767 / A320,Business,Economy Class,LHR to EDI,2015-11-01,4.0,4.0,4.0,2.6,4.0,4,3.766666666666667,0.7269,Positive,0.7269,2,3,6,1,service pretty good,141
"""crew competent and approachable""",Boeing 747-400,Couple Leisure,Business Class,LHR to DXB,2015-11-01,3.0,4.0,3.0,3.0,3.0,3,3.1666666666666665,0.3182,Positive,0.3182,2,4,8,275,crew competent and approachable,129
"""this policy is ridiculous""",A319,Business,Economy Class,LHR to MUC,2015-11-01,2.859667633869692,3.2404661016949152,2.7091954022988505,2.636533432947329,1.0,1,2.2409770951351313,-0.3612,Negative,-0.3612,0,4,3,196,this policy is ridiculous,10
"""comfortable, if narrow, seats""",Boeing 777,Couple Leisure,Business Class,Tampa to Gatwick,2015-11-01,4.0,4.0,3.0,2.0,3.0,4,3.3333333333333335,0.5106,Positive,0.5106,2,4,5,452,comfortable if narrow seats,145
"""inconsistency with cabin crew""",A319,Solo Leisure,Business Class,FCO to LGW,2015-11-01,3.0,2.0,4.0,2.6,2.0,4,2.9333333333333336,0.0,Neutral,0.0,1,4,1,196,inconsistency with cabin crew,10
"""crummy Boeing 747s""",Boeing 747-400,Couple Leisure,Premium Economy,LHR to MIA,2015-11-01,4.0,3.0,3.0,2.0,3.0,3,3.0,0.0,Neutral,0.0,1,3,13,275,crummy boeing s,129
"""return trip not worth it""",A320,Business,Business Class,Hannover to LHR,2015-11-01,2.0,4.0,1.0,1.4,1.0,1,1.7333333333333334,-0.1695,Negative,-0.1695,0,5,1,662,return trip not worth it,26
"""not received a refund""",Boeing 787-9,Business,Economy Class,DUB to LCY,2015-11-01,3.0,4.0,2.7091954022988505,2.636533432947329,1.0,1,2.390954805874363,0.0,Neutral,0.0,1,4,2,54,not received a refund,184
"""dried up sandwich""",A320,Business,Business Class,LHR to Hannover,2015-11-01,2.0,4.0,1.0,1.4,3.0,2,2.2333333333333334,0.0,Neutral,0.0,1,3,1,662,dried up sandwich,26
"""out of date with modern standards""",Boeing 777,Solo Leisure,Business Class,LHR to DXB,2015-11-01,2.0,4.0,3.0,3.0,4.0,4,3.3333333333333335,0.0,Neutral,0.0,1,6,8,452,out of date with modern standards,145
"""not a First Class experience """,Boeing 777,Solo Leisure,First Class,Heathrow to Houston,2015-11-01,5.0,5.0,3.0,4.0,5.0,4,4.333333333333333,0.0,Neutral,0.0,1,6,1,452,not a first class experience ,145
"""uninterested and unfriendly""",A319,Business,Economy Class,Kiev to Dublin via LHR,2015-11-01,2.0,2.0,1.0,1.4,2.0,1,1.5666666666666667,-0.3612,Negative,-0.3612,0,3,1,196,uninterested and unfriendly,10
"""pleasant ambience onboard""",Boeing 777-300,Business,Premium Economy,Sydney to Singapore,2015-10-01,4.0,5.0,4.0,4.0,4.0,4,4.166666666666667,0.5106,Positive,0.5106,2,3,4,54,pleasant ambience onboard,167
"""paying for seat selection""",A320,Solo Leisure,Economy Class,ATH to LHR,2015-09-01,4.0,5.0,4.0,2.6,3.0,4,3.766666666666667,0.0,Neutral,0.0,1,4,7,662,paying for seat selection,26
"""costs double the average""",Boeing 777,Business,Economy Class,LCY to ZRH,2015-11-01,2.0,2.0,2.0,1.0,1.0,1,1.5,0.0,Neutral,0.0,1,4,1,452,costs double the average,145
"""Four excellent flights""",A319/A321,Solo Leisure,Economy Class,GLA to FCO via LHR,2015-11-01,5.0,5.0,4.0,2.6,5.0,5,4.433333333333334,0.5719,Positive,0.5719,2,3,1,4,four excellent flights,25
"""First class was underwhelming""",Boeing 747-400,Couple Leisure,First Class,CPT to LHR,2015-11-01,5.0,2.0,2.0,1.0,4.0,3,2.8333333333333335,0.0,Neutral,0.0,1,4,2,275,first class was underwhelming,129
"""not the brand they were""",Boeing 777-200,Couple Leisure,Business Class,LHR to LAX,2015-11-01,3.0,3.0,2.0,4.0,5.0,3,3.3333333333333335,0.0,Neutral,0.0,1,5,7,171,not the brand they were,157
"""service was lousy on both flights""",Boeing 777-300,Business,Business Class,LHR to EZE,2015-11-01,1.0,1.0,3.0,1.0,3.0,3,2.0,-0.5423,Negative,-0.5423,0,6,2,54,service was lousy on both flights,167
"""loyalty may have come to an end""",A320,Couple Leisure,Economy Class,Mauritius to London,2015-11-01,2.0,2.0,3.0,3.0,3.0,3,2.6666666666666665,0.5423,Positive,0.5423,2,7,1,662,loyalty may have come to an end,26
"""just did not care at all""",Boeing 777,Family Leisure,Economy Class,Gatwick to Orlando,2015-10-01,3.0,5.0,2.0,3.0,1.0,3,2.8333333333333335,-0.3875,Negative,-0.3875,0,6,6,452,just did not care at all,145
"""farcical flight to be honest""",Boeing 747-400,Family Leisure,Economy Class,Heathrow to Las Vegas,2015-11-01,2.0,1.0,1.0,4.0,3.0,1,2.0,0.5106,Positive,0.5106,2,5,2,275,farcical flight to be honest,129
"""meal was past terrible""",A320,Solo Leisure,Economy Class,Rome to Heathrow,2015-10-01,5.0,4.0,2.0,2.0,5.0,2,3.3333333333333335,-0.4767,Negative,-0.4767,0,4,2,662,meal was past terrible,26
"""so much cabin baggage""",A320/319,Solo Leisure,Economy Class,Gatwick to Venice,2015-11-01,4.0,5.0,4.0,2.6,5.0,5,4.266666666666667,0.0,Neutral,0.0,1,4,4,4,so much cabin baggage,48
"""really below average""",Boeing 777,Couple Leisure,Business Class,London to Luanda,2015-11-01,1.0,4.0,3.0,3.0,4.0,3,3.0,0.0,Neutral,0.0,1,3,1,452,really below average,145
"""interior very old and dirty""",Boeing 747-400,Family Leisure,Economy Class,Denver to Heathrow,2015-11-01,4.0,2.0,1.0,1.0,2.0,2,2.0,-0.4877,Negative,-0.4877,0,5,2,275,interior very old and dirty,129
"""Business seats are horrid""",Boeing 777-200,Business,Business Class,BKK to LHR,2015-11-01,1.0,2.0,2.0,1.0,4.0,3,2.1666666666666665,-0.5423,Negative,-0.5423,0,4,13,171,business seats are horrid,157
"""awful customer service""",Boeing 777,Couple Leisure,Business Class,London to Tampa,2015-09-01,2.859667633869692,3.2404661016949152,2.7091954022988505,2.636533432947329,1.0,1,2.2409770951351313,-0.4588,Negative,-0.4588,0,3,6,452,awful customer service,145
"""would fly them again""",Boeing 777-300,Couple Leisure,First Class,London to Sydney,2015-11-01,4.0,5.0,4.0,4.0,5.0,5,4.5,0.0,Neutral,0.0,1,4,1,54,would fly them again,167
"""isn't as good as Singapore and Emirates""",Boeing 747-400,Couple Leisure,First Class,LHR to CPT,2015-10-01,5.0,5.0,4.0,4.0,4.0,4,4.333333333333333,-0.3412,Negative,-0.3412,0,7,9,275,isnt as good as singapore and emirates,129
"""not at all impressed""",Boeing 777-200,Business,Economy Class,BLR to LHR,2015-11-01,3.0,1.0,1.0,1.0,4.0,1,1.8333333333333333,-0.3724,Negative,-0.3724,0,4,2,171,not at all impressed,157
"""food was very poor""",Boeing 777,Couple Leisure,Business Class,London to Kuala Lumpur,2015-10-01,4.0,4.0,2.0,3.0,5.0,3,3.5,-0.5256,Negative,-0.5256,0,4,5,452,food was very poor,145
"""a good experience""",Boeing 747-400,Business,Premium Economy,NCE to LAS via LHR,2015-11-01,4.0,3.0,2.0,2.0,4.0,4,3.1666666666666665,0.4404,Positive,0.4404,2,3,1,275,a good experience,129
"""they are so greedy""",A380,Business,Economy Class,Washington to London,2015-11-01,2.859667633869692,3.2404661016949152,2.7091954022988505,2.636533432947329,1.0,1,2.2409770951351313,-0.4572,Negative,-0.4572,0,4,10,302,they are so greedy,81
"""a great experience""",Boeing 777,Solo Leisure,First Class,Singapore to Sydney,2015-05-01,4.0,5.0,4.0,4.0,4.0,5,4.333333333333333,0.6249,Positive,0.6249,2,3,6,452,a great experience,145
"""not flying British Airways again""",Boeing 777-200,Solo Leisure,Economy Class,Gatwick to Cancun,2015-11-01,2.0,1.0,1.0,1.0,1.0,1,1.1666666666666667,0.0,Neutral,0.0,1,5,5,171,not flying british airways again,157
"""way British Airways handled this was atrocious""",A380,Solo Leisure,Economy Class,DFW to DEL via LHR,2015-11-01,1.0,1.0,2.7091954022988505,2.636533432947329,1.0,1,1.5576214725410298,0.0,Neutral,0.0,1,7,1,302,way british airways handled this was atrocious,81
"""recommend the A380""",A320 / A380,Family Leisure,Economy Class,GOT to LAX via LHR,2015-10-01,4.0,5.0,4.4,4.0,4.0,5,4.3999999999999995,0.3612,Positive,0.3612,2,3,1,6,recommend the a,27
"""try to avoid BA in the future""",B777-200,Solo Leisure,Economy Class,London to Delhi,2015-10-01,3.0,1.0,1.0,3.0,2.0,2,2.0,-0.296,Negative,-0.296,0,7,8,8,try to avoid ba in the future,108
"""treatment was appalling""",A320,Solo Leisure,Economy Class,Heathrow to Moscow,2015-09-01,2.859667633869692,3.2404661016949152,2.7091954022988505,2.636533432947329,1.0,1,2.2409770951351313,-0.3612,Negative,-0.3612,0,3,1,662,treatment was appalling,26
"""no space to work""",A320,Business,Business Class,Istanbul to London,2015-11-01,1.0,3.0,1.0,1.0,1.0,1,1.3333333333333333,0.0,Neutral,0.0,1,4,10,662,no space to work,26
"""courteous and professional""",A319 / Boeing 777-300,Solo Leisure,Economy Class,GVA to PEK via LHR,2015-10-01,4.0,5.0,5.0,5.0,2.0,5,4.333333333333333,0.5106,Positive,0.5106,2,3,1,1,courteous and professional,17
"""exemplary in every way""",Boeing 777,Couple Leisure,Business Class,LHR to NBO,2015-11-01,5.0,5.0,4.0,4.0,5.0,5,4.666666666666667,0.0,Neutral,0.0,1,4,3,452,exemplary in every way,145
"""snottiest crew I ever came across""",Boeing 777,Business,First Class,SEA to AUH via LHR,2015-10-01,3.0,2.0,3.0,2.0,3.0,3,2.6666666666666665,0.0,Neutral,0.0,1,6,1,452,snottiest crew i ever came across,145
"""going back to Virgin Atlantic """,Boeing 787,Solo Leisure,Premium Economy,Newark to Heathrow,2015-11-01,1.0,3.0,4.0,2.6,2.0,2,2.433333333333333,0.0,Neutral,0.0,1,6,1,97,going back to virgin atlantic ,172
"""dismayed by the BA agent""",A319,Family Leisure,Economy Class,Venice to Gatwick,2015-11-01,3.0,4.0,3.0,3.4,1.0,4,3.0666666666666664,-0.4404,Negative,-0.4404,0,5,4,196,dismayed by the ba agent,10
"""seats are very tired""",Boeing 747-400,Family Leisure,Economy Class,Heathrow to Las Vegas,2015-10-01,3.0,5.0,4.0,3.0,4.0,3,3.6666666666666665,-0.4927,Negative,-0.4927,0,4,2,275,seats are very tired,129
"""cabin crew did a great job""",A320,Solo Leisure,Economy Class,Lisbon to London,2015-11-01,4.0,5.0,5.0,3.4,4.0,5,4.3999999999999995,0.6249,Positive,0.6249,2,6,8,662,cabin crew did a great job,26
"""lack of service amazed me""",Boeing 777,Solo Leisure,Business Class,PHL to ATH via LHR,2015-10-01,3.0,1.0,1.0,1.4,4.0,2,2.066666666666667,0.2263,Positive,0.2263,2,5,1,452,lack of service amazed me,145
"""you will get value for money""",A321neo,Solo Leisure,Economy Class,Vienna to London,2015-09-01,4.0,5.0,4.0,2.6,5.0,5,4.266666666666667,0.34,Positive,0.34,2,6,4,15,you will get value for money,72
"""indifferent cabin crew""",Boeing 777,Business,Business Class,SIN to LHR,2015-11-01,3.0,1.0,1.0,3.0,1.0,3,2.0,-0.2023,Negative,-0.2023,0,3,6,452,indifferent cabin crew,145
"""prefer the 747 upper deck""",A380,Couple Leisure,Business Class,MIA to LHR,2015-10-01,4.0,5.0,3.0,4.0,2.0,3,3.5,0.0,Neutral,0.0,1,5,6,302,prefer the  upper deck,81
"""FA's showed no enthusiasm""",Boeing 747-400,Solo Leisure,Economy Class,SFO to LHR,2015-09-01,3.0,3.0,3.0,2.0,5.0,5,3.5,-0.3412,Negative,-0.3412,0,4,6,275,fas showed no enthusiasm,129
"""BA really need to address this""",A320,Family Leisure,Economy Class,SSH to LGW,2015-10-01,4.0,3.0,1.0,1.4,4.0,3,2.733333333333333,0.0,Neutral,0.0,1,6,2,662,ba really need to address this,26
"""once a great airline is going downhill""",Boeing 777-200,Couple Leisure,Premium Economy,London Heathrow to Bangkok,2015-10-01,2.0,2.0,3.0,1.0,2.0,1,1.8333333333333333,0.6249,Positive,0.6249,2,7,8,171,once a great airline is going downhill,157
"""flight attendants seemed friendly""",A380,Solo Leisure,Premium Economy,SFO to LHR,2015-10-01,4.0,4.0,4.0,4.0,4.0,4,4.0,0.4939,Positive,0.4939,2,4,6,302,flight attendants seemed friendly,81
"""extremely friendly and competent""",A321,Business,Economy Class,London Heathrow to Milan Malpensa,2015-10-01,4.0,5.0,5.0,3.4,4.0,3,4.066666666666666,0.7233,Positive,0.7233,2,4,2,126,extremely friendly and competent,59
"""a mediocre performance from BA""",Boeing 787-800,Solo Leisure,Business Class,LHR to Chengdu,2015-03-01,4.0,1.0,2.0,4.0,2.0,3,2.6666666666666665,0.0,Neutral,0.0,1,5,1,2,a mediocre performance from ba,182
"""personal space is rather limited""",Boeing 777-300ER,Business,Business Class,Tokyo Narita to LHR,2015-01-01,4.0,3.0,2.0,3.0,4.0,4,3.3333333333333335,-0.2263,Negative,-0.2263,0,5,1,18,personal space is rather limited,169
"""very spacious suite""",Boeing 777-300ER,Business,First Class,LHR to Tokyo Narita,2015-01-01,5.0,5.0,5.0,5.0,4.0,5,4.833333333333333,0.0,Neutral,0.0,1,3,1,18,very spacious suite,169
"""will use other carriers""",Boeing 747- 400,Couple Leisure,Economy Class,MAN to LAS via LHR,2015-10-01,1.0,4.0,3.0,2.0,1.0,2,2.1666666666666665,0.0,Neutral,0.0,1,4,2,3,will use other carriers,127
"""the seat was roomy""",Boeing 777,Solo Leisure,Premium Economy,Heathrow (London) to JFK (New York City),2015-10-01,4.0,3.0,4.0,3.0,3.0,4,3.5,0.0,Neutral,0.0,1,4,1,452,the seat was roomy,145
"""FA's were happy to assist""",A380,Solo Leisure,Economy Class,LHR to SFO,2015-09-01,5.0,4.0,4.0,4.0,5.0,4,4.333333333333333,0.5719,Positive,0.5719,2,5,9,302,fas were happy to assist,81
"""very high standard of service""",Boeing 787,Couple Leisure,Economy Class,London to Chennai,2015-10-01,5.0,5.0,5.0,5.0,4.0,5,4.833333333333333,0.0,Neutral,0.0,1,5,3,97,very high standard of service,172
"""very good flying experience""",A380,Couple Leisure,Business Class,LHR to Venice,2015-10-01,4.0,4.0,5.0,3.4,4.0,4,4.066666666666666,0.4927,Positive,0.4927,2,4,1,302,very good flying experience,81
"""not helped by customer service""",A319 / E190,Solo Leisure,Economy Class,SFO to EDI via LHR,2015-09-01,2.0,3.0,3.0,4.0,1.0,2,2.5,0.0,Neutral,0.0,1,5,1,3,not helped by customer service,22
"""keep expectations in check""",Boeing 747-400,Business,Premium Economy,London to Phoenix,2015-10-01,4.0,5.0,4.0,3.0,3.0,4,3.8333333333333335,0.0,Neutral,0.0,1,4,6,275,keep expectations in check,129
"""nothing was offered to help""",A350,Solo Leisure,Economy Class,Antigua to St Kitts,2015-09-01,1.0,1.0,2.7091954022988505,2.636533432947329,1.0,1,1.5576214725410298,0.4019,Positive,0.4019,2,5,1,39,nothing was offered to help,79
"""lot of money for little in return""",Boeing 747-400,Couple Leisure,Premium Economy,SFO to LHR,2015-10-01,2.0,4.0,2.0,2.0,2.0,1,2.1666666666666665,0.0,Neutral,0.0,1,7,6,275,lot of money for little in return,129
"""complain about the way we were treated """,A380,Couple Leisure,Economy Class,LHR to JNB,2015-01-01,3.0,4.0,2.7091954022988505,2.636533432947329,1.0,2,2.55762147254103,-0.3612,Negative,-0.3612,0,8,8,302,complain about the way we were treated ,81
"""service however lacked shine""",Boeing 777,Couple Leisure,Economy Class,Orlando to London,2015-10-01,2.0,1.0,2.0,2.0,4.0,3,2.3333333333333335,0.0,Neutral,0.0,1,4,5,452,service however lacked shine,145
"""horrible return flights""",B0eing 747-400,Business,Economy Class,London to Cape Town,2015-10-01,1.0,2.0,3.0,2.0,4.0,1,2.1666666666666665,-0.5423,Negative,-0.5423,0,3,15,1,horrible return flights,99
"""lounge more like a refugee centre""",Boeing 777-200,Business,Business Class,Heathrow to Haneda,2015-10-01,2.0,5.0,4.0,2.0,2.0,3,3.0,0.4201,Positive,0.4201,2,6,1,171,lounge more like a refugee centre,157
"""cracks are starting to appear""",A319,Solo Leisure,Economy Class,LHR to GVA,2015-10-01,4.0,4.0,2.0,2.0,1.0,4,2.8333333333333335,0.0,Neutral,0.0,1,5,5,196,cracks are starting to appear,10
"""seats are just the same""",A320,Solo Leisure,Business Class,LHR to AMS,2015-10-01,3.0,4.0,2.0,2.0,4.0,2,2.8333333333333335,0.0,Neutral,0.0,1,5,7,662,seats are just the same,26
"""advise not to waste your money""",A320,Couple Leisure,Economy Class,Heathrow to Cancun via Madrid,2015-08-01,1.0,2.0,1.0,1.0,1.0,1,1.1666666666666667,0.3252,Positive,0.3252,2,6,1,662,advise not to waste your money,26
"""plenty of legroom""",Boeing 777,Couple Leisure,Premium Economy,LHR to SYD via SIN,2015-10-01,4.0,4.0,4.0,4.0,3.0,4,3.8333333333333335,0.0,Neutral,0.0,1,3,3,452,plenty of legroom,145
"""premium economy pathetic""",Boeing 777,Solo Leisure,Premium Economy,LHR to BKK,2015-09-01,2.0,4.0,2.0,2.0,2.0,1,2.1666666666666665,-0.5719,Negative,-0.5719,0,3,10,452,premium economy pathetic,145
"""last time using British Airways """,Boeing 777-200,Couple Leisure,Business Class,SYD to LHR via SIN,2015-10-01,1.0,4.0,3.0,4.0,4.0,2,3.0,0.0,Neutral,0.0,1,6,4,171,last time using british airways ,157
"""a huge improvement""",A380,Couple Leisure,Premium Economy,LHR to JNB,2015-10-01,5.0,5.0,4.0,5.0,4.0,3,4.333333333333333,0.6486,Positive,0.6486,2,3,8,302,a huge improvement,81
"""British Airways really don't care """,A319,Couple Leisure,Business Class,Pisa to London Gatwick,2015-10-01,2.0,4.0,2.0,2.0,2.0,2,2.3333333333333335,-0.4416,Negative,-0.4416,0,6,2,196,british airways really dont care ,10
"""how underwhelmed we were""",A380 / Boeing 777,Family Leisure,Business Class,LHR to SYD via SIN,2015-10-01,4.0,2.0,2.0,2.0,1.0,1,2.0,0.0,Neutral,0.0,1,4,3,4,how underwhelmed we were,85
"""my seat was broken""",Boeing 777-200,Business,Economy Class,Antigua to Gatwick,2015-10-01,1.0,2.0,1.0,2.0,4.0,2,2.0,-0.4767,Negative,-0.4767,0,4,5,171,my seat was broken,157
"""food and wine excellent""",A380,Couple Leisure,Business Class,London to Los Angeles,2015-10-01,4.0,5.0,5.0,4.0,4.0,4,4.333333333333333,0.5719,Positive,0.5719,2,4,10,302,food and wine excellent,81
"""lot of catching up to do""",Boeing 747-400,Business,Business Class,LHR to SIN,2015-10-01,3.0,2.0,2.0,1.0,1.0,1,1.6666666666666667,0.0,Neutral,0.0,1,6,8,275,lot of catching up to do,129
"""minimized the leg space""",A320,Business,Business Class,Athens to London,2015-10-01,1.0,2.0,2.0,2.0,1.0,1,1.5,0.0,Neutral,0.0,1,4,10,662,minimized the leg space,26
"""cabin crew efficient""",Boeing 777,Couple Leisure,Business Class,SAN to LHR,2015-10-01,4.0,5.0,3.0,4.0,4.0,4,4.0,0.4215,Positive,0.4215,2,3,1,452,cabin crew efficient,145
British Airways customer review,Boeing 777-200,Family Leisure,Premium Economy,Gatwick to Las Vegas,2015-10-01,4.0,3.0,3.0,4.0,3.0,3,3.3333333333333335,0.0,Neutral,0.0,1,4,4,171,british airways customer review,157
"""food was indifferent""",Boeing 747,Business,Premium Economy,Vancouver to London,2015-09-01,3.0,1.0,2.0,1.0,4.0,2,2.1666666666666665,-0.2023,Negative,-0.2023,0,3,17,135,food was indifferent,117
"""leg room was good""",A320,Couple Leisure,Economy Class,LHR to MAD,2015-10-01,4.0,3.0,3.0,3.4,5.0,5,3.9,0.4404,Positive,0.4404,2,4,2,662,leg room was good,26
"""clearly cost cutting now""",A319,Solo Leisure,Economy Class,Bologna to Heathrow,2015-10-01,2.0,3.0,2.0,2.0,3.0,4,2.6666666666666665,0.296,Positive,0.296,2,4,1,196,clearly cost cutting now,10
"""TV did not work entire flight""",Boeing 747 400,Couple Leisure,Economy Class,LAS to LHR,2015-10-01,3.0,3.0,2.0,2.0,3.0,3,2.6666666666666665,0.0,Neutral,0.0,1,6,6,10,tv did not work entire flight,123
"""obvious cost cutting""",A320,Couple Leisure,Business Class,Gatwick to Pisa,2015-10-01,2.0,2.0,3.0,3.4,4.0,3,2.9,-0.128,Negative,-0.128,0,3,3,662,obvious cost cutting,26
"""a total rip off""",A319,Solo Leisure,Economy Class,Heathrow to Belfast,2015-08-01,1.0,1.0,2.7091954022988505,2.636533432947329,1.0,1,1.5576214725410298,0.0,Neutral,0.0,1,4,3,196,a total rip off,10
"""service was efficient and friendly""",A319,Couple Leisure,Business Class,Gatwick to Bari,2015-09-01,4.0,5.0,4.0,2.6,5.0,5,4.266666666666667,0.7184,Positive,0.7184,2,5,2,196,service was efficient and friendly,10
"""never fly British Airways again""",Boeing 767,Solo Leisure,Business Class,Rome to London,2015-10-01,1.0,1.0,1.0,1.4,1.0,2,1.2333333333333334,0.0,Neutral,0.0,1,5,9,68,never fly british airways again,140
"""one of the worst experiences""",A380,Business,Business Class,SIN to BOS via LHR,2015-09-01,1.0,2.0,1.0,1.0,1.0,1,1.1666666666666667,-0.6249,Negative,-0.6249,0,5,1,302,one of the worst experiences,81
"""cabin crew was not the friendliest""",Boeing 777,Solo Leisure,Business Class,LHR to SAN,2015-09-01,4.0,2.0,1.0,2.0,2.0,1,2.0,-0.4449,Negative,-0.4449,0,6,2,452,cabin crew was not the friendliest,145
"""pay to choose seats""",A319,Solo Leisure,Economy Class,London to Rome,2015-10-01,3.0,4.0,3.0,3.4,3.0,3,3.233333333333333,-0.1027,Negative,-0.1027,0,4,6,196,pay to choose seats,10
"""behind their competitors""",767-300,Family Leisure,First Class,LHR to ARN,2015-10-01,4.0,4.0,3.0,3.4,3.0,3,3.4,0.0,Neutral,0.0,1,3,3,3,behind their competitors,0
"""great choice of films""",A320,Solo Leisure,Economy Class,MAN to SVO via LHR,2015-09-01,5.0,5.0,5.0,5.0,4.0,5,4.833333333333333,0.6249,Positive,0.6249,2,4,1,662,great choice of films,26
"""disgraceful attitude""",Boeing 777-200,Couple Leisure,Economy Class,TLV to SAN via LHR,2015-10-01,3.0,3.0,4.0,2.0,1.0,1,2.3333333333333335,0.0,Neutral,0.0,1,2,1,171,disgraceful attitude,157
"""decent service for a short flight""",A319/A321,Couple Leisure,Economy Class,LHR to AMS,2015-10-01,4.0,5.0,2.0,2.0,4.0,4,3.5,0.0,Neutral,0.0,1,6,7,4,decent service for a short flight,25
"""a disgrace and inedible""",Boeing 777-200,Business,Economy Class,Heathrow to Bahrain,2015-10-01,2.0,3.0,1.0,2.0,3.0,3,2.3333333333333335,-0.4939,Negative,-0.4939,0,4,1,171,a disgrace and inedible,157
"""service was good""",A380,Business,Business Class,LHR to SIN,2015-08-01,4.0,4.0,4.0,4.0,4.0,5,4.166666666666667,0.4404,Positive,0.4404,2,3,8,302,service was good,81
"""cabin the biggest disappointment""",Boeing 777-200,Family Leisure,Economy Class,LHR to KUL,2015-08-01,2.0,4.0,3.0,3.0,5.0,4,3.5,-0.5106,Negative,-0.5106,0,4,7,171,cabin the biggest disappointment,157
"""failed to provide information""",A320,Solo Leisure,Economy Class,HEL to JNB via LHR,2015-10-01,1.0,4.0,2.7091954022988505,2.636533432947329,1.0,1,2.05762147254103,-0.5106,Negative,-0.5106,0,4,1,662,failed to provide information,26
"""a pleasant flight""",Boeing 777-200,Solo Leisure,Economy Class,London to Bangkok,2015-04-01,4.0,4.0,3.0,3.0,3.0,3,3.3333333333333335,0.5106,Positive,0.5106,2,3,6,171,a pleasant flight,157
"""plane was really scruffy""",Boeing 777-200,Couple Leisure,Premium Economy,GLA to BKK via LHR,2015-10-01,3.0,4.0,4.0,2.0,4.0,3,3.3333333333333335,0.0,Neutral,0.0,1,4,2,171,plane was really scruffy,157
"""legroom could be better""",A320,Couple Leisure,Business Class,Fuereventura to LGW,2015-10-01,4.0,5.0,5.0,3.4,4.0,5,4.3999999999999995,0.4404,Positive,0.4404,2,4,1,662,legroom could be better,26
"""will now be considering other airlines""",Boeing 747-400,Couple Leisure,Economy Class,DUB to LAS via LHR,2015-10-01,1.0,2.0,2.0,2.0,3.0,3,2.1666666666666665,0.0,Neutral,0.0,1,6,1,275,will now be considering other airlines,129
"""inflight entertainment is rubbish""",Boeing 747,Family Leisure,Economy Class,Jersey to MIA via London,2015-04-01,1.0,4.0,1.0,1.0,3.0,3,2.1666666666666665,0.4215,Positive,0.4215,2,4,1,135,inflight entertainment is rubbish,117
"""no passenger baggage arrived""",Boeing 777,Couple Leisure,Economy Class,YYZ to FCO via LHR,2015-09-01,4.0,4.0,4.0,4.0,1.0,2,3.1666666666666665,0.0,Neutral,0.0,1,4,1,452,no passenger baggage arrived,145
"""need help to get the service right""",Boeing 777-300,Business,First Class,LHR to SYD via SIN,2015-09-01,5.0,4.0,5.0,5.0,5.0,5,4.833333333333333,0.4019,Positive,0.4019,2,7,3,54,need help to get the service right,167
"""you could care less""",Boeing 777-300,Couple Leisure,Premium Economy,DFW to LHR,2015-09-01,3.0,4.0,4.0,3.0,3.0,2,3.1666666666666665,0.4939,Positive,0.4939,2,4,2,54,you could care less,167
"""Fawlty Towers of customer service""",Boeing 747 / 777,Family Leisure,Economy Class,No Route,2015-02-01,1.0,1.0,1.0,1.0,1.0,1,1.0,0.0,Neutral,0.0,1,5,6,9,fawlty towers of customer service,119
"""seamless and effortless""",Boeing 747-400,Couple Leisure,Economy Class,Cape Town to London,2015-10-01,4.0,4.0,4.0,4.0,5.0,4,4.166666666666667,0.0,Neutral,0.0,1,3,14,275,seamless and effortless,129
"""new plane, tired old seat design""",A380,Business,Business Class,HKG to LHR,2015-09-01,3.0,3.0,4.0,4.0,4.0,3,3.5,-0.4404,Negative,-0.4404,0,6,9,302,new plane tired old seat design,81
"""airline with very mixed quality""",A320 / Boeing 787,Business,Premium Economy,DUS to PHL via LHR,2015-09-01,5.0,3.0,5.0,5.0,3.0,4,4.166666666666667,0.0,Neutral,0.0,1,5,1,5,airline with very mixed quality,33
"""food choice was great""",Boeing 747-400,Solo Leisure,Business Class,LAS to LHR,2015-09-01,3.0,5.0,5.0,2.0,4.0,3,3.6666666666666665,0.6249,Positive,0.6249,2,4,6,275,food choice was great,129
"""brusque drinks service""",A320,Solo Leisure,Economy Class,Heathrow to Manchester,2015-10-01,3.0,1.0,1.0,1.4,3.0,1,1.7333333333333334,0.0,Neutral,0.0,1,3,3,662,brusque drinks service,26
"""our luggage left at Heathrow""",Boeing 777,Couple Leisure,Economy Class,London to Toronto,2015-09-01,4.0,3.0,2.0,4.0,3.0,2,3.0,0.0,Neutral,0.0,1,5,10,452,our luggage left at heathrow,145
"""Boeing 747 horribly outdated""",Boeing 747-400,Business,Economy Class,LHR to SFO,2015-09-01,1.0,3.0,3.0,1.0,1.0,1,1.6666666666666667,-0.5267,Negative,-0.5267,0,4,9,275,boeing  horribly outdated,129
"""very disappointed in British Airways""",Boeing 777,Family Leisure,Business Class,LHR to Chicago O'Hare,2014-12-01,4.0,2.0,1.0,1.0,4.0,4,2.6666666666666665,-0.5256,Negative,-0.5256,0,5,1,452,very disappointed in british airways,145
"""disgraceful level of cleanliness""",A350,Business,Business Class,Nairobi to London,2015-09-01,3.0,4.0,4.0,3.0,4.0,3,3.5,0.0,Neutral,0.0,1,4,2,39,disgraceful level of cleanliness,79
"""staff were great""",A320 and A319,Solo Leisure,Economy Class,lgw to alicante,2015-09-01,4.0,5.0,4.0,2.6,3.0,5,3.9333333333333336,0.6249,Positive,0.6249,2,3,1,1,staff were great,38
"""seats are far too cramped""",Boeing 747-400,Solo Leisure,Economy Class,Phoenix to Heathrow,2015-09-01,1.0,4.0,1.0,2.0,3.0,2,2.1666666666666665,0.0,Neutral,0.0,1,5,2,275,seats are far too cramped,129
"""crew were friendly and attentive""",A319,Family Leisure,Economy Class,LGW to ALC,2015-08-01,4.0,4.0,4.0,2.6,4.0,4,3.766666666666667,0.4939,Positive,0.4939,2,5,2,196,crew were friendly and attentive,10
"""clapped-out aircraft""",Boeing 747-400,Couple Leisure,Economy Class,London to Johannesburg,2015-09-01,1.0,3.0,1.0,2.0,1.0,1,1.5,0.0,Neutral,0.0,1,2,21,275,clappedout aircraft,129
"""pretty much a low-cost airline""",A320,Business,Economy Class,VIE to LHR,2015-09-01,4.0,4.0,4.0,2.6,5.0,4,3.9333333333333336,0.4939,Positive,0.4939,2,5,1,662,pretty much a lowcost airline,26
"""seats were extremely small""",Boeing 747 / 777,Couple Leisure,Economy Class,No Route,2015-09-01,1.0,3.0,1.0,1.0,4.0,2,2.0,0.0,Neutral,0.0,1,4,6,9,seats were extremely small,119
"""a smile would go a long way""",Boeing 747-400,Couple Leisure,Economy Class,Denver to London,2015-08-01,1.0,2.0,3.0,2.0,3.0,2,2.1666666666666665,0.3612,Positive,0.3612,2,7,4,275,a smile would go a long way,129
"""made to feel a huge inconvenience""",A321,Solo Leisure,Business Class,Heathrow to Munich,2015-09-01,4.0,1.0,3.0,3.4,4.0,1,2.733333333333333,-0.0516,Negative,-0.0516,0,6,1,126,made to feel a huge inconvenience,59
"""never fly British Airways again""",Boeing 747-400,Family Leisure,Economy Class,Phoenix to Heathrow,2015-09-01,1.0,2.0,1.0,1.0,2.0,1,1.3333333333333333,0.0,Neutral,0.0,1,5,2,275,never fly british airways again,129
"""fare paid very similar to easyJet""",A320,Solo Leisure,Business Class,LGW to SSH,2015-09-01,3.0,5.0,4.0,2.6,5.0,3,3.766666666666667,0.0,Neutral,0.0,1,6,2,662,fare paid very similar to easyjet,26
"""pre-boarding not a premium product""",A320,Solo Leisure,Business Class,SSH to LGW,2015-09-01,1.0,5.0,4.0,2.6,1.0,3,2.766666666666667,0.0,Neutral,0.0,1,5,2,662,preboarding not a premium product,26
"""we were pleasantly surprised""",A320,Family Leisure,Economy Class,LHR to GIB,2015-09-01,4.0,5.0,1.0,1.4,3.0,4,3.0666666666666664,0.6124,Positive,0.6124,2,4,1,662,we were pleasantly surprised,26
"""cabin crew tend to forget you""",Boeing 747-400,Business,Business Class,LHR to DXB,2015-09-01,4.0,3.0,5.0,3.0,4.0,3,3.6666666666666665,-0.2263,Negative,-0.2263,0,6,8,275,cabin crew tend to forget you,129
"""compared with old seats, not very comfortable""",A320,Business,Business Class,Stockholm to London,2015-09-01,2.0,3.0,4.0,2.6,5.0,3,3.266666666666667,-0.4439,Negative,-0.4439,0,7,4,662,compared with old seats not very comfortable,26
"""they did not have my vegetarian meal""",Boeing 747,Family Leisure,Economy Class,London to Seattle,2015-08-01,4.0,3.0,1.0,3.0,4.0,4,3.1666666666666665,0.0,Neutral,0.0,1,7,5,135,they did not have my vegetarian meal,117
British Airways customer review,Boeing 777,Couple Leisure,Business Class,SYD to SIN,2015-05-01,4.0,4.0,4.0,4.0,4.0,5,4.166666666666667,0.0,Neutral,0.0,1,4,2,452,british airways customer review,145
"""lose some of their arrogant approach""",Boeing 777,Business,Business Class,HND to LHR,2015-09-01,2.0,2.0,1.0,2.0,3.0,2,2.0,-0.7096,Negative,-0.7096,0,6,2,452,lose some of their arrogant approach,145
"""product and service is so old and tired""",Boeing 747-400,Solo Leisure,Business Class,Vancouver to London,2015-09-01,3.0,4.0,3.0,1.0,4.0,2,2.8333333333333335,-0.4877,Negative,-0.4877,0,8,17,275,product and service is so old and tired,129
"""for just £39 was a bargain""",A320,Solo Leisure,Economy Class,Barcelona to London Heathrow,2015-09-01,4.0,4.0,3.0,3.4,4.0,5,3.9,0.2023,Positive,0.2023,2,6,1,662,for just  was a bargain,26
"""British Airways could not care less""",Boeing 777,Couple Leisure,Economy Class,St Kitts to Gatwick via Antigua,2015-09-01,1.0,1.0,2.7091954022988505,2.636533432947329,1.0,1,1.5576214725410298,-0.3875,Negative,-0.3875,0,6,1,452,british airways could not care less,145
"""British Airways a cut above US carriers""",Boeing 777,Solo Leisure,Premium Economy,LHR to IAD,2015-09-01,5.0,5.0,5.0,5.0,5.0,5,5.0,-0.2732,Negative,-0.2732,0,7,6,452,british airways a cut above us carriers,145
"""not recommend flying long haul with BA""",Boeing 777,Couple Leisure,Economy Class,London Gatwick to Cancun,2015-09-01,3.0,2.0,1.0,3.0,2.0,2,2.1666666666666665,-0.2755,Negative,-0.2755,0,7,4,452,not recommend flying long haul with ba,145
"""wouldn't recommend spending extra for Club Europe""",A320,Couple Leisure,Business Class,LHR to Bologna,2015-09-01,1.0,5.0,3.0,3.4,3.0,1,2.733333333333333,-0.2755,Negative,-0.2755,0,7,1,662,wouldnt recommend spending extra for club europe,26
"""my wife and I were seated 4 rows apart""",Boeing 767,Couple Leisure,Economy Class,LCA to LHR,2015-09-01,1.0,4.0,2.0,1.0,1.0,2,1.8333333333333333,0.0,Neutral,0.0,1,9,4,68,my wife and i were seated  rows apart,140
"""flight experience was great""",A320,Couple Leisure,Economy Class,AMS to LHR,2015-09-01,5.0,3.0,3.0,3.4,4.0,5,3.9,0.6249,Positive,0.6249,2,4,5,662,flight experience was great,26
"""cabin interior looked old and worn""",Boeing 747-400,Couple Leisure,Economy Class,LHR to MIA,2015-09-01,3.0,5.0,5.0,4.0,4.0,4,4.166666666666667,-0.296,Negative,-0.296,0,6,13,275,cabin interior looked old and worn,129
"""customer service was poor""",A320,Solo Leisure,Economy Class,LHR to CPH,2015-08-01,1.0,2.0,1.0,1.4,4.0,2,1.9000000000000001,-0.4767,Negative,-0.4767,0,4,3,662,customer service was poor,26
"""best pasta dish I have had on a plane""",A318,Business,Business Class,LCY to JFK via SNN,2015-09-01,5.0,5.0,5.0,3.0,5.0,4,4.5,0.6369,Positive,0.6369,2,9,1,6,best pasta dish i have had on a plane,9
"""efficient, punctual and comfortable""",A320,Couple Leisure,Economy Class,LHR to BUD,2015-09-01,5.0,5.0,3.0,3.4,5.0,5,4.3999999999999995,0.7269,Positive,0.7269,2,4,4,662,efficient punctual and comfortable,26
"""look at competitors. otherwise book economy""",Boeing 737,Business,Business Class,Gatwick to Naples,2015-09-01,1.0,5.0,2.0,1.0,3.0,1,2.1666666666666665,0.0,Neutral,0.0,1,6,1,9,look at competitors otherwise book economy,112
"""Club Europe is poor value""",A320,Couple Leisure,Business Class,LHR to KGS,2015-09-01,2.0,2.0,2.0,2.0,2.0,2,2.0,-0.1779,Negative,-0.1779,0,5,2,662,club europe is poor value,26
"""British Airways service getting worse and worse""",Boeing 747-400,Couple Leisure,First Class,Boston to London,2015-09-01,2.0,5.0,2.0,1.0,2.0,1,2.1666666666666665,-0.7351,Negative,-0.7351,0,7,4,275,british airways service getting worse and worse,129
"""British Airways service slipping rapidly""",A320,Solo Leisure,Economy Class,LHR to OSL,2015-08-01,4.0,3.0,4.0,2.6,5.0,4,3.766666666666667,0.0,Neutral,0.0,1,5,1,662,british airways service slipping rapidly,26
"""Seats in Club Europe identical to Economy""",Embraer E190,Family Leisure,Business Class,LCY to Granada,2015-07-01,1.0,4.0,1.0,1.4,1.0,1,1.5666666666666667,0.0,Neutral,0.0,1,7,1,1,seats in club europe identical to economy,204
"""what has happened to British Airways""",Boeing 747,Couple Leisure,Economy Class,Glasgow to Paris via LHR,2015-09-01,3.0,3.0,2.0,2.0,1.0,3,2.3333333333333335,0.0,Neutral,0.0,1,6,1,135,what has happened to british airways,117
"""enjoyed the flight in Club World""",Boeing 777-200ER,Solo Leisure,Business Class,St Lucia to LGW,2015-09-01,5.0,5.0,5.0,5.0,5.0,4,4.833333333333333,0.5106,Positive,0.5106,2,6,1,10,enjoyed the flight in club world,163
"""I will still avoid British Airways if I can""",Boeing 747-400,Couple Leisure,Premium Economy,LHR to PHX,2015-09-01,4.0,5.0,3.0,2.0,4.0,5,3.8333333333333335,-0.296,Negative,-0.296,0,9,3,275,i will still avoid british airways if i can,129
"""greedy company who are in decline""",A319,Couple Leisure,Economy Class,Gatwick to Barcelona,2015-09-01,1.0,1.0,1.0,1.0,1.0,1,1.0,-0.3182,Negative,-0.3182,0,6,4,196,greedy company who are in decline,10
"""British Airways has fallen prey to greed""",A319,Business,Business Class,LHR to BRU,2015-09-01,1.0,2.0,1.0,1.0,3.0,1,1.5,-0.6369,Negative,-0.6369,0,7,2,196,british airways has fallen prey to greed,10
"""British Airways have gradually deteriorated""",Boeing 747-400,Couple Leisure,Economy Class,Heathrow to Vancouver,2015-07-01,2.0,2.0,1.0,1.0,3.0,3,2.0,0.0,Neutral,0.0,1,5,2,275,british airways have gradually deteriorated,129
"""Boeing 747-400 well past a major refurbishment""",Boeing 747-400,Couple Leisure,Economy Class,Glasgow to Cape Town via LHR,2015-09-01,1.0,3.0,2.0,1.0,3.0,3,2.1666666666666665,0.2732,Positive,0.2732,2,7,1,275,boeing  well past a major refurbishment,129
"will never fly British Airways again """,Boeing 747 / 777 / A380,Solo Leisure,Business Class,DXB to IAD via LHR,2015-09-01,1.0,2.0,1.0,1.0,3.0,2,1.6666666666666667,0.0,Neutral,0.0,1,7,1,1,will never fly british airways again ,120
"""Overall a pleasant experience""",Boeing 777,Solo Leisure,Premium Economy,YYZ to LHR,2015-09-01,3.0,5.0,5.0,3.0,4.0,5,4.166666666666667,0.5106,Positive,0.5106,2,4,6,452,overall a pleasant experience,145
"""British Airways customer service is laughable""",A380,Couple Leisure,Economy Class,Heathrow to Amsterdam,2015-08-01,2.0,2.0,2.7091954022988505,2.636533432947329,1.0,1,1.8909548058743633,0.0516,Positive,0.0516,2,6,1,302,british airways customer service is laughable,81
"""seat comfortable in World Traveller Plus""",Boeing 747-400,Solo Leisure,Premium Economy,LHR to MIA,2015-09-01,5.0,5.0,5.0,3.0,5.0,5,4.666666666666667,0.5106,Positive,0.5106,2,6,13,275,seat comfortable in world traveller plus,129
"""I will avoid British Airways in the future""",Boeing 747-400,Solo Leisure,Business Class,Istanbul to Denver via LHR,2015-09-01,1.0,1.0,2.7091954022988505,2.636533432947329,1.0,1,1.5576214725410298,-0.296,Negative,-0.296,0,8,1,275,i will avoid british airways in the future,129
"""very nice seats and comfortable""",Boeing 767,Couple Leisure,Economy Class,Madrid to Heathrow,2015-09-01,5.0,5.0,4.0,2.6,5.0,5,4.433333333333334,0.7501,Positive,0.7501,2,5,2,68,very nice seats and comfortable,140
"""I was very disappointed with British Airways""",Boeing 777-200,Couple Leisure,Economy Class,Gatwick to Mauritius,2015-09-01,1.0,4.0,2.0,2.0,3.0,2,2.3333333333333335,-0.5256,Negative,-0.5256,0,7,6,171,i was very disappointed with british airways,157
"""Boeing 777-200 needs replacing soon""",Boeing 777-200,Couple Leisure,Economy Class,Moscow to Heathrow,2015-08-01,3.0,4.0,3.0,3.0,3.0,3,3.1666666666666665,0.0,Neutral,0.0,1,5,2,171,boeing  needs replacing soon,157
"""overall a comfortable short flight""",A319,Couple Leisure,Economy Class,London to St Petersburgh,2015-08-01,3.0,4.0,4.0,2.6,3.0,4,3.4333333333333336,0.5106,Positive,0.5106,2,5,2,196,overall a comfortable short flight,10
"""even US carriers offer superior seating""",A380,Couple Leisure,Business Class,Los Angeles to London,2015-09-01,3.0,4.0,4.0,4.0,4.0,3,3.6666666666666665,0.5423,Positive,0.5423,2,6,12,302,even us carriers offer superior seating,81
"""customer service gone out of the window""",A319,Couple Leisure,Business Class,London Heathrow to Basel,2015-08-01,1.0,4.0,2.0,2.0,1.0,2,2.0,0.0,Neutral,0.0,1,7,2,196,customer service gone out of the window,10
"""not recommend British Airways to worst enemy""",A320,Business,Business Class,London Heathrow to Rome FCO,2015-09-01,5.0,5.0,5.0,3.4,1.0,1,3.4,-0.8661,Negative,-0.8661,0,7,1,662,not recommend british airways to worst enemy,26
"""never recommend British Airways to anyone""",A321neo,Couple Leisure,Economy Class,JFK to Heathrow,2015-09-01,1.0,3.0,2.0,1.0,1.0,1,1.5,-0.2755,Negative,-0.2755,0,6,1,15,never recommend british airways to anyone,72
"""seat was not fit for purpose""",Boeing 777,Solo Leisure,Economy Class,LHR to BKK,2015-04-01,1.0,1.0,1.0,1.0,1.0,1,1.0,-0.2755,Negative,-0.2755,0,6,10,452,seat was not fit for purpose,145
"""never fly British Airways First class again""",Boeing 777,Couple Leisure,First Class,London to Tokyo,2015-03-01,4.0,2.0,1.0,2.0,1.0,1,1.8333333333333333,0.0,Neutral,0.0,1,7,4,452,never fly british airways first class again,145
"""space for improvement at British Airways""",A380,Solo Leisure,Economy Class,Vancouver to Milan via LHR,2015-09-01,1.0,3.0,2.0,2.0,2.0,2,2.0,0.4588,Positive,0.4588,2,6,1,302,space for improvement at british airways,81
"""British Airways is simply terrible""",Boeing 777-300,Family Leisure,Economy Class,GIG to LHR,2015-09-01,1.0,1.0,3.0,2.0,1.0,1,1.5,-0.4767,Negative,-0.4767,0,5,5,54,british airways is simply terrible,167
"""seats comfortable for a short flight""",A319,Solo Leisure,Business Class,London Heathrow to Venice,2015-08-01,4.0,4.0,4.0,2.6,4.0,5,3.9333333333333336,0.5106,Positive,0.5106,2,6,1,196,seats comfortable for a short flight,10
"""Problem is how inconsistent British Airways is""",A321,Solo Leisure,Economy Class,London to Paris,2015-08-01,3.0,3.0,3.0,3.4,2.0,3,2.9,-0.4019,Negative,-0.4019,0,7,8,126,problem is how inconsistent british airways is,59
"""plane was freezing both there and back""",Boeing 777-200,Couple Leisure,Economy Class,Heathrow to Bangkok,2015-08-01,2.0,3.0,4.0,1.0,4.0,3,2.8333333333333335,-0.1027,Negative,-0.1027,0,7,1,171,plane was freezing both there and back,157
"""space in economy is abysmal""",Boeing 747-400,Family Leisure,Economy Class,Las Vegas to London Heathrow,2015-08-01,1.0,1.0,1.0,2.0,3.0,1,1.5,0.0,Neutral,0.0,1,5,4,275,space in economy is abysmal,129
"""Club Europe seats not fit for purpose """,A320,Business,Business Class,Athens to London,2015-09-01,1.0,3.0,2.0,2.0,2.0,1,1.8333333333333333,-0.2755,Negative,-0.2755,0,8,10,662,club europe seats not fit for purpose ,26
"""never use British Airways again",Boeing 777,Solo Leisure,Economy Class,JFK to Manchester via LHR,2015-09-01,1.0,1.0,1.0,1.0,1.0,2,1.1666666666666667,0.0,Neutral,0.0,1,5,1,452,never use british airways again,145
"""other budget airlines better wake up""",A319,Couple Leisure,Economy Class,Gatwick to Barcelona,2015-08-01,4.0,5.0,5.0,3.4,4.0,5,4.3999999999999995,0.4404,Positive,0.4404,2,6,4,196,other budget airlines better wake up,10
"""the worst lounge experience ever""",Boeing 777,Business,First Class,Dubai to LHR,2015-09-01,3.0,5.0,4.0,3.0,4.0,3,3.6666666666666665,-0.6249,Negative,-0.6249,0,5,1,452,the worst lounge experience ever,145
"""what is there to like about BA""",Boeing 747-400,Business,Business Class,LHR to PEK,2015-08-01,1.0,1.0,1.0,1.0,1.0,1,1.0,0.3612,Positive,0.3612,2,7,2,275,what is there to like about ba,129
"""dirt between seats that is disgusting""",Boeing 777,Family Leisure,Economy Class,Cape Town to London Heathrow,2015-08-01,1.0,2.0,1.0,1.0,3.0,1,1.5,-0.7003,Negative,-0.7003,0,6,7,452,dirt between seats that is disgusting,145
"""too much money for such mediocre service",Boeing 747-400,Business,Business Class,London to New York JFK,2015-09-01,2.0,3.0,2.0,2.0,3.0,2,2.3333333333333335,0.0,Neutral,0.0,1,7,8,275,too much money for such mediocre service,129
"""simply not worth the premium prices""",Boeing 777-200,Couple Leisure,Business Class,Glasgow to New York via LHR,2015-08-01,3.0,4.0,4.0,4.0,4.0,2,3.5,-0.1695,Negative,-0.1695,0,6,1,171,simply not worth the premium prices,157
"""BA have improved both service""",A380,Couple Leisure,Business Class,Heathrow to Johannesburg,2015-08-01,5.0,4.0,5.0,3.0,4.0,3,4.0,0.4767,Positive,0.4767,2,5,3,302,ba have improved both service,81
"""service ok""",A320,Couple Leisure,Business Class,LHR to ARN,2015-08-01,3.0,4.0,3.0,3.4,3.0,3,3.233333333333333,0.0,Neutral,0.0,1,2,3,662,service ok,26
"""I would struggle to get comfortable""",Boeing 747-400,Business,First Class,London to Dubai,2015-08-01,1.0,5.0,4.0,3.0,2.0,2,2.8333333333333335,0.25,Positive,0.25,2,6,10,275,i would struggle to get comfortable,129
"""strange new Club Europe seats""",A321,Business,Business Class,London to Brussels,2015-08-01,2.0,4.0,3.0,1.0,3.0,3,2.6666666666666665,-0.2023,Negative,-0.2023,0,5,4,126,strange new club europe seats,59
"""need to up their game""",A380,Couple Leisure,Business Class,LAX to LHR,2015-08-01,3.0,1.0,2.0,2.0,2.0,2,2.0,0.0,Neutral,0.0,1,5,2,302,need to up their game,81
"""our last flight with British Airways""",Boeing 747-400,Family Leisure,Economy Class,Denver to London,2015-08-01,1.0,1.0,1.0,1.0,1.0,1,1.0,0.0,Neutral,0.0,1,6,4,275,our last flight with british airways,129
"""supposed legacy airline""",Boeing 747-400,Family Leisure,Economy Class,LHR to JFK,2015-09-01,1.0,2.0,2.2,1.0,3.0,2,1.8666666666666665,0.0,Neutral,0.0,1,3,9,275,supposed legacy airline,129
"""staff amiable and present""",Boeing 767,Couple Leisure,Economy Class,Calgary to London,2015-08-01,5.0,5.0,2.0,2.0,4.0,4,3.6666666666666665,0.0,Neutral,0.0,1,4,4,68,staff amiable and present,140
"""cannot fault the service""",A320,Family Leisure,Economy Class,Amsterdam to London,2015-08-01,5.0,5.0,5.0,3.4,4.0,5,4.566666666666666,0.3089,Positive,0.3089,2,4,9,662,cannot fault the service,26
British Airways customer review,A320,Solo Leisure,Economy Class,MXP to LHR,2015-08-01,5.0,5.0,5.0,4.0,5.0,5,4.833333333333333,0.0,Neutral,0.0,1,4,4,662,british airways customer review,26
British Airways customer review,Boeing 777,Couple Leisure,Business Class,Toronto to London Heathrow,2015-07-01,3.0,2.0,2.0,2.0,3.0,2,2.3333333333333335,0.0,Neutral,0.0,1,4,3,452,british airways customer review,145
British Airways customer review,A320,Solo Leisure,Economy Class,Lyon to London Heathrow,2015-07-01,2.0,1.0,2.0,2.0,1.0,3,1.8333333333333333,0.0,Neutral,0.0,1,4,1,662,british airways customer review,26
British Airways customer review,A320,Family Leisure,Economy Class,Gatwick to Marrakech,2015-08-01,4.0,2.0,3.0,3.4,5.0,5,3.733333333333333,0.0,Neutral,0.0,1,4,3,662,british airways customer review,26
British Airways customer review,A380,Family Leisure,Economy Class,Miami to London Heathrow,2015-08-01,4.0,5.0,4.0,1.0,1.0,2,2.8333333333333335,0.0,Neutral,0.0,1,4,7,302,british airways customer review,81
British Airways customer review,A319,Business,Economy Class,London to Geneva,2015-06-01,2.0,4.0,3.0,3.4,3.0,3,3.0666666666666664,0.0,Neutral,0.0,1,4,4,196,british airways customer review,10
British Airways customer review,Boeing 747-400,Business,Economy Class,LHR to PHX,2015-08-01,1.0,2.0,1.0,1.0,3.0,1,1.5,0.0,Neutral,0.0,1,4,3,275,british airways customer review,129
British Airways customer review,Boeing 747,Family Leisure,Economy Class,Manchester to Boston via Heathrow,2015-08-01,1.0,4.0,1.0,1.0,1.0,1,1.5,0.0,Neutral,0.0,1,4,1,135,british airways customer review,117
British Airways customer review,Boeing 767,Business,Business Class,LCA to LHR,2015-08-01,3.0,5.0,4.0,2.6,4.0,4,3.766666666666667,0.0,Neutral,0.0,1,4,4,68,british airways customer review,140
British Airways customer review,A319,Business,Economy Class,Heathrow to Aberdeen,2015-08-01,2.0,2.0,2.0,2.0,1.0,1,1.6666666666666667,0.0,Neutral,0.0,1,4,1,196,british airways customer review,10
British Airways customer review,Boeing 777-300,Couple Leisure,Business Class,London to Kuala lumpur,2015-08-01,3.0,2.0,2.0,1.0,2.0,3,2.1666666666666665,0.0,Neutral,0.0,1,4,1,54,british airways customer review,167
British Airways customer review,A380,Solo Leisure,Business Class,London to Berlin,2015-08-01,3.0,4.0,3.0,3.0,4.0,2,3.1666666666666665,0.0,Neutral,0.0,1,4,3,302,british airways customer review,81
British Airways customer review,Boeing 747-400,Family Leisure,Economy Class,Denver to Heathrow,2015-08-01,3.0,1.0,3.0,1.0,5.0,3,2.6666666666666665,0.0,Neutral,0.0,1,4,2,275,british airways customer review,129
British Airways customer review,A321,Couple Leisure,Business Class,LHR to CPH,2015-08-01,4.0,3.0,3.0,3.4,3.0,4,3.4,0.0,Neutral,0.0,1,4,3,126,british airways customer review,59
British Airways customer review,A319/A320,Solo Leisure,Economy Class,GLA to PRG via LHR,2015-08-01,4.0,3.0,3.0,3.4,5.0,5,3.9,0.0,Neutral,0.0,1,4,1,3,british airways customer review,24
British Airways customer review,Boeing 737-400,Couple Leisure,Economy Class,Gatwick to Genoa,2015-08-01,1.0,2.0,1.0,1.4,3.0,1,1.5666666666666667,0.0,Neutral,0.0,1,4,1,1,british airways customer review,114
British Airways customer review,A319,Couple Leisure,Economy Class,London Heathrow to Toulouse,2015-08-01,1.0,4.0,2.0,2.0,4.0,2,2.5,0.0,Neutral,0.0,1,4,2,196,british airways customer review,10
British Airways customer review,A320,Couple Leisure,Economy Class,London to Copenhagen,2015-08-01,2.0,2.0,2.0,1.0,1.0,1,1.5,0.0,Neutral,0.0,1,4,3,662,british airways customer review,26
British Airways customer review,A319,Couple Leisure,Economy Class,LHR to DUB,2015-08-01,5.0,5.0,5.0,3.4,5.0,5,4.733333333333333,0.0,Neutral,0.0,1,4,5,196,british airways customer review,10
British Airways customer review,A320,Solo Leisure,Economy Class,Berlin to London Heathrow,2015-08-01,3.0,1.0,2.0,2.0,1.0,2,1.8333333333333333,0.0,Neutral,0.0,1,4,2,662,british airways customer review,26
British Airways customer review,A380,Business,First Class,LHR to IAD,2015-08-01,4.0,5.0,4.0,4.0,3.0,5,4.166666666666667,0.0,Neutral,0.0,1,4,6,302,british airways customer review,81
British Airways customer review,Boeing 777-236,Business,Business Class,DOH to LHR via BAH,2015-08-01,4.0,4.0,2.0,3.0,1.0,3,2.8333333333333335,0.0,Neutral,0.0,1,4,3,1,british airways customer review,164
British Airways customer review,Boeing 747-400,Family Leisure,Economy Class,LHR to CPT,2015-08-01,3.0,4.0,4.0,4.0,5.0,4,4.0,0.0,Neutral,0.0,1,4,9,275,british airways customer review,129
British Airways customer review,Boeing 777,Couple Leisure,Economy Class,St Lucia to Gatwick,2015-08-01,1.0,2.0,2.0,2.0,3.0,1,1.8333333333333333,0.0,Neutral,0.0,1,4,5,452,british airways customer review,145
British Airways customer review,A319,Solo Leisure,Business Class,Bari to London Gatwick,2015-08-01,4.0,5.0,5.0,3.4,3.0,4,4.066666666666666,0.0,Neutral,0.0,1,4,2,196,british airways customer review,10
British Airways customer review,Boeing 777,Family Leisure,Economy Class,London to Toronto,2015-08-01,5.0,5.0,4.0,4.0,5.0,5,4.666666666666667,0.0,Neutral,0.0,1,4,10,452,british airways customer review,145
British Airways customer review,A319,Couple Leisure,Economy Class,London Heathrow to Düsseldorf,2015-08-01,4.0,4.0,3.0,3.4,4.0,4,3.733333333333333,0.0,Neutral,0.0,1,4,2,196,british airways customer review,10
British Airways customer review,A380,Family Leisure,Business Class,London to Jeddah,2015-08-01,4.0,1.0,2.0,3.0,1.0,1,2.0,0.0,Neutral,0.0,1,4,2,302,british airways customer review,81
British Airways customer review,A380,Family Leisure,Business Class,London to Jeddah,2015-08-01,4.0,1.0,2.0,3.0,1.0,1,2.0,0.0,Neutral,0.0,1,4,2,302,british airways customer review,81
British Airways customer review,A320,Family Leisure,Business Class,LHR to BCN,2015-08-01,5.0,5.0,5.0,3.4,5.0,5,4.733333333333333,0.0,Neutral,0.0,1,4,3,662,british airways customer review,26
British Airways customer review,A380,Business,Business Class,Johannesburg to London Heathrow,2015-08-01,1.0,1.0,2.7091954022988505,2.636533432947329,1.0,1,1.5576214725410298,0.0,Neutral,0.0,1,4,2,302,british airways customer review,81
British Airways customer review,A380,Family Leisure,Economy Class,SFO to LHR,2015-08-01,2.0,1.0,1.0,4.0,3.0,1,2.0,0.0,Neutral,0.0,1,4,6,302,british airways customer review,81
British Airways customer review,A320,Family Leisure,Economy Class,Amsterdam to London Heathrow,2015-08-01,4.0,5.0,5.0,3.4,4.0,5,4.3999999999999995,0.0,Neutral,0.0,1,4,1,662,british airways customer review,26
British Airways customer review,Embraer,Couple Leisure,Economy Class,Edinburgh to London City,2015-08-01,4.0,3.0,4.0,2.6,1.0,3,2.9333333333333336,0.0,Neutral,0.0,1,4,4,18,british airways customer review,200
British Airways customer review,A320,Family Leisure,Business Class,Marseille to London Heathrow,2015-08-01,5.0,5.0,5.0,3.4,5.0,5,4.733333333333333,0.0,Neutral,0.0,1,4,1,662,british airways customer review,26
British Airways customer review,Boeing 777 / A320,Couple Leisure,Business Class,MIA to BRU via LHR,2015-07-01,4.0,5.0,5.0,5.0,5.0,5,4.833333333333333,0.0,Neutral,0.0,1,4,1,5,british airways customer review,150
British Airways customer review,Boeing 777-200,Business,Economy Class,Gatwick to Bridgetown,2015-05-01,3.0,3.0,3.0,3.0,1.0,2,2.5,0.0,Neutral,0.0,1,4,4,171,british airways customer review,157
British Airways customer review,Boeing 747-300,Couple Leisure,Economy Class,RUH to NCL via LHR,2015-08-01,2.0,3.0,2.0,2.0,1.0,1,1.8333333333333333,0.0,Neutral,0.0,1,4,1,2,british airways customer review,128
British Airways customer review,Boeing 777,Couple Leisure,First Class,PHL to TXL via LHR,2015-07-01,2.0,3.0,1.0,2.0,1.0,1,1.6666666666666667,0.0,Neutral,0.0,1,4,1,452,british airways customer review,145
British Airways customer review,A320,Family Leisure,Economy Class,London Gatwick to Rome Fiumicino,2015-08-01,1.0,1.0,2.7091954022988505,2.636533432947329,1.0,1,1.5576214725410298,0.0,Neutral,0.0,1,4,2,662,british airways customer review,26
British Airways customer review,Boeing 747,Family Leisure,Economy Class,Hyderabad to Phoenix via LHR,2015-08-01,1.0,3.0,3.0,1.0,1.0,1,1.6666666666666667,0.0,Neutral,0.0,1,4,1,135,british airways customer review,117
British Airways customer review,Boeing 777,Couple Leisure,Business Class,Washington Dulles to Heathrow,2015-08-01,3.0,5.0,3.0,3.0,3.0,3,3.3333333333333335,0.0,Neutral,0.0,1,4,1,452,british airways customer review,145
British Airways customer review,Boeing 767,Couple Leisure,Business Class,London to Nassau,2015-08-01,1.0,3.0,2.0,3.0,3.0,1,2.1666666666666665,0.0,Neutral,0.0,1,4,1,68,british airways customer review,140
British Airways customer review,Embraer 190,Couple Leisure,Economy Class,Dublin to Vancouver via London Heathrow,2015-08-01,5.0,5.0,4.0,1.0,5.0,4,4.0,0.0,Neutral,0.0,1,4,1,15,british airways customer review,202
British Airways customer review,Boeing 747,Family Leisure,Business Class,LHR to LAS,2015-07-01,5.0,5.0,5.0,5.0,5.0,5,5.0,0.0,Neutral,0.0,1,4,4,135,british airways customer review,117
British Airways customer review,Boeing 747-400,Family Leisure,Economy Class,Boston to London,2015-04-01,5.0,5.0,5.0,5.0,5.0,4,4.833333333333333,0.0,Neutral,0.0,1,4,4,275,british airways customer review,129
British Airways customer review,Boeing 777,Family Leisure,Economy Class,Sydney to London via Singapore,2015-06-01,1.0,1.0,2.0,1.0,1.0,1,1.1666666666666667,0.0,Neutral,0.0,1,4,8,452,british airways customer review,145
British Airways customer review,A320,Business,Business Class,Bologna to Montreal via London,2014-09-01,5.0,5.0,2.0,5.0,4.0,4,4.166666666666667,0.0,Neutral,0.0,1,4,1,662,british airways customer review,26
British Airways customer review,Boeing 777,Solo Leisure,Business Class,London to Sydney via Singapore,2015-07-01,1.0,4.0,2.0,3.0,3.0,2,2.5,0.0,Neutral,0.0,1,4,5,452,british airways customer review,145
British Airways customer review,Boeing 777,Solo Leisure,First Class,Sydney to London via Singapore,2015-06-01,1.0,1.0,2.7091954022988505,2.636533432947329,1.0,1,1.5576214725410298,0.0,Neutral,0.0,1,4,8,452,british airways customer review,145
British Airways customer review,A319,Solo Leisure,Economy Class,Glasgow to London Gatwick,2015-08-01,4.0,5.0,4.0,2.6,5.0,5,4.266666666666667,0.0,Neutral,0.0,1,4,1,196,british airways customer review,10
British Airways customer review,Boeing 767,Couple Leisure,Business Class,LHR to IST,2015-08-01,4.0,5.0,5.0,4.0,5.0,5,4.666666666666667,0.0,Neutral,0.0,1,4,7,68,british airways customer review,140
British Airways customer review,A319/A321,Solo Leisure,Economy Class,GLA to DME via LGW / LHR,2015-07-01,4.0,3.0,2.0,2.0,2.0,5,3.0,0.0,Neutral,0.0,1,4,1,4,british airways customer review,25
British Airways customer review,Boeing 747-400 / A321,Solo Leisure,Economy Class,DME to GLA via LHR,2015-08-01,4.0,3.0,5.0,3.0,3.0,5,3.8333333333333335,0.0,Neutral,0.0,1,4,1,1,british airways customer review,135
British Airways customer review,A321,Family Leisure,Economy Class,London to Orlando via Miami,2015-08-01,3.0,2.0,4.0,4.0,2.0,3,3.0,0.0,Neutral,0.0,1,4,1,126,british airways customer review,59
British Airways customer review,Boeing 747-400,Business,Business Class,Beijing to London Heathrow,2015-08-01,2.0,2.0,2.0,3.0,2.0,1,2.0,0.0,Neutral,0.0,1,4,2,275,british airways customer review,129
British Airways customer review,Boeing 767,Solo Leisure,Economy Class,London to Larnaca,2015-08-01,4.0,4.0,4.0,2.0,4.0,3,3.5,0.0,Neutral,0.0,1,4,7,68,british airways customer review,140
British Airways customer review,A320,Solo Leisure,Economy Class,London to Pisa,2015-08-01,1.0,1.0,1.0,1.4,1.0,2,1.2333333333333334,0.0,Neutral,0.0,1,4,5,662,british airways customer review,26
British Airways customer review,A319,Solo Leisure,Economy Class,Dublin to LHR,2015-08-01,4.0,5.0,4.0,3.0,4.0,4,4.0,0.0,Neutral,0.0,1,4,1,196,british airways customer review,10
British Airways customer review,A320,Solo Leisure,Economy Class,Lebanon to Calgary,2015-05-01,3.0,2.0,2.7091954022988505,2.636533432947329,3.0,3,2.724288139207696,0.0,Neutral,0.0,1,4,1,662,british airways customer review,26
British Airways customer review,Boeing 777,Couple Leisure,Economy Class,Sydney to Lisbon via LHR,2015-08-01,1.0,1.0,1.0,2.0,1.0,1,1.1666666666666667,0.0,Neutral,0.0,1,4,1,452,british airways customer review,145
British Airways customer review,Boeing 747-400,Business,Economy Class,LHR to DXB,2015-07-01,1.0,2.0,2.0,1.0,2.0,1,1.5,0.0,Neutral,0.0,1,4,8,275,british airways customer review,129
British Airways customer review,Boeing 747 400,Couple Leisure,Economy Class,Cape Town to London,2015-06-01,2.0,3.0,2.0,3.0,3.0,3,2.6666666666666665,0.0,Neutral,0.0,1,4,14,10,british airways customer review,123
British Airways customer review,Boeing 747 400,Couple Leisure,Economy Class,London to Cape Town,2015-07-01,2.0,4.0,3.0,2.0,3.0,3,2.8333333333333335,0.0,Neutral,0.0,1,4,15,10,british airways customer review,123
British Airways customer review,Boeing 777,Business,First Class,Chicago to London,2015-08-01,2.0,4.0,2.7091954022988505,2.636533432947329,1.0,1,2.2242881392076965,0.0,Neutral,0.0,1,4,6,452,british airways customer review,145
British Airways customer review,Boeing 777,Family Leisure,Economy Class,Washington Dulles to LHR,2015-08-01,1.0,2.0,1.0,1.0,2.0,1,1.3333333333333333,0.0,Neutral,0.0,1,4,1,452,british airways customer review,145
British Airways customer review,A319,Solo Leisure,Business Class,LHR to ZRH,2015-06-01,1.0,3.0,2.0,1.0,3.0,1,1.8333333333333333,0.0,Neutral,0.0,1,4,4,196,british airways customer review,10
British Airways customer review,Boeing 777,Business,Business Class,Tokyo Narita to London,2015-07-01,2.0,1.0,1.0,3.0,2.0,2,1.8333333333333333,0.0,Neutral,0.0,1,4,1,452,british airways customer review,145
British Airways customer review,A380,Family Leisure,Premium Economy,Manchester to San Fran via London,2015-07-01,3.0,5.0,3.0,3.0,4.0,1,3.1666666666666665,0.0,Neutral,0.0,1,4,1,302,british airways customer review,81
British Airways customer review,Boeing 777,Couple Leisure,Premium Economy,Los Angeles to Milan via LHR,2015-07-01,2.0,5.0,4.0,4.0,5.0,3,3.8333333333333335,0.0,Neutral,0.0,1,4,1,452,british airways customer review,145
British Airways customer review,A320,Business,Economy Class,London to Vienna,2015-07-01,3.0,1.0,1.0,1.0,4.0,2,2.0,0.0,Neutral,0.0,1,4,6,662,british airways customer review,26
British Airways customer review,Boeing 777-300,Couple Leisure,Economy Class,London to Sydney via Singapore,2015-07-01,1.0,4.0,4.0,3.0,2.0,1,2.5,0.0,Neutral,0.0,1,4,5,54,british airways customer review,167
British Airways customer review,A319 / A320,Business,Economy Class,Heathrow to Vienna,2015-07-01,4.0,2.0,2.0,2.0,3.0,2,2.5,0.0,Neutral,0.0,1,4,1,4,british airways customer review,11
British Airways customer review,Boeing 747-400,Business,Business Class,Cape Town to London,2015-07-01,2.0,1.0,2.0,2.0,5.0,1,2.1666666666666665,0.0,Neutral,0.0,1,4,14,275,british airways customer review,129
British Airways customer review,Boeing 787-8,Family Leisure,Premium Economy,Seoul to London,2015-07-01,2.0,1.0,2.0,2.0,2.0,3,2.0,0.0,Neutral,0.0,1,4,3,16,british airways customer review,178
British Airways customer review,Boeing 747 and A320,Family Leisure,Economy Class,San Francisco to Zurich via LHR,2015-07-01,4.0,3.0,3.0,4.0,4.0,4,3.6666666666666665,0.0,Neutral,0.0,1,4,1,1,british airways customer review,124
British Airways customer review,Boeing 747-400,Solo Leisure,First Class,Vancouver to Heathrow,2015-06-01,4.0,1.0,3.0,1.0,2.0,1,2.0,0.0,Neutral,0.0,1,4,1,275,british airways customer review,129
British Airways customer review,Boeing 747,Business,First Class,New York to Dublin via Heathrow,2015-07-01,2.0,3.0,2.0,1.0,1.0,1,1.6666666666666667,0.0,Neutral,0.0,1,4,1,135,british airways customer review,117
British Airways customer review,A321,Business,Economy Class,MAN-LHR,2015-07-01,4.0,5.0,5.0,3.4,4.0,5,4.3999999999999995,0.0,Neutral,0.0,1,4,1,126,british airways customer review,59
British Airways customer review,Boeing 777,Business,Business Class,London Heathrow to Tokyo,2015-07-01,1.0,2.0,4.0,4.0,3.0,4,3.0,0.0,Neutral,0.0,1,4,2,452,british airways customer review,145
British Airways customer review,A320,Couple Leisure,Economy Class,London to Entebbe,2015-07-01,1.0,1.0,2.7091954022988505,2.636533432947329,1.0,1,1.5576214725410298,0.0,Neutral,0.0,1,4,1,662,british airways customer review,26
British Airways customer review,Boeing 767,Business,Business Class,Istambul to London Heathrow,2015-07-01,5.0,5.0,5.0,3.0,5.0,5,4.666666666666667,0.0,Neutral,0.0,1,4,1,68,british airways customer review,140
British Airways customer review,Boeing 767,Business,Business Class,London Heathrow to Istanbul,2015-07-01,5.0,5.0,5.0,3.0,5.0,5,4.666666666666667,0.0,Neutral,0.0,1,4,3,68,british airways customer review,140
British Airways customer review,A318,Business,Business Class,London to Faro,2015-07-01,1.0,1.0,2.0,1.0,2.0,1,1.3333333333333333,0.0,Neutral,0.0,1,4,2,6,british airways customer review,9
British Airways customer review,Boeing 777,Couple Leisure,Business Class,Verona to LGW,2015-07-01,1.0,4.0,2.0,2.0,2.0,1,2.0,0.0,Neutral,0.0,1,4,1,452,british airways customer review,145
British Airways customer review,A319,Solo Leisure,Economy Class,Bari to Gatwick,2015-07-01,4.0,1.0,4.0,2.6,3.0,3,2.9333333333333336,0.0,Neutral,0.0,1,4,2,196,british airways customer review,10
British Airways customer review,Boeing 777,Couple Leisure,Business Class,Orlando to London,2015-05-01,5.0,5.0,4.0,4.0,5.0,5,4.666666666666667,0.0,Neutral,0.0,1,4,5,452,british airways customer review,145
British Airways customer review,A319,Business,Economy Class,London to Newcastle,2015-07-01,1.0,3.0,2.0,2.0,4.0,2,2.3333333333333335,0.0,Neutral,0.0,1,4,1,196,british airways customer review,10
British Airways customer review,Boeing 747-400,Solo Leisure,Economy Class,London Gatwick to Tampa International,2015-07-01,1.0,3.0,2.0,4.0,1.0,1,2.0,0.0,Neutral,0.0,1,4,1,275,british airways customer review,129
British Airways customer review,Boeing 777-200,Couple Leisure,Economy Class,LHR-BOM,2015-07-01,4.0,1.0,1.0,5.0,3.0,3,2.8333333333333335,0.0,Neutral,0.0,1,4,1,171,british airways customer review,157
British Airways customer review,Boeing 777-300,Solo Leisure,Economy Class,London to Singapire,2015-07-01,2.0,3.0,3.0,4.0,4.0,4,3.3333333333333335,0.0,Neutral,0.0,1,4,1,54,british airways customer review,167
British Airways customer review,Boeing 777-200,Family Leisure,Economy Class,London to Kuala Lumpur,2015-07-01,4.0,4.0,4.0,3.0,4.0,4,3.8333333333333335,0.0,Neutral,0.0,1,4,5,171,british airways customer review,157
British Airways customer review,Boeing 777-200,Solo Leisure,Economy Class,ATL to LHR,2015-07-01,4.0,2.0,3.0,4.0,3.0,3,3.1666666666666665,0.0,Neutral,0.0,1,4,4,171,british airways customer review,157
British Airways customer review,Boeing 767/Airbus A320,Solo Leisure,Premium Economy,London Heathrow to Athens,2015-07-01,4.0,2.0,4.0,3.0,3.0,3,3.1666666666666665,0.0,Neutral,0.0,1,4,2,1,british airways customer review,144
British Airways customer review,Boeing 777,Couple Leisure,Business Class,Orlando to London,2015-05-01,5.0,5.0,4.0,4.0,5.0,5,4.666666666666667,0.0,Neutral,0.0,1,4,5,452,british airways customer review,145
British Airways customer review,Boeing 777,Business,Business Class,Singapore to Sydney,2015-07-01,2.0,1.0,1.0,2.0,3.0,2,1.8333333333333333,0.0,Neutral,0.0,1,4,6,452,british airways customer review,145
British Airways customer review,A380,Couple Leisure,First Class,LHR to IAD,2015-07-01,4.0,5.0,3.0,4.0,4.0,2,3.6666666666666665,0.0,Neutral,0.0,1,4,6,302,british airways customer review,81
British Airways customer review,Boeing 777-200,Couple Leisure,Business Class,LHR to KUL,2015-07-01,4.0,5.0,3.0,4.0,4.0,5,4.166666666666667,0.0,Neutral,0.0,1,4,7,171,british airways customer review,157
British Airways customer review,Boeing 747-400,Solo Leisure,Economy Class,London Heathrow to Bangkok,2015-07-01,1.0,2.0,3.0,1.0,1.0,1,1.5,0.0,Neutral,0.0,1,4,8,275,british airways customer review,129
British Airways customer review,A319,Couple Leisure,Economy Class,LHR to NCL,2015-07-01,2.0,3.0,3.0,3.4,4.0,3,3.0666666666666664,0.0,Neutral,0.0,1,4,3,196,british airways customer review,10
British Airways customer review,Boeing 747-400,Solo Leisure,Business Class,London Heathrow to Chicago O'Hare,2015-06-01,5.0,5.0,5.0,3.0,5.0,5,4.666666666666667,0.0,Neutral,0.0,1,4,1,275,british airways customer review,129
British Airways customer review,Boeing 747-400,Solo Leisure,First Class,ORD to LHR,2015-07-01,5.0,5.0,5.0,3.0,5.0,5,4.666666666666667,0.0,Neutral,0.0,1,4,3,275,british airways customer review,129
British Airways customer review,Boeing 747,Solo Leisure,Business Class,Vancouver Canada to London,2015-07-01,2.0,3.0,1.0,1.0,3.0,2,2.0,0.0,Neutral,0.0,1,4,1,135,british airways customer review,117
British Airways customer review,A321 / Boeing 747-400,Solo Leisure,Economy Class,CAI to JFK via LHR,2014-09-01,1.0,5.0,3.0,4.0,5.0,2,3.3333333333333335,0.0,Neutral,0.0,1,4,1,2,british airways customer review,60
British Airways customer review,Boeing 747- 400,Family Leisure,Economy Class,LHR to JNB,2015-06-01,3.0,5.0,4.0,3.0,4.0,5,4.0,0.0,Neutral,0.0,1,4,8,3,british airways customer review,127
British Airways customer review,A321,Business,Economy Class,Heathrow to Brussels,2015-07-01,3.0,3.0,4.0,2.6,1.0,2,2.6,0.0,Neutral,0.0,1,4,1,126,british airways customer review,59
British Airways customer review,A320,Solo Leisure,Business Class,Tel Aviv to London LHR,2014-12-01,5.0,5.0,5.0,4.0,5.0,4,4.666666666666667,0.0,Neutral,0.0,1,4,1,662,british airways customer review,26
British Airways customer review,A380,Couple Leisure,Economy Class,LHR to LAX,2015-05-01,4.0,5.0,4.0,5.0,5.0,3,4.333333333333333,0.0,Neutral,0.0,1,4,7,302,british airways customer review,81
British Airways customer review,Boeing 747-400,Business,Business Class,London to Singapore,2015-07-01,1.0,5.0,4.0,1.0,1.0,3,2.5,0.0,Neutral,0.0,1,4,8,275,british airways customer review,129
British Airways customer review,A320,Solo Leisure,Economy Class,LHR to EDI,2015-07-01,2.0,4.0,1.0,1.4,1.0,3,2.066666666666667,0.0,Neutral,0.0,1,4,6,662,british airways customer review,26
British Airways customer review,A319/A320,Couple Leisure,Business Class,Gatwick to Dubrovnik,2015-06-01,4.0,4.0,5.0,3.4,4.0,4,4.066666666666666,0.0,Neutral,0.0,1,4,3,3,british airways customer review,24
British Airways customer review,A321,Family Leisure,Economy Class,LHR to Hamburg,2015-05-01,5.0,5.0,4.0,1.0,4.0,5,4.0,0.0,Neutral,0.0,1,4,1,126,british airways customer review,59
British Airways customer review,A380,Business,Economy Class,Shanghai to London Heathrow,2015-06-01,1.0,1.0,1.0,3.0,1.0,1,1.3333333333333333,0.0,Neutral,0.0,1,4,1,302,british airways customer review,81
British Airways customer review,A320,Family Leisure,Business Class,Helsinki to London,2015-06-01,1.0,5.0,5.0,3.4,5.0,4,3.9,0.0,Neutral,0.0,1,4,1,662,british airways customer review,26
British Airways customer review,Boeing 747-400,Couple Leisure,Premium Economy,Chicago to Paris via London,2015-05-01,4.0,5.0,4.0,5.0,3.0,4,4.166666666666667,0.0,Neutral,0.0,1,4,1,275,british airways customer review,129
British Airways customer review,Boeing 767,Business,Business Class,Istanbul to London,2015-07-01,1.0,4.0,1.0,1.0,3.0,1,1.8333333333333333,0.0,Neutral,0.0,1,4,10,68,british airways customer review,140
British Airways customer review,Boeing 777,Business,Business Class,Bangkok to London,2015-07-01,2.0,4.0,3.0,2.0,4.0,3,3.0,0.0,Neutral,0.0,1,4,7,452,british airways customer review,145
British Airways customer review,E170,Business,First Class,Dublin to London City,2015-07-01,2.0,1.0,1.0,1.4,2.0,1,1.4000000000000001,0.0,Neutral,0.0,1,4,4,1,british airways customer review,196
British Airways customer review,Boeing 777,Business,Business Class,Sydney to Singapore,2015-06-01,2.0,2.0,2.0,3.0,2.0,2,2.1666666666666665,0.0,Neutral,0.0,1,4,4,452,british airways customer review,145
British Airways customer review,Boeing 767,Business,Business Class,London to Istanbul,2015-07-01,1.0,3.0,2.0,2.0,1.0,1,1.6666666666666667,0.0,Neutral,0.0,1,4,10,68,british airways customer review,140
British Airways customer review,Boeing 747-400,Business,Business Class,Singapore to London,2015-07-01,1.0,3.0,2.0,2.0,2.0,2,2.0,0.0,Neutral,0.0,1,4,12,275,british airways customer review,129
British Airways customer review,A320,Family Leisure,Economy Class,London Gatwick to Orlando MCO,2015-06-01,3.0,2.0,1.0,5.0,1.0,1,2.1666666666666665,0.0,Neutral,0.0,1,4,1,662,british airways customer review,26
British Airways customer review,A318,Solo Leisure,Business Class,LCY to JFK via Shannon,2014-08-01,5.0,5.0,5.0,5.0,5.0,3,4.666666666666667,0.0,Neutral,0.0,1,4,1,6,british airways customer review,9
British Airways customer review,Boeing 777-200,Business,Economy Class,London Heathrow to Dubai,2015-06-01,1.0,1.0,1.0,1.0,2.0,1,1.1666666666666667,0.0,Neutral,0.0,1,4,8,171,british airways customer review,157
British Airways customer review,Boeing 777,Family Leisure,Economy Class,Gatwick to Orlando,2015-06-01,1.0,2.0,1.0,1.0,1.0,2,1.3333333333333333,0.0,Neutral,0.0,1,4,6,452,british airways customer review,145
British Airways customer review,A320,Solo Leisure,Economy Class,Heathrow to Warsaw,2015-07-01,3.0,5.0,4.0,2.6,5.0,5,4.1000000000000005,0.0,Neutral,0.0,1,4,1,662,british airways customer review,26
British Airways customer review,A380,Family Leisure,Economy Class,JFK to TAV via LHR,2015-07-01,2.0,1.0,2.0,2.0,3.0,2,2.0,0.0,Neutral,0.0,1,4,1,302,british airways customer review,81
British Airways customer review,A321 neo,Family Leisure,Economy Class,Toronto to Rome via London,2015-07-01,2.0,3.0,1.0,2.0,1.0,1,1.6666666666666667,0.0,Neutral,0.0,1,4,1,11,british airways customer review,66
British Airways customer review,Boeing 767,Family Leisure,Economy Class,Rotterdam to London,2015-06-01,1.0,1.0,2.7091954022988505,2.636533432947329,3.0,1,1.8909548058743633,0.0,Neutral,0.0,1,4,1,68,british airways customer review,140
British Airways customer review,B777-300 / A319,Solo Leisure,Economy Class,Chicago to Berlin via London Heathrow,2015-06-01,1.0,2.0,1.0,3.0,1.0,1,1.5,0.0,Neutral,0.0,1,4,1,2,british airways customer review,109
British Airways customer review,Boeing 747-400,Solo Leisure,Business Class,LHR to JFK,2015-07-01,3.0,3.0,4.0,2.0,4.0,4,3.3333333333333335,0.0,Neutral,0.0,1,4,9,275,british airways customer review,129
British Airways customer review,A320,Couple Leisure,Economy Class,Heathrow to Ibiza,2015-06-01,4.0,3.0,1.0,1.4,1.0,1,1.9000000000000001,0.0,Neutral,0.0,1,4,1,662,british airways customer review,26
British Airways customer review,A380,Solo Leisure,Economy Class,London to Los Angesles,2015-06-01,4.0,5.0,3.0,5.0,4.0,5,4.333333333333333,0.0,Neutral,0.0,1,4,1,302,british airways customer review,81
British Airways customer review,Boeing 777-200,Family Leisure,Economy Class,YUL to FCO via LHR,2014-10-01,4.0,4.0,3.0,3.0,4.0,5,3.8333333333333335,0.0,Neutral,0.0,1,4,2,171,british airways customer review,157
British Airways customer review,Boeing 747 400,Couple Leisure,Premium Economy,Washington DC to Heathrow,2015-06-01,3.0,2.0,2.0,3.0,3.0,1,2.3333333333333335,0.0,Neutral,0.0,1,4,1,10,british airways customer review,123
British Airways customer review,A320 / Boeing 777-300,Solo Leisure,Economy Class,Berlin to Chicago via LHR,2015-06-01,1.0,3.0,2.0,3.0,1.0,1,1.8333333333333333,0.0,Neutral,0.0,1,4,1,2,british airways customer review,32
British Airways customer review,A319,Couple Leisure,Economy Class,Vienna to London,2014-11-01,2.0,1.0,1.0,1.4,2.0,2,1.5666666666666667,0.0,Neutral,0.0,1,4,4,196,british airways customer review,10
British Airways customer review,A320,Couple Leisure,Economy Class,London to Vienna,2014-11-01,2.0,3.0,3.0,3.4,3.0,2,2.733333333333333,0.0,Neutral,0.0,1,4,6,662,british airways customer review,26
British Airways customer review,A321 and B767,Solo Leisure,Business Class,LHR to FCO,2015-06-01,4.0,5.0,5.0,3.4,4.0,4,4.233333333333333,0.0,Neutral,0.0,1,4,2,1,british airways customer review,65
British Airways customer review,Boeing 767,Couple Leisure,Business Class,LHR to Grand Cayman via Nassau,2015-06-01,2.0,5.0,2.0,2.0,2.0,2,2.5,0.0,Neutral,0.0,1,4,1,68,british airways customer review,140
British Airways customer review,A320,Couple Leisure,Business Class,Santorini to LHR,2015-06-01,3.0,4.0,5.0,3.4,1.0,4,3.4,0.0,Neutral,0.0,1,4,1,662,british airways customer review,26
British Airways customer review,A319,Solo Leisure,Economy Class,London Gatwick to Glasgow,2015-06-01,5.0,5.0,3.0,3.4,5.0,4,4.233333333333333,0.0,Neutral,0.0,1,4,2,196,british airways customer review,10
British Airways customer review,Airbus A380,Couple Leisure,Business Class,London to Johannesburg,2015-05-01,3.0,2.0,2.0,4.0,3.0,2,2.6666666666666665,0.0,Neutral,0.0,1,4,21,1,british airways customer review,98
British Airways customer review,Boeing 737,Couple Leisure,Economy Class,Naples to London Gatwick,2015-06-01,3.0,4.0,3.0,3.4,1.0,1,2.566666666666667,0.0,Neutral,0.0,1,4,1,9,british airways customer review,112
British Airways customer review,A320,Business,Business Class,Geneva to London,2015-05-01,2.0,5.0,4.0,4.0,4.0,4,3.8333333333333335,0.0,Neutral,0.0,1,4,6,662,british airways customer review,26
British Airways customer review,B747-400 / A319,Solo Leisure,Economy Class,Vancouver to Berlin via London,2015-04-01,1.0,4.0,3.0,3.0,4.0,2,2.8333333333333335,0.0,Neutral,0.0,1,4,1,1,british airways customer review,104
British Airways customer review,Boeing 787,Business,Business Class,LHR to LUX,2015-06-01,3.0,5.0,5.0,3.4,4.0,4,4.066666666666666,0.0,Neutral,0.0,1,4,1,97,british airways customer review,172
British Airways customer review,A320,Solo Leisure,First Class,LHR to NCL,2015-06-01,3.0,3.0,3.0,3.4,1.0,3,2.733333333333333,0.0,Neutral,0.0,1,4,3,662,british airways customer review,26
British Airways customer review,A320,Couple Leisure,Business Class,LHR to Santorini,2015-06-01,2.0,4.0,5.0,3.4,4.0,4,3.733333333333333,0.0,Neutral,0.0,1,4,1,662,british airways customer review,26
British Airways customer review,B747 400,Solo Leisure,First Class,LHR to MIA,2015-06-01,4.0,5.0,5.0,4.0,5.0,5,4.666666666666667,0.0,Neutral,0.0,1,4,13,1,british airways customer review,102
British Airways customer review,777-200,Couple Leisure,Economy Class,Bangkok to Heathrow,2015-05-01,1.0,1.0,1.0,1.0,1.0,1,1.0,0.0,Neutral,0.0,1,4,1,2,british airways customer review,2
British Airways customer review,777,Business,Business Class,Buenos Aires to Heathrow,2014-07-01,5.0,5.0,4.0,5.0,4.0,3,4.333333333333333,0.0,Neutral,0.0,1,4,1,3,british airways customer review,1
British Airways customer review,Boeing 777,Couple Leisure,Business Class,LHR to BKK,2015-06-01,3.0,5.0,4.0,3.0,4.0,3,3.6666666666666665,0.0,Neutral,0.0,1,4,10,452,british airways customer review,145
British Airways customer review,A320,Solo Leisure,Economy Class,LHR to Milan Malpensa,2015-06-01,4.0,5.0,4.0,2.6,4.0,4,3.9333333333333336,0.0,Neutral,0.0,1,4,1,662,british airways customer review,26
British Airways customer review,boeing 787,Solo Leisure,Business Class,Seoul to London,2015-06-01,4.0,3.0,3.0,4.0,3.0,3,3.3333333333333335,0.0,Neutral,0.0,1,4,3,1,british airways customer review,210
British Airways customer review,Boeing 747,Couple Leisure,Economy Class,London to Turkey,2015-06-01,5.0,5.0,5.0,3.4,5.0,5,4.733333333333333,0.0,Neutral,0.0,1,4,1,135,british airways customer review,117
British Airways customer review,Boeing 757,Solo Leisure,Economy Class,Abu Dhabi to Muscat,2015-06-01,5.0,5.0,3.0,3.4,4.0,5,4.233333333333333,0.0,Neutral,0.0,1,4,1,2,british airways customer review,139
British Airways customer review,B747-400,Solo Leisure,Economy Class,LHR to YYZ,2015-05-01,3.0,4.0,4.0,4.0,4.0,4,3.8333333333333335,0.0,Neutral,0.0,1,4,6,2,british airways customer review,103
British Airways customer review,A320,Couple Leisure,Economy Class,LGW to VCE,2015-06-01,3.0,5.0,3.0,3.4,4.0,4,3.733333333333333,0.0,Neutral,0.0,1,4,1,662,british airways customer review,26
British Airways customer review,A321,Business,Business Class,LHR to SOF,2015-05-01,1.0,3.0,2.0,1.0,3.0,1,1.8333333333333333,0.0,Neutral,0.0,1,4,1,126,british airways customer review,59
British Airways customer review,B747,Solo Leisure,Economy Class,LHR-DEN,2015-05-01,3.0,5.0,4.0,2.0,2.755620723362659,4,3.4592701205604435,0.0,Neutral,0.0,1,4,1,1,british airways customer review,101
British Airways customer review,777-300,Solo Leisure,Business Class,ORD-LHR,2015-06-01,4.0,5.0,2.0,4.0,2.755620723362659,5,3.792603453893777,0.0,Neutral,0.0,1,4,1,1,british airways customer review,3
British Airways customer review,A321,Solo Leisure,Economy Class,LHR-GLA,2015-06-01,4.0,5.0,3.0,3.4,2.755620723362659,4,3.6926034538937764,0.0,Neutral,0.0,1,4,1,126,british airways customer review,59
British Airways customer review,A321,Solo Leisure,Economy Class,GLA-LHR,2015-05-01,4.0,5.0,4.0,2.6,2.755620723362659,4,3.7259367872271096,0.0,Neutral,0.0,1,4,1,126,british airways customer review,59
